rank	slug	city	region	district_style	art_kit	landmark	architecture_signature	novel_gameplay_detail	all_city_layers
1	new_york_ny	New York	Northeast Relay	Northeast Relay power-grid substation	Coastal Port	New York Signal Spire	Coastal Port with three-cell power dais around New York Signal Spire, signature 001	Power-cell puzzle 1: three visible cells feed one returned total.	landmark;art_kit;major_signature;landscape;street_life;objective_route;composition;character_court;safehouse;physics_yard;mission_diorama;account_assets;first_minute;bespoke_survival_horror;authored_asset_refinement;production_completion
2	los_angeles_ca	Los Angeles	Western Corridor	Western Corridor security checkpoint	Coastal Port	Los Angeles Rescue Arch	Coastal Port with dual-gate checkpoint around Los Angeles Rescue Arch, signature 002	Truth-table gate 2: compare four safety states before opening the survivor route.	landmark;art_kit;major_signature;landscape;street_life;objective_route;composition;character_court;safehouse;physics_yard;mission_diorama;account_assets;first_minute;bespoke_survival_horror;authored_asset_refinement;production_completion
3	chicago_il	Chicago	Midwest Grid	Midwest Grid power-grid substation	Great Lakes Industrial	Chicago Data Beacon	Great Lakes Industrial with three-cell power dais around Chicago Data Beacon, signature 003	Power-cell puzzle 3: three visible cells feed one returned total.	landmark;art_kit;major_signature;landscape;street_life;objective_route;composition;character_court;safehouse;physics_yard;mission_diorama;account_assets;first_minute;bespoke_survival_horror;authored_asset_refinement;production_completion
4	houston_tx	Houston	Southern Evac Line	Southern Evac Line radio tower district	Desert Solar Grid	Houston Command Obelisk	Desert Solar Grid with backward radio mast around Houston Command Obelisk, signature 004	Radio rewind mast 4: visual packets run backward from tower to terminal.	landmark;art_kit;major_signature;landscape;street_life;objective_route;composition;character_court;safehouse;physics_yard;mission_diorama;account_assets;first_minute;bespoke_survival_horror;authored_asset_refinement;production_completion
5	phoenix_az	Phoenix	Western Corridor	Western Corridor power-grid substation	Desert Solar Grid	Phoenix Relay Bridge	Desert Solar Grid with three-cell power dais around Phoenix Relay Bridge, signature 005	Power-cell puzzle 1: three visible cells feed one returned total.	landmark;art_kit;major_signature;landscape;street_life;objective_route;composition;character_court;safehouse;physics_yard;mission_diorama;account_assets;first_minute;bespoke_survival_horror;authored_asset_refinement;production_completion
6	philadelphia_pa	Philadelphia	Northeast Relay	Northeast Relay security checkpoint	Latin Metro	Philadelphia Power Crown	Latin Metro with dual-gate checkpoint around Philadelphia Power Crown, signature 006	Truth-table gate 2: compare four safety states before opening the survivor route.	landmark;art_kit;major_signature;landscape;street_life;objective_route;composition;character_court;safehouse;physics_yard;mission_diorama;account_assets;first_minute;bespoke_survival_horror;authored_asset_refinement;production_completion
7	san_antonio_tx	San Antonio	Southern Evac Line	Southern Evac Line power-grid substation	Desert Solar Grid	San Antonio Signal Spire	Desert Solar Grid with three-cell power dais around San Antonio Signal Spire, signature 007	Power-cell puzzle 3: three visible cells feed one returned total.	landmark;art_kit;major_signature;landscape;street_life;objective_route;composition;character_court;safehouse;physics_yard;mission_diorama;account_assets;first_minute;bespoke_survival_horror;authored_asset_refinement;production_completion
8	san_diego_ca	San Diego	Western Corridor	Western Corridor radio tower district	Coastal Port	San Diego Rescue Arch	Coastal Port with backward radio mast around San Diego Rescue Arch, signature 008	Radio rewind mast 4: visual packets run backward from tower to terminal.	landmark;art_kit;major_signature;landscape;street_life;objective_route;composition;character_court;safehouse;physics_yard;mission_diorama;account_assets;first_minute;bespoke_survival_horror;authored_asset_refinement;production_completion
9	dallas_tx	Dallas	Southern Evac Line	Southern Evac Line power-grid substation	Desert Solar Grid	Dallas Data Beacon	Desert Solar Grid with three-cell power dais around Dallas Data Beacon, signature 009	Power-cell puzzle 1: three visible cells feed one returned total.	landmark;art_kit;major_signature;landscape;street_life;objective_route;composition;character_court;safehouse;physics_yard;mission_diorama;account_assets;first_minute;bespoke_survival_horror;authored_asset_refinement;production_completion
10	jacksonville_fl	Jacksonville	Southern Evac Line	Southern Evac Line security checkpoint	Coastal Port	Jacksonville Command Obelisk	Coastal Port with dual-gate checkpoint around Jacksonville Command Obelisk, signature 010	Truth-table gate 2: compare four safety states before opening the survivor route.	landmark;art_kit;major_signature;landscape;street_life;objective_route;composition;character_court;safehouse;physics_yard;mission_diorama;account_assets;first_minute;bespoke_survival_horror;authored_asset_refinement;production_completion
11	fort_worth_tx	Fort Worth	Southern Evac Line	Southern Evac Line power-grid substation	Desert Solar Grid	Fort Worth Relay Bridge	Desert Solar Grid with three-cell power dais around Fort Worth Relay Bridge, signature 011	Power-cell puzzle 3: three visible cells feed one returned total.	landmark;art_kit;major_signature;landscape;street_life;objective_route;composition;character_court;safehouse;physics_yard;mission_diorama;account_assets;first_minute;bespoke_survival_horror;authored_asset_refinement;production_completion
12	san_jose_ca	San Jose	Western Corridor	Western Corridor radio tower district	Coastal Port	San Jose Power Crown	Coastal Port with backward radio mast around San Jose Power Crown, signature 012	Radio rewind mast 4: visual packets run backward from tower to terminal.	landmark;art_kit;major_signature;landscape;street_life;objective_route;composition;character_court;safehouse;physics_yard;mission_diorama;account_assets;first_minute;bespoke_survival_horror;authored_asset_refinement;production_completion
13	austin_tx	Austin	Southern Evac Line	Southern Evac Line power-grid substation	Desert Solar Grid	Austin Signal Spire	Desert Solar Grid with three-cell power dais around Austin Signal Spire, signature 013	Power-cell puzzle 1: three visible cells feed one returned total.	landmark;art_kit;major_signature;landscape;street_life;objective_route;composition;character_court;safehouse;physics_yard;mission_diorama;account_assets;first_minute;bespoke_survival_horror;authored_asset_refinement;production_completion
14	charlotte_nc	Charlotte	Southern Evac Line	Southern Evac Line security checkpoint	Coastal Port	Charlotte Rescue Arch	Coastal Port with dual-gate checkpoint around Charlotte Rescue Arch, signature 014	Truth-table gate 2: compare four safety states before opening the survivor route.	landmark;art_kit;major_signature;landscape;street_life;objective_route;composition;character_court;safehouse;physics_yard;mission_diorama;account_assets;first_minute;bespoke_survival_horror;authored_asset_refinement;production_completion
15	columbus_oh	Columbus	Midwest Grid	Midwest Grid power-grid substation	Great Lakes Industrial	Columbus Data Beacon	Great Lakes Industrial with three-cell power dais around Columbus Data Beacon, signature 015	Power-cell puzzle 3: three visible cells feed one returned total.	landmark;art_kit;major_signature;landscape;street_life;objective_route;composition;character_court;safehouse;physics_yard;mission_diorama;account_assets;first_minute;bespoke_survival_horror;authored_asset_refinement;production_completion
16	indianapolis_in	Indianapolis	Midwest Grid	Midwest Grid radio tower district	Monsoon Megacity	Indianapolis Command Obelisk	Monsoon Megacity with backward radio mast around Indianapolis Command Obelisk, signature 016	Radio rewind mast 4: visual packets run backward from tower to terminal.	landmark;art_kit;major_signature;landscape;street_life;objective_route;composition;character_court;safehouse;physics_yard;mission_diorama;account_assets;first_minute;bespoke_survival_horror;authored_asset_refinement;production_completion
17	san_francisco_ca	San Francisco	Western Corridor	Western Corridor power-grid substation	Coastal Port	San Francisco Relay Bridge	Coastal Port with three-cell power dais around San Francisco Relay Bridge, signature 017	Power-cell puzzle 1: three visible cells feed one returned total.	landmark;art_kit;major_signature;landscape;street_life;objective_route;composition;character_court;safehouse;physics_yard;mission_diorama;account_assets;first_minute;bespoke_survival_horror;authored_asset_refinement;production_completion
18	seattle_wa	Seattle	Western Corridor	Western Corridor security checkpoint	Coastal Port	Seattle Power Crown	Coastal Port with dual-gate checkpoint around Seattle Power Crown, signature 018	Truth-table gate 2: compare four safety states before opening the survivor route.	landmark;art_kit;major_signature;landscape;street_life;objective_route;composition;character_court;safehouse;physics_yard;mission_diorama;account_assets;first_minute;bespoke_survival_horror;authored_asset_refinement;production_completion
19	denver_co	Denver	Western Corridor	Western Corridor power-grid substation	Latin Metro	Denver Signal Spire	Latin Metro with three-cell power dais around Denver Signal Spire, signature 019	Power-cell puzzle 3: three visible cells feed one returned total.	landmark;art_kit;major_signature;landscape;street_life;objective_route;composition;character_court;safehouse;physics_yard;mission_diorama;account_assets;first_minute;bespoke_survival_horror;authored_asset_refinement;production_completion
20	oklahoma_city_ok	Oklahoma City	Southern Evac Line	Southern Evac Line radio tower district	Metro Core	Oklahoma City Rescue Arch	Metro Core with backward radio mast around Oklahoma City Rescue Arch, signature 020	Radio rewind mast 4: visual packets run backward from tower to terminal.	landmark;art_kit;major_signature;landscape;street_life;objective_route;composition;character_court;safehouse;physics_yard;mission_diorama;account_assets;first_minute;bespoke_survival_horror;authored_asset_refinement;production_completion
21	nashville_davidson_tn	Nashville-Davidson	Southern Evac Line	Southern Evac Line power-grid substation	African Urban Relay	Nashville-Davidson Data Beacon	African Urban Relay with three-cell power dais around Nashville-Davidson Data Beacon, signature 021	Power-cell puzzle 1: three visible cells feed one returned total.	landmark;art_kit;major_signature;landscape;street_life;objective_route;composition;character_court;safehouse;physics_yard;mission_diorama;account_assets;first_minute;bespoke_survival_horror;authored_asset_refinement;production_completion
22	washington_dc	Washington	Southern Evac Line	Southern Evac Line security checkpoint	Capital Command	Washington Command Obelisk	Capital Command with dual-gate checkpoint around Washington Command Obelisk, signature 022	Truth-table gate 2: compare four safety states before opening the survivor route.	landmark;art_kit;major_signature;landscape;street_life;objective_route;composition;character_court;safehouse;physics_yard;mission_diorama;account_assets;first_minute;bespoke_survival_horror;authored_asset_refinement;production_completion
23	el_paso_tx	El Paso	Southern Evac Line	Southern Evac Line power-grid substation	Desert Solar Grid	El Paso Relay Bridge	Desert Solar Grid with three-cell power dais around El Paso Relay Bridge, signature 023	Power-cell puzzle 3: three visible cells feed one returned total.	landmark;art_kit;major_signature;landscape;street_life;objective_route;composition;character_court;safehouse;physics_yard;mission_diorama;account_assets;first_minute;bespoke_survival_horror;authored_asset_refinement;production_completion
24	las_vegas_nv	Las Vegas	Western Corridor	Western Corridor radio tower district	Desert Solar Grid	Las Vegas Power Crown	Desert Solar Grid with backward radio mast around Las Vegas Power Crown, signature 024	Radio rewind mast 4: visual packets run backward from tower to terminal.	landmark;art_kit;major_signature;landscape;street_life;objective_route;composition;character_court;safehouse;physics_yard;mission_diorama;account_assets;first_minute;bespoke_survival_horror;authored_asset_refinement;production_completion
25	boston_ma	Boston	Northeast Relay	Northeast Relay power-grid substation	African Urban Relay	Boston Signal Spire	African Urban Relay with three-cell power dais around Boston Signal Spire, signature 025	Power-cell puzzle 1: three visible cells feed one returned total.	landmark;art_kit;major_signature;landscape;street_life;objective_route;composition;character_court;safehouse;physics_yard;mission_diorama;account_assets;first_minute;bespoke_survival_horror;authored_asset_refinement;production_completion
26	detroit_mi	Detroit	Midwest Grid	Midwest Grid security checkpoint	Great Lakes Industrial	Detroit Rescue Arch	Great Lakes Industrial with dual-gate checkpoint around Detroit Rescue Arch, signature 026	Truth-table gate 2: compare four safety states before opening the survivor route.	landmark;art_kit;major_signature;landscape;street_life;objective_route;composition;character_court;safehouse;physics_yard;mission_diorama;account_assets;first_minute;bespoke_survival_horror;authored_asset_refinement;production_completion
27	louisville_jefferson_county_ky	Louisville/Jefferson County	Southern Evac Line	Southern Evac Line radio tower district	River Lockworks	Louisville/Jefferson County Data Beacon	River Lockworks with backward radio mast around Louisville/Jefferson County Data Beacon, signature 027	Radio rewind mast 3: visual packets run backward from tower to terminal.	landmark;art_kit;major_signature;landscape;street_life;objective_route;composition;character_court;safehouse;physics_yard;mission_diorama;account_assets;first_minute;bespoke_survival_horror;authored_asset_refinement;production_completion
28	portland_or	Portland	Western Corridor	Western Corridor mirror-code archive	Coastal Port	Portland Command Obelisk	Coastal Port with mirrored plaza around Portland Command Obelisk, signature 028	Mirror-code walk 4: paired light posts teach left/right character comparisons.	landmark;art_kit;major_signature;landscape;street_life;objective_route;composition;character_court;safehouse;physics_yard;mission_diorama;account_assets;first_minute;bespoke_survival_horror;authored_asset_refinement;production_completion
29	memphis_tn	Memphis	Southern Evac Line	Southern Evac Line drone beacon yard	African Urban Relay	Memphis Relay Bridge	African Urban Relay with timed beacon pylons around Memphis Relay Bridge, signature 029	Beacon cycle yard 1: numbered pylons emphasize checking 15 before 3 or 5.	landmark;art_kit;major_signature;landscape;street_life;objective_route;composition;character_court;safehouse;physics_yard;mission_diorama;account_assets;first_minute;bespoke_survival_horror;authored_asset_refinement;production_completion
30	baltimore_md	Baltimore	Southern Evac Line	Southern Evac Line power-grid substation	Coastal Port	Baltimore Power Crown	Coastal Port with three-cell power dais around Baltimore Power Crown, signature 030	Power-cell puzzle 2: three visible cells feed one returned total.	landmark;art_kit;major_signature;landscape;street_life;objective_route;composition;character_court;safehouse;physics_yard;mission_diorama;account_assets;first_minute;bespoke_survival_horror;authored_asset_refinement;production_completion
31	milwaukee_wi	Milwaukee	Midwest Grid	Midwest Grid security checkpoint	Great Lakes Industrial	Milwaukee Signal Spire	Great Lakes Industrial with dual-gate checkpoint around Milwaukee Signal Spire, signature 031	Truth-table gate 3: compare four safety states before opening the survivor route.	landmark;art_kit;major_signature;landscape;street_life;objective_route;composition;character_court;safehouse;physics_yard;mission_diorama;account_assets;first_minute;bespoke_survival_horror;authored_asset_refinement;production_completion
32	albuquerque_nm	Albuquerque	Western Corridor	Western Corridor radio tower district	Desert Solar Grid	Albuquerque Rescue Arch	Desert Solar Grid with backward radio mast around Albuquerque Rescue Arch, signature 032	Radio rewind mast 4: visual packets run backward from tower to terminal.	landmark;art_kit;major_signature;landscape;street_life;objective_route;composition;character_court;safehouse;physics_yard;mission_diorama;account_assets;first_minute;bespoke_survival_horror;authored_asset_refinement;production_completion
33	tucson_az	Tucson	Western Corridor	Western Corridor mirror-code archive	Desert Solar Grid	Tucson Data Beacon	Desert Solar Grid with mirrored plaza around Tucson Data Beacon, signature 033	Mirror-code walk 1: paired light posts teach left/right character comparisons.	landmark;art_kit;major_signature;landscape;street_life;objective_route;composition;character_court;safehouse;physics_yard;mission_diorama;account_assets;first_minute;bespoke_survival_horror;authored_asset_refinement;production_completion
34	fresno_ca	Fresno	Western Corridor	Western Corridor drone beacon yard	Coastal Port	Fresno Command Obelisk	Coastal Port with timed beacon pylons around Fresno Command Obelisk, signature 034	Beacon cycle yard 2: numbered pylons emphasize checking 15 before 3 or 5.	landmark;art_kit;major_signature;landscape;street_life;objective_route;composition;character_court;safehouse;physics_yard;mission_diorama;account_assets;first_minute;bespoke_survival_horror;authored_asset_refinement;production_completion
35	sacramento_ca	Sacramento	Western Corridor	Western Corridor power-grid substation	Coastal Port	Sacramento Relay Bridge	Coastal Port with three-cell power dais around Sacramento Relay Bridge, signature 035	Power-cell puzzle 3: three visible cells feed one returned total.	landmark;art_kit;major_signature;landscape;street_life;objective_route;composition;character_court;safehouse;physics_yard;mission_diorama;account_assets;first_minute;bespoke_survival_horror;authored_asset_refinement;production_completion
36	atlanta_ga	Atlanta	Southern Evac Line	Southern Evac Line security checkpoint	Coastal Port	Atlanta Power Crown	Coastal Port with dual-gate checkpoint around Atlanta Power Crown, signature 036	Truth-table gate 4: compare four safety states before opening the survivor route.	landmark;art_kit;major_signature;landscape;street_life;objective_route;composition;character_court;safehouse;physics_yard;mission_diorama;account_assets;first_minute;bespoke_survival_horror;authored_asset_refinement;production_completion
37	mesa_az	Mesa	Western Corridor	Western Corridor radio tower district	Desert Solar Grid	Mesa Signal Spire	Desert Solar Grid with backward radio mast around Mesa Signal Spire, signature 037	Radio rewind mast 1: visual packets run backward from tower to terminal.	landmark;art_kit;major_signature;landscape;street_life;objective_route;composition;character_court;safehouse;physics_yard;mission_diorama;account_assets;first_minute;bespoke_survival_horror;authored_asset_refinement;production_completion
38	kansas_city_mo	Kansas City	Midwest Grid	Midwest Grid mirror-code archive	River Lockworks	Kansas City Rescue Arch	River Lockworks with mirrored plaza around Kansas City Rescue Arch, signature 038	Mirror-code walk 2: paired light posts teach left/right character comparisons.	landmark;art_kit;major_signature;landscape;street_life;objective_route;composition;character_court;safehouse;physics_yard;mission_diorama;account_assets;first_minute;bespoke_survival_horror;authored_asset_refinement;production_completion
39	raleigh_nc	Raleigh	Southern Evac Line	Southern Evac Line drone beacon yard	Coastal Port	Raleigh Data Beacon	Coastal Port with timed beacon pylons around Raleigh Data Beacon, signature 039	Beacon cycle yard 3: numbered pylons emphasize checking 15 before 3 or 5.	landmark;art_kit;major_signature;landscape;street_life;objective_route;composition;character_court;safehouse;physics_yard;mission_diorama;account_assets;first_minute;bespoke_survival_horror;authored_asset_refinement;production_completion
40	colorado_springs_co	Colorado Springs	Western Corridor	Western Corridor power-grid substation	Latin Metro	Colorado Springs Command Obelisk	Latin Metro with three-cell power dais around Colorado Springs Command Obelisk, signature 040	Power-cell puzzle 4: three visible cells feed one returned total.	landmark;art_kit;major_signature;landscape;street_life;objective_route;composition;character_court;safehouse;physics_yard;mission_diorama;account_assets;first_minute;bespoke_survival_horror;authored_asset_refinement;production_completion
41	omaha_ne	Omaha	Midwest Grid	Midwest Grid security checkpoint	River Lockworks	Omaha Relay Bridge	River Lockworks with dual-gate checkpoint around Omaha Relay Bridge, signature 041	Truth-table gate 1: compare four safety states before opening the survivor route.	landmark;art_kit;major_signature;landscape;street_life;objective_route;composition;character_court;safehouse;physics_yard;mission_diorama;account_assets;first_minute;bespoke_survival_horror;authored_asset_refinement;production_completion
42	miami_fl	Miami	Southern Evac Line	Southern Evac Line radio tower district	Coastal Port	Miami Power Crown	Coastal Port with backward radio mast around Miami Power Crown, signature 042	Radio rewind mast 2: visual packets run backward from tower to terminal.	landmark;art_kit;major_signature;landscape;street_life;objective_route;composition;character_court;safehouse;physics_yard;mission_diorama;account_assets;first_minute;bespoke_survival_horror;authored_asset_refinement;production_completion
43	virginia_beach_va	Virginia Beach	Southern Evac Line	Southern Evac Line mirror-code archive	Coastal Port	Virginia Beach Signal Spire	Coastal Port with mirrored plaza around Virginia Beach Signal Spire, signature 043	Mirror-code walk 3: paired light posts teach left/right character comparisons.	landmark;art_kit;major_signature;landscape;street_life;objective_route;composition;character_court;safehouse;physics_yard;mission_diorama;account_assets;first_minute;bespoke_survival_horror;authored_asset_refinement;production_completion
44	long_beach_ca	Long Beach	Western Corridor	Western Corridor drone beacon yard	Coastal Port	Long Beach Rescue Arch	Coastal Port with timed beacon pylons around Long Beach Rescue Arch, signature 044	Beacon cycle yard 4: numbered pylons emphasize checking 15 before 3 or 5.	landmark;art_kit;major_signature;landscape;street_life;objective_route;composition;character_court;safehouse;physics_yard;mission_diorama;account_assets;first_minute;bespoke_survival_horror;authored_asset_refinement;production_completion
45	oakland_ca	Oakland	Western Corridor	Western Corridor power-grid substation	Coastal Port	Oakland Data Beacon	Coastal Port with three-cell power dais around Oakland Data Beacon, signature 045	Power-cell puzzle 1: three visible cells feed one returned total.	landmark;art_kit;major_signature;landscape;street_life;objective_route;composition;character_court;safehouse;physics_yard;mission_diorama;account_assets;first_minute;bespoke_survival_horror;authored_asset_refinement;production_completion
46	minneapolis_mn	Minneapolis	Midwest Grid	Midwest Grid security checkpoint	Great Lakes Industrial	Minneapolis Command Obelisk	Great Lakes Industrial with dual-gate checkpoint around Minneapolis Command Obelisk, signature 046	Truth-table gate 2: compare four safety states before opening the survivor route.	landmark;art_kit;major_signature;landscape;street_life;objective_route;composition;character_court;safehouse;physics_yard;mission_diorama;account_assets;first_minute;bespoke_survival_horror;authored_asset_refinement;production_completion
47	bakersfield_ca	Bakersfield	Western Corridor	Western Corridor radio tower district	Coastal Port	Bakersfield Relay Bridge	Coastal Port with backward radio mast around Bakersfield Relay Bridge, signature 047	Radio rewind mast 3: visual packets run backward from tower to terminal.	landmark;art_kit;major_signature;landscape;street_life;objective_route;composition;character_court;safehouse;physics_yard;mission_diorama;account_assets;first_minute;bespoke_survival_horror;authored_asset_refinement;production_completion
48	tulsa_ok	Tulsa	Southern Evac Line	Southern Evac Line mirror-code archive	Metro Core	Tulsa Power Crown	Metro Core with mirrored plaza around Tulsa Power Crown, signature 048	Mirror-code walk 4: paired light posts teach left/right character comparisons.	landmark;art_kit;major_signature;landscape;street_life;objective_route;composition;character_court;safehouse;physics_yard;mission_diorama;account_assets;first_minute;bespoke_survival_horror;authored_asset_refinement;production_completion
49	tampa_fl	Tampa	Southern Evac Line	Southern Evac Line drone beacon yard	Coastal Port	Tampa Signal Spire	Coastal Port with timed beacon pylons around Tampa Signal Spire, signature 049	Beacon cycle yard 1: numbered pylons emphasize checking 15 before 3 or 5.	landmark;art_kit;major_signature;landscape;street_life;objective_route;composition;character_court;safehouse;physics_yard;mission_diorama;account_assets;first_minute;bespoke_survival_horror;authored_asset_refinement;production_completion
50	arlington_tx	Arlington	Southern Evac Line	Southern Evac Line power-grid substation	Desert Solar Grid	Arlington Rescue Arch	Desert Solar Grid with three-cell power dais around Arlington Rescue Arch, signature 050	Power-cell puzzle 2: three visible cells feed one returned total.	landmark;art_kit;major_signature;landscape;street_life;objective_route;composition;character_court;safehouse;physics_yard;mission_diorama;account_assets;first_minute;bespoke_survival_horror;authored_asset_refinement;production_completion
51	aurora_co	Aurora	Western Corridor	Western Corridor security checkpoint	Latin Metro	Aurora Data Beacon	Latin Metro with dual-gate checkpoint around Aurora Data Beacon, signature 051	Truth-table gate 3: compare four safety states before opening the survivor route.	landmark;art_kit;major_signature;landscape;street_life;objective_route;composition;character_court;safehouse;physics_yard;mission_diorama;account_assets;first_minute;bespoke_survival_horror;authored_asset_refinement;production_completion
52	wichita_ks	Wichita	Midwest Grid	Midwest Grid radio tower district	Rail Yard	Wichita Command Obelisk	Rail Yard with backward radio mast around Wichita Command Obelisk, signature 052	Radio rewind mast 4: visual packets run backward from tower to terminal.	landmark;art_kit;major_signature;landscape;street_life;objective_route;composition;character_court;safehouse;physics_yard;mission_diorama;account_assets;first_minute;bespoke_survival_horror;authored_asset_refinement;production_completion
53	cleveland_oh	Cleveland	Midwest Grid	Midwest Grid mirror-code archive	Great Lakes Industrial	Cleveland Relay Bridge	Great Lakes Industrial with mirrored plaza around Cleveland Relay Bridge, signature 053	Mirror-code walk 1: paired light posts teach left/right character comparisons.	landmark;art_kit;major_signature;landscape;street_life;objective_route;composition;character_court;safehouse;physics_yard;mission_diorama;account_assets;first_minute;bespoke_survival_horror;authored_asset_refinement;production_completion
54	new_orleans_la	New Orleans	Southern Evac Line	Southern Evac Line drone beacon yard	Coastal Port	New Orleans Power Crown	Coastal Port with timed beacon pylons around New Orleans Power Crown, signature 054	Beacon cycle yard 2: numbered pylons emphasize checking 15 before 3 or 5.	landmark;art_kit;major_signature;landscape;street_life;objective_route;composition;character_court;safehouse;physics_yard;mission_diorama;account_assets;first_minute;bespoke_survival_horror;authored_asset_refinement;production_completion
55	henderson_nv	Henderson	Western Corridor	Western Corridor power-grid substation	Desert Solar Grid	Henderson Signal Spire	Desert Solar Grid with three-cell power dais around Henderson Signal Spire, signature 055	Power-cell puzzle 3: three visible cells feed one returned total.	landmark;art_kit;major_signature;landscape;street_life;objective_route;composition;character_court;safehouse;physics_yard;mission_diorama;account_assets;first_minute;bespoke_survival_horror;authored_asset_refinement;production_completion
56	urban_honolulu_hi	Urban Honolulu	Western Corridor	Western Corridor security checkpoint	Coastal Port	Urban Honolulu Rescue Arch	Coastal Port with dual-gate checkpoint around Urban Honolulu Rescue Arch, signature 056	Truth-table gate 4: compare four safety states before opening the survivor route.	landmark;art_kit;major_signature;landscape;street_life;objective_route;composition;character_court;safehouse;physics_yard;mission_diorama;account_assets;first_minute;bespoke_survival_horror;authored_asset_refinement;production_completion
57	anaheim_ca	Anaheim	Western Corridor	Western Corridor radio tower district	Coastal Port	Anaheim Data Beacon	Coastal Port with backward radio mast around Anaheim Data Beacon, signature 057	Radio rewind mast 1: visual packets run backward from tower to terminal.	landmark;art_kit;major_signature;landscape;street_life;objective_route;composition;character_court;safehouse;physics_yard;mission_diorama;account_assets;first_minute;bespoke_survival_horror;authored_asset_refinement;production_completion
58	orlando_fl	Orlando	Southern Evac Line	Southern Evac Line mirror-code archive	Coastal Port	Orlando Command Obelisk	Coastal Port with mirrored plaza around Orlando Command Obelisk, signature 058	Mirror-code walk 2: paired light posts teach left/right character comparisons.	landmark;art_kit;major_signature;landscape;street_life;objective_route;composition;character_court;safehouse;physics_yard;mission_diorama;account_assets;first_minute;bespoke_survival_horror;authored_asset_refinement;production_completion
59	lexington_fayette_ky	Lexington-Fayette	Southern Evac Line	Southern Evac Line drone beacon yard	River Lockworks	Lexington-Fayette Relay Bridge	River Lockworks with timed beacon pylons around Lexington-Fayette Relay Bridge, signature 059	Beacon cycle yard 3: numbered pylons emphasize checking 15 before 3 or 5.	landmark;art_kit;major_signature;landscape;street_life;objective_route;composition;character_court;safehouse;physics_yard;mission_diorama;account_assets;first_minute;bespoke_survival_horror;authored_asset_refinement;production_completion
60	stockton_ca	Stockton	Western Corridor	Western Corridor power-grid substation	Coastal Port	Stockton Power Crown	Coastal Port with three-cell power dais around Stockton Power Crown, signature 060	Power-cell puzzle 4: three visible cells feed one returned total.	landmark;art_kit;major_signature;landscape;street_life;objective_route;composition;character_court;safehouse;physics_yard;mission_diorama;account_assets;first_minute;bespoke_survival_horror;authored_asset_refinement;production_completion
61	riverside_ca	Riverside	Western Corridor	Western Corridor security checkpoint	Coastal Port	Riverside Signal Spire	Coastal Port with dual-gate checkpoint around Riverside Signal Spire, signature 061	Truth-table gate 1: compare four safety states before opening the survivor route.	landmark;art_kit;major_signature;landscape;street_life;objective_route;composition;character_court;safehouse;physics_yard;mission_diorama;account_assets;first_minute;bespoke_survival_horror;authored_asset_refinement;production_completion
62	irvine_ca	Irvine	Western Corridor	Western Corridor radio tower district	Coastal Port	Irvine Rescue Arch	Coastal Port with backward radio mast around Irvine Rescue Arch, signature 062	Radio rewind mast 2: visual packets run backward from tower to terminal.	landmark;art_kit;major_signature;landscape;street_life;objective_route;composition;character_court;safehouse;physics_yard;mission_diorama;account_assets;first_minute;bespoke_survival_horror;authored_asset_refinement;production_completion
63	corpus_christi_tx	Corpus Christi	Southern Evac Line	Southern Evac Line mirror-code archive	Desert Solar Grid	Corpus Christi Data Beacon	Desert Solar Grid with mirrored plaza around Corpus Christi Data Beacon, signature 063	Mirror-code walk 3: paired light posts teach left/right character comparisons.	landmark;art_kit;major_signature;landscape;street_life;objective_route;composition;character_court;safehouse;physics_yard;mission_diorama;account_assets;first_minute;bespoke_survival_horror;authored_asset_refinement;production_completion
64	newark_nj	Newark	Northeast Relay	Northeast Relay drone beacon yard	Coastal Port	Newark Command Obelisk	Coastal Port with timed beacon pylons around Newark Command Obelisk, signature 064	Beacon cycle yard 4: numbered pylons emphasize checking 15 before 3 or 5.	landmark;art_kit;major_signature;landscape;street_life;objective_route;composition;character_court;safehouse;physics_yard;mission_diorama;account_assets;first_minute;bespoke_survival_horror;authored_asset_refinement;production_completion
65	santa_ana_ca	Santa Ana	Western Corridor	Western Corridor power-grid substation	Coastal Port	Santa Ana Relay Bridge	Coastal Port with three-cell power dais around Santa Ana Relay Bridge, signature 065	Power-cell puzzle 1: three visible cells feed one returned total.	landmark;art_kit;major_signature;landscape;street_life;objective_route;composition;character_court;safehouse;physics_yard;mission_diorama;account_assets;first_minute;bespoke_survival_horror;authored_asset_refinement;production_completion
66	cincinnati_oh	Cincinnati	Midwest Grid	Midwest Grid security checkpoint	Great Lakes Industrial	Cincinnati Power Crown	Great Lakes Industrial with dual-gate checkpoint around Cincinnati Power Crown, signature 066	Truth-table gate 2: compare four safety states before opening the survivor route.	landmark;art_kit;major_signature;landscape;street_life;objective_route;composition;character_court;safehouse;physics_yard;mission_diorama;account_assets;first_minute;bespoke_survival_horror;authored_asset_refinement;production_completion
67	pittsburgh_pa	Pittsburgh	Northeast Relay	Northeast Relay radio tower district	Latin Metro	Pittsburgh Signal Spire	Latin Metro with backward radio mast around Pittsburgh Signal Spire, signature 067	Radio rewind mast 3: visual packets run backward from tower to terminal.	landmark;art_kit;major_signature;landscape;street_life;objective_route;composition;character_court;safehouse;physics_yard;mission_diorama;account_assets;first_minute;bespoke_survival_horror;authored_asset_refinement;production_completion
68	st_paul_mn	St. Paul	Midwest Grid	Midwest Grid mirror-code archive	Great Lakes Industrial	St. Paul Rescue Arch	Great Lakes Industrial with mirrored plaza around St. Paul Rescue Arch, signature 068	Mirror-code walk 4: paired light posts teach left/right character comparisons.	landmark;art_kit;major_signature;landscape;street_life;objective_route;composition;character_court;safehouse;physics_yard;mission_diorama;account_assets;first_minute;bespoke_survival_horror;authored_asset_refinement;production_completion
69	greensboro_nc	Greensboro	Southern Evac Line	Southern Evac Line drone beacon yard	Coastal Port	Greensboro Data Beacon	Coastal Port with timed beacon pylons around Greensboro Data Beacon, signature 069	Beacon cycle yard 1: numbered pylons emphasize checking 15 before 3 or 5.	landmark;art_kit;major_signature;landscape;street_life;objective_route;composition;character_court;safehouse;physics_yard;mission_diorama;account_assets;first_minute;bespoke_survival_horror;authored_asset_refinement;production_completion
70	jersey_city_nj	Jersey City	Northeast Relay	Northeast Relay power-grid substation	Coastal Port	Jersey City Command Obelisk	Coastal Port with three-cell power dais around Jersey City Command Obelisk, signature 070	Power-cell puzzle 2: three visible cells feed one returned total.	landmark;art_kit;major_signature;landscape;street_life;objective_route;composition;character_court;safehouse;physics_yard;mission_diorama;account_assets;first_minute;bespoke_survival_horror;authored_asset_refinement;production_completion
71	durham_nc	Durham	Southern Evac Line	Southern Evac Line security checkpoint	Coastal Port	Durham Relay Bridge	Coastal Port with dual-gate checkpoint around Durham Relay Bridge, signature 071	Truth-table gate 3: compare four safety states before opening the survivor route.	landmark;art_kit;major_signature;landscape;street_life;objective_route;composition;character_court;safehouse;physics_yard;mission_diorama;account_assets;first_minute;bespoke_survival_horror;authored_asset_refinement;production_completion
72	lincoln_ne	Lincoln	Midwest Grid	Midwest Grid radio tower district	River Lockworks	Lincoln Power Crown	River Lockworks with backward radio mast around Lincoln Power Crown, signature 072	Radio rewind mast 4: visual packets run backward from tower to terminal.	landmark;art_kit;major_signature;landscape;street_life;objective_route;composition;character_court;safehouse;physics_yard;mission_diorama;account_assets;first_minute;bespoke_survival_horror;authored_asset_refinement;production_completion
73	north_las_vegas_nv	North Las Vegas	Western Corridor	Western Corridor mirror-code archive	Desert Solar Grid	North Las Vegas Signal Spire	Desert Solar Grid with mirrored plaza around North Las Vegas Signal Spire, signature 073	Mirror-code walk 1: paired light posts teach left/right character comparisons.	landmark;art_kit;major_signature;landscape;street_life;objective_route;composition;character_court;safehouse;physics_yard;mission_diorama;account_assets;first_minute;bespoke_survival_horror;authored_asset_refinement;production_completion
74	plano_tx	Plano	Southern Evac Line	Southern Evac Line drone beacon yard	Desert Solar Grid	Plano Rescue Arch	Desert Solar Grid with timed beacon pylons around Plano Rescue Arch, signature 074	Beacon cycle yard 2: numbered pylons emphasize checking 15 before 3 or 5.	landmark;art_kit;major_signature;landscape;street_life;objective_route;composition;character_court;safehouse;physics_yard;mission_diorama;account_assets;first_minute;bespoke_survival_horror;authored_asset_refinement;production_completion
75	anchorage_ak	Anchorage	Western Corridor	Western Corridor power-grid substation	Mountain Relay	Anchorage Data Beacon	Mountain Relay with three-cell power dais around Anchorage Data Beacon, signature 075	Power-cell puzzle 3: three visible cells feed one returned total.	landmark;art_kit;major_signature;landscape;street_life;objective_route;composition;character_court;safehouse;physics_yard;mission_diorama;account_assets;first_minute;bespoke_survival_horror;authored_asset_refinement;production_completion
76	gilbert_az	Gilbert	Western Corridor	Western Corridor security checkpoint	Desert Solar Grid	Gilbert Command Obelisk	Desert Solar Grid with dual-gate checkpoint around Gilbert Command Obelisk, signature 076	Truth-table gate 4: compare four safety states before opening the survivor route.	landmark;art_kit;major_signature;landscape;street_life;objective_route;composition;character_court;safehouse;physics_yard;mission_diorama;account_assets;first_minute;bespoke_survival_horror;authored_asset_refinement;production_completion
77	madison_wi	Madison	Midwest Grid	Midwest Grid radio tower district	Great Lakes Industrial	Madison Relay Bridge	Great Lakes Industrial with backward radio mast around Madison Relay Bridge, signature 077	Radio rewind mast 1: visual packets run backward from tower to terminal.	landmark;art_kit;major_signature;landscape;street_life;objective_route;composition;character_court;safehouse;physics_yard;mission_diorama;account_assets;first_minute;bespoke_survival_horror;authored_asset_refinement;production_completion
78	reno_nv	Reno	Western Corridor	Western Corridor mirror-code archive	Desert Solar Grid	Reno Power Crown	Desert Solar Grid with mirrored plaza around Reno Power Crown, signature 078	Mirror-code walk 2: paired light posts teach left/right character comparisons.	landmark;art_kit;major_signature;landscape;street_life;objective_route;composition;character_court;safehouse;physics_yard;mission_diorama;account_assets;first_minute;bespoke_survival_horror;authored_asset_refinement;production_completion
79	chandler_az	Chandler	Western Corridor	Western Corridor drone beacon yard	Desert Solar Grid	Chandler Signal Spire	Desert Solar Grid with timed beacon pylons around Chandler Signal Spire, signature 079	Beacon cycle yard 3: numbered pylons emphasize checking 15 before 3 or 5.	landmark;art_kit;major_signature;landscape;street_life;objective_route;composition;character_court;safehouse;physics_yard;mission_diorama;account_assets;first_minute;bespoke_survival_horror;authored_asset_refinement;production_completion
80	st_louis_mo	St. Louis	Midwest Grid	Midwest Grid power-grid substation	River Lockworks	St. Louis Rescue Arch	River Lockworks with three-cell power dais around St. Louis Rescue Arch, signature 080	Power-cell puzzle 4: three visible cells feed one returned total.	landmark;art_kit;major_signature;landscape;street_life;objective_route;composition;character_court;safehouse;physics_yard;mission_diorama;account_assets;first_minute;bespoke_survival_horror;authored_asset_refinement;production_completion
81	chula_vista_ca	Chula Vista	Western Corridor	Western Corridor security checkpoint	Coastal Port	Chula Vista Data Beacon	Coastal Port with dual-gate checkpoint around Chula Vista Data Beacon, signature 081	Truth-table gate 1: compare four safety states before opening the survivor route.	landmark;art_kit;major_signature;landscape;street_life;objective_route;composition;character_court;safehouse;physics_yard;mission_diorama;account_assets;first_minute;bespoke_survival_horror;authored_asset_refinement;production_completion
82	buffalo_ny	Buffalo	Northeast Relay	Northeast Relay radio tower district	Coastal Port	Buffalo Command Obelisk	Coastal Port with backward radio mast around Buffalo Command Obelisk, signature 082	Radio rewind mast 2: visual packets run backward from tower to terminal.	landmark;art_kit;major_signature;landscape;street_life;objective_route;composition;character_court;safehouse;physics_yard;mission_diorama;account_assets;first_minute;bespoke_survival_horror;authored_asset_refinement;production_completion
83	fort_wayne_in	Fort Wayne	Midwest Grid	Midwest Grid mirror-code archive	Monsoon Megacity	Fort Wayne Relay Bridge	Monsoon Megacity with mirrored plaza around Fort Wayne Relay Bridge, signature 083	Mirror-code walk 3: paired light posts teach left/right character comparisons.	landmark;art_kit;major_signature;landscape;street_life;objective_route;composition;character_court;safehouse;physics_yard;mission_diorama;account_assets;first_minute;bespoke_survival_horror;authored_asset_refinement;production_completion
84	lubbock_tx	Lubbock	Southern Evac Line	Southern Evac Line drone beacon yard	Desert Solar Grid	Lubbock Power Crown	Desert Solar Grid with timed beacon pylons around Lubbock Power Crown, signature 084	Beacon cycle yard 4: numbered pylons emphasize checking 15 before 3 or 5.	landmark;art_kit;major_signature;landscape;street_life;objective_route;composition;character_court;safehouse;physics_yard;mission_diorama;account_assets;first_minute;bespoke_survival_horror;authored_asset_refinement;production_completion
85	st_petersburg_fl	St. Petersburg	Southern Evac Line	Southern Evac Line radio tower district	Coastal Port	St. Petersburg Signal Spire	Coastal Port with backward radio mast around St. Petersburg Signal Spire, signature 085	Radio rewind mast 1: visual packets run backward from tower to terminal.	landmark;art_kit;major_signature;landscape;street_life;objective_route;composition;character_court;safehouse;physics_yard;mission_diorama;account_assets;first_minute;bespoke_survival_horror;authored_asset_refinement;production_completion
86	toledo_oh	Toledo	Midwest Grid	Midwest Grid mirror-code archive	Great Lakes Industrial	Toledo Rescue Arch	Great Lakes Industrial with mirrored plaza around Toledo Rescue Arch, signature 086	Mirror-code walk 2: paired light posts teach left/right character comparisons.	landmark;art_kit;major_signature;landscape;street_life;objective_route;composition;character_court;safehouse;physics_yard;mission_diorama;account_assets;first_minute;bespoke_survival_horror;authored_asset_refinement;production_completion
87	laredo_tx	Laredo	Southern Evac Line	Southern Evac Line drone beacon yard	Desert Solar Grid	Laredo Data Beacon	Desert Solar Grid with timed beacon pylons around Laredo Data Beacon, signature 087	Beacon cycle yard 3: numbered pylons emphasize checking 15 before 3 or 5.	landmark;art_kit;major_signature;landscape;street_life;objective_route;composition;character_court;safehouse;physics_yard;mission_diorama;account_assets;first_minute;bespoke_survival_horror;authored_asset_refinement;production_completion
88	port_st_lucie_fl	Port St. Lucie	Southern Evac Line	Southern Evac Line triage routing depot	Coastal Port	Port St. Lucie Command Obelisk	Coastal Port with triage conveyor lanes around Port St. Lucie Command Obelisk, signature 088	Triage sorter 4: even-number lanes lead to rescue while odd lanes become decoys.	landmark;art_kit;major_signature;landscape;street_life;objective_route;composition;character_court;safehouse;physics_yard;mission_diorama;account_assets;first_minute;bespoke_survival_horror;authored_asset_refinement;production_completion
89	glendale_az	Glendale	Western Corridor	Western Corridor triage routing depot	Desert Solar Grid	Glendale Relay Bridge	Desert Solar Grid with triage conveyor lanes around Glendale Relay Bridge, signature 089	Triage sorter 1: even-number lanes lead to rescue while odd lanes become decoys.	landmark;art_kit;major_signature;landscape;street_life;objective_route;composition;character_court;safehouse;physics_yard;mission_diorama;account_assets;first_minute;bespoke_survival_horror;authored_asset_refinement;production_completion
90	irving_tx	Irving	Southern Evac Line	Southern Evac Line radio tower district	Desert Solar Grid	Irving Power Crown	Desert Solar Grid with backward radio mast around Irving Power Crown, signature 090	Radio rewind mast 2: visual packets run backward from tower to terminal.	landmark;art_kit;major_signature;landscape;street_life;objective_route;composition;character_court;safehouse;physics_yard;mission_diorama;account_assets;first_minute;bespoke_survival_horror;authored_asset_refinement;production_completion
91	winston_salem_nc	Winston-Salem	Southern Evac Line	Southern Evac Line mirror-code archive	Coastal Port	Winston-Salem Signal Spire	Coastal Port with mirrored plaza around Winston-Salem Signal Spire, signature 091	Mirror-code walk 3: paired light posts teach left/right character comparisons.	landmark;art_kit;major_signature;landscape;street_life;objective_route;composition;character_court;safehouse;physics_yard;mission_diorama;account_assets;first_minute;bespoke_survival_horror;authored_asset_refinement;production_completion
92	chesapeake_va	Chesapeake	Southern Evac Line	Southern Evac Line drone beacon yard	Coastal Port	Chesapeake Rescue Arch	Coastal Port with timed beacon pylons around Chesapeake Rescue Arch, signature 092	Beacon cycle yard 4: numbered pylons emphasize checking 15 before 3 or 5.	landmark;art_kit;major_signature;landscape;street_life;objective_route;composition;character_court;safehouse;physics_yard;mission_diorama;account_assets;first_minute;bespoke_survival_horror;authored_asset_refinement;production_completion
93	garland_tx	Garland	Southern Evac Line	Southern Evac Line triage routing depot	Desert Solar Grid	Garland Data Beacon	Desert Solar Grid with triage conveyor lanes around Garland Data Beacon, signature 093	Triage sorter 1: even-number lanes lead to rescue while odd lanes become decoys.	landmark;art_kit;major_signature;landscape;street_life;objective_route;composition;character_court;safehouse;physics_yard;mission_diorama;account_assets;first_minute;bespoke_survival_horror;authored_asset_refinement;production_completion
94	scottsdale_az	Scottsdale	Western Corridor	Western Corridor triage routing depot	Desert Solar Grid	Scottsdale Command Obelisk	Desert Solar Grid with triage conveyor lanes around Scottsdale Command Obelisk, signature 094	Triage sorter 2: even-number lanes lead to rescue while odd lanes become decoys.	landmark;art_kit;major_signature;landscape;street_life;objective_route;composition;character_court;safehouse;physics_yard;mission_diorama;account_assets;first_minute;bespoke_survival_horror;authored_asset_refinement;production_completion
95	boise_city_id	Boise City	Western Corridor	Western Corridor radio tower district	Monsoon Port	Boise City Relay Bridge	Monsoon Port with backward radio mast around Boise City Relay Bridge, signature 095	Radio rewind mast 3: visual packets run backward from tower to terminal.	landmark;art_kit;major_signature;landscape;street_life;objective_route;composition;character_court;safehouse;physics_yard;mission_diorama;account_assets;first_minute;bespoke_survival_horror;authored_asset_refinement;production_completion
96	hialeah_fl	Hialeah	Southern Evac Line	Southern Evac Line mirror-code archive	Coastal Port	Hialeah Power Crown	Coastal Port with mirrored plaza around Hialeah Power Crown, signature 096	Mirror-code walk 4: paired light posts teach left/right character comparisons.	landmark;art_kit;major_signature;landscape;street_life;objective_route;composition;character_court;safehouse;physics_yard;mission_diorama;account_assets;first_minute;bespoke_survival_horror;authored_asset_refinement;production_completion
97	frisco_tx	Frisco	Southern Evac Line	Southern Evac Line drone beacon yard	Desert Solar Grid	Frisco Signal Spire	Desert Solar Grid with timed beacon pylons around Frisco Signal Spire, signature 097	Beacon cycle yard 1: numbered pylons emphasize checking 15 before 3 or 5.	landmark;art_kit;major_signature;landscape;street_life;objective_route;composition;character_court;safehouse;physics_yard;mission_diorama;account_assets;first_minute;bespoke_survival_horror;authored_asset_refinement;production_completion
98	richmond_va	Richmond	Southern Evac Line	Southern Evac Line triage routing depot	Coastal Port	Richmond Rescue Arch	Coastal Port with triage conveyor lanes around Richmond Rescue Arch, signature 098	Triage sorter 2: even-number lanes lead to rescue while odd lanes become decoys.	landmark;art_kit;major_signature;landscape;street_life;objective_route;composition;character_court;safehouse;physics_yard;mission_diorama;account_assets;first_minute;bespoke_survival_horror;authored_asset_refinement;production_completion
99	cape_coral_fl	Cape Coral	Southern Evac Line	Southern Evac Line triage routing depot	Coastal Port	Cape Coral Data Beacon	Coastal Port with triage conveyor lanes around Cape Coral Data Beacon, signature 099	Triage sorter 3: even-number lanes lead to rescue while odd lanes become decoys.	landmark;art_kit;major_signature;landscape;street_life;objective_route;composition;character_court;safehouse;physics_yard;mission_diorama;account_assets;first_minute;bespoke_survival_horror;authored_asset_refinement;production_completion
100	norfolk_va	Norfolk	Southern Evac Line	Southern Evac Line radio tower district	Coastal Port	Norfolk Command Obelisk	Coastal Port with backward radio mast around Norfolk Command Obelisk, signature 100	Radio rewind mast 4: visual packets run backward from tower to terminal.	landmark;art_kit;major_signature;landscape;street_life;objective_route;composition;character_court;safehouse;physics_yard;mission_diorama;account_assets;first_minute;bespoke_survival_horror;authored_asset_refinement;production_completion
101	spokane_wa	Spokane	Western Corridor	Western Corridor mirror-code archive	Coastal Port	Spokane Relay Bridge	Coastal Port with mirrored plaza around Spokane Relay Bridge, signature 101	Mirror-code walk 1: paired light posts teach left/right character comparisons.	landmark;art_kit;major_signature;landscape;street_life;objective_route;composition;character_court;safehouse;physics_yard;mission_diorama;account_assets;first_minute;bespoke_survival_horror;authored_asset_refinement;production_completion
102	huntsville_al	Huntsville	Southern Evac Line	Southern Evac Line drone beacon yard	Metro Core	Huntsville Power Crown	Metro Core with timed beacon pylons around Huntsville Power Crown, signature 102	Beacon cycle yard 2: numbered pylons emphasize checking 15 before 3 or 5.	landmark;art_kit;major_signature;landscape;street_life;objective_route;composition;character_court;safehouse;physics_yard;mission_diorama;account_assets;first_minute;bespoke_survival_horror;authored_asset_refinement;production_completion
103	santa_clarita_ca	Santa Clarita	Western Corridor	Western Corridor triage routing depot	Coastal Port	Santa Clarita Signal Spire	Coastal Port with triage conveyor lanes around Santa Clarita Signal Spire, signature 103	Triage sorter 3: even-number lanes lead to rescue while odd lanes become decoys.	landmark;art_kit;major_signature;landscape;street_life;objective_route;composition;character_court;safehouse;physics_yard;mission_diorama;account_assets;first_minute;bespoke_survival_horror;authored_asset_refinement;production_completion
104	tacoma_wa	Tacoma	Western Corridor	Western Corridor triage routing depot	Coastal Port	Tacoma Rescue Arch	Coastal Port with triage conveyor lanes around Tacoma Rescue Arch, signature 104	Triage sorter 4: even-number lanes lead to rescue while odd lanes become decoys.	landmark;art_kit;major_signature;landscape;street_life;objective_route;composition;character_court;safehouse;physics_yard;mission_diorama;account_assets;first_minute;bespoke_survival_horror;authored_asset_refinement;production_completion
105	fremont_ca	Fremont	Western Corridor	Western Corridor radio tower district	Coastal Port	Fremont Data Beacon	Coastal Port with backward radio mast around Fremont Data Beacon, signature 105	Radio rewind mast 1: visual packets run backward from tower to terminal.	landmark;art_kit;major_signature;landscape;street_life;objective_route;composition;character_court;safehouse;physics_yard;mission_diorama;account_assets;first_minute;bespoke_survival_horror;authored_asset_refinement;production_completion
106	mckinney_tx	McKinney	Southern Evac Line	Southern Evac Line mirror-code archive	Desert Solar Grid	McKinney Command Obelisk	Desert Solar Grid with mirrored plaza around McKinney Command Obelisk, signature 106	Mirror-code walk 2: paired light posts teach left/right character comparisons.	landmark;art_kit;major_signature;landscape;street_life;objective_route;composition;character_court;safehouse;physics_yard;mission_diorama;account_assets;first_minute;bespoke_survival_horror;authored_asset_refinement;production_completion
107	san_bernardino_ca	San Bernardino	Western Corridor	Western Corridor drone beacon yard	Coastal Port	San Bernardino Relay Bridge	Coastal Port with timed beacon pylons around San Bernardino Relay Bridge, signature 107	Beacon cycle yard 3: numbered pylons emphasize checking 15 before 3 or 5.	landmark;art_kit;major_signature;landscape;street_life;objective_route;composition;character_court;safehouse;physics_yard;mission_diorama;account_assets;first_minute;bespoke_survival_horror;authored_asset_refinement;production_completion
108	baton_rouge_la	Baton Rouge	Southern Evac Line	Southern Evac Line triage routing depot	Coastal Port	Baton Rouge Power Crown	Coastal Port with triage conveyor lanes around Baton Rouge Power Crown, signature 108	Triage sorter 4: even-number lanes lead to rescue while odd lanes become decoys.	landmark;art_kit;major_signature;landscape;street_life;objective_route;composition;character_court;safehouse;physics_yard;mission_diorama;account_assets;first_minute;bespoke_survival_horror;authored_asset_refinement;production_completion
109	modesto_ca	Modesto	Western Corridor	Western Corridor triage routing depot	Coastal Port	Modesto Signal Spire	Coastal Port with triage conveyor lanes around Modesto Signal Spire, signature 109	Triage sorter 1: even-number lanes lead to rescue while odd lanes become decoys.	landmark;art_kit;major_signature;landscape;street_life;objective_route;composition;character_court;safehouse;physics_yard;mission_diorama;account_assets;first_minute;bespoke_survival_horror;authored_asset_refinement;production_completion
110	fontana_ca	Fontana	Western Corridor	Western Corridor radio tower district	Coastal Port	Fontana Rescue Arch	Coastal Port with backward radio mast around Fontana Rescue Arch, signature 110	Radio rewind mast 2: visual packets run backward from tower to terminal.	landmark;art_kit;major_signature;landscape;street_life;objective_route;composition;character_court;safehouse;physics_yard;mission_diorama;account_assets;first_minute;bespoke_survival_horror;authored_asset_refinement;production_completion
111	salt_lake_city_ut	Salt Lake City	Western Corridor	Western Corridor mirror-code archive	Mountain Relay	Salt Lake City Data Beacon	Mountain Relay with mirrored plaza around Salt Lake City Data Beacon, signature 111	Mirror-code walk 3: paired light posts teach left/right character comparisons.	landmark;art_kit;major_signature;landscape;street_life;objective_route;composition;character_court;safehouse;physics_yard;mission_diorama;account_assets;first_minute;bespoke_survival_horror;authored_asset_refinement;production_completion
112	moreno_valley_ca	Moreno Valley	Western Corridor	Western Corridor drone beacon yard	Coastal Port	Moreno Valley Command Obelisk	Coastal Port with timed beacon pylons around Moreno Valley Command Obelisk, signature 112	Beacon cycle yard 4: numbered pylons emphasize checking 15 before 3 or 5.	landmark;art_kit;major_signature;landscape;street_life;objective_route;composition;character_court;safehouse;physics_yard;mission_diorama;account_assets;first_minute;bespoke_survival_horror;authored_asset_refinement;production_completion
113	des_moines_ia	Des Moines	Midwest Grid	Midwest Grid triage routing depot	River Lockworks	Des Moines Relay Bridge	River Lockworks with triage conveyor lanes around Des Moines Relay Bridge, signature 113	Triage sorter 1: even-number lanes lead to rescue while odd lanes become decoys.	landmark;art_kit;major_signature;landscape;street_life;objective_route;composition;character_court;safehouse;physics_yard;mission_diorama;account_assets;first_minute;bespoke_survival_horror;authored_asset_refinement;production_completion
114	worcester_ma	Worcester	Northeast Relay	Northeast Relay triage routing depot	African Urban Relay	Worcester Power Crown	African Urban Relay with triage conveyor lanes around Worcester Power Crown, signature 114	Triage sorter 2: even-number lanes lead to rescue while odd lanes become decoys.	landmark;art_kit;major_signature;landscape;street_life;objective_route;composition;character_court;safehouse;physics_yard;mission_diorama;account_assets;first_minute;bespoke_survival_horror;authored_asset_refinement;production_completion
115	yonkers_ny	Yonkers	Northeast Relay	Northeast Relay radio tower district	Coastal Port	Yonkers Signal Spire	Coastal Port with backward radio mast around Yonkers Signal Spire, signature 115	Radio rewind mast 3: visual packets run backward from tower to terminal.	landmark;art_kit;major_signature;landscape;street_life;objective_route;composition;character_court;safehouse;physics_yard;mission_diorama;account_assets;first_minute;bespoke_survival_horror;authored_asset_refinement;production_completion
116	fayetteville_nc	Fayetteville	Southern Evac Line	Southern Evac Line mirror-code archive	Coastal Port	Fayetteville Rescue Arch	Coastal Port with mirrored plaza around Fayetteville Rescue Arch, signature 116	Mirror-code walk 4: paired light posts teach left/right character comparisons.	landmark;art_kit;major_signature;landscape;street_life;objective_route;composition;character_court;safehouse;physics_yard;mission_diorama;account_assets;first_minute;bespoke_survival_horror;authored_asset_refinement;production_completion
117	sioux_falls_sd	Sioux Falls	Midwest Grid	Midwest Grid drone beacon yard	Rail Yard	Sioux Falls Data Beacon	Rail Yard with timed beacon pylons around Sioux Falls Data Beacon, signature 117	Beacon cycle yard 1: numbered pylons emphasize checking 15 before 3 or 5.	landmark;art_kit;major_signature;landscape;street_life;objective_route;composition;character_court;safehouse;physics_yard;mission_diorama;account_assets;first_minute;bespoke_survival_horror;authored_asset_refinement;production_completion
118	grand_prairie_tx	Grand Prairie	Southern Evac Line	Southern Evac Line triage routing depot	Desert Solar Grid	Grand Prairie Command Obelisk	Desert Solar Grid with triage conveyor lanes around Grand Prairie Command Obelisk, signature 118	Triage sorter 2: even-number lanes lead to rescue while odd lanes become decoys.	landmark;art_kit;major_signature;landscape;street_life;objective_route;composition;character_court;safehouse;physics_yard;mission_diorama;account_assets;first_minute;bespoke_survival_horror;authored_asset_refinement;production_completion
119	rochester_ny	Rochester	Northeast Relay	Northeast Relay triage routing depot	Coastal Port	Rochester Relay Bridge	Coastal Port with triage conveyor lanes around Rochester Relay Bridge, signature 119	Triage sorter 3: even-number lanes lead to rescue while odd lanes become decoys.	landmark;art_kit;major_signature;landscape;street_life;objective_route;composition;character_court;safehouse;physics_yard;mission_diorama;account_assets;first_minute;bespoke_survival_horror;authored_asset_refinement;production_completion
120	tallahassee_fl	Tallahassee	Southern Evac Line	Southern Evac Line radio tower district	Coastal Port	Tallahassee Power Crown	Coastal Port with backward radio mast around Tallahassee Power Crown, signature 120	Radio rewind mast 4: visual packets run backward from tower to terminal.	landmark;art_kit;major_signature;landscape;street_life;objective_route;composition;character_court;safehouse;physics_yard;mission_diorama;account_assets;first_minute;bespoke_survival_horror;authored_asset_refinement;production_completion
121	little_rock_ar	Little Rock	Southern Evac Line	Southern Evac Line mirror-code archive	Latin Metro	Little Rock Signal Spire	Latin Metro with mirrored plaza around Little Rock Signal Spire, signature 121	Mirror-code walk 1: paired light posts teach left/right character comparisons.	landmark;art_kit;major_signature;landscape;street_life;objective_route;composition;character_court;safehouse;physics_yard;mission_diorama;account_assets;first_minute;bespoke_survival_horror;authored_asset_refinement;production_completion
122	amarillo_tx	Amarillo	Southern Evac Line	Southern Evac Line drone beacon yard	Desert Solar Grid	Amarillo Rescue Arch	Desert Solar Grid with timed beacon pylons around Amarillo Rescue Arch, signature 122	Beacon cycle yard 2: numbered pylons emphasize checking 15 before 3 or 5.	landmark;art_kit;major_signature;landscape;street_life;objective_route;composition;character_court;safehouse;physics_yard;mission_diorama;account_assets;first_minute;bespoke_survival_horror;authored_asset_refinement;production_completion
123	overland_park_ks	Overland Park	Midwest Grid	Midwest Grid triage routing depot	Rail Yard	Overland Park Data Beacon	Rail Yard with triage conveyor lanes around Overland Park Data Beacon, signature 123	Triage sorter 3: even-number lanes lead to rescue while odd lanes become decoys.	landmark;art_kit;major_signature;landscape;street_life;objective_route;composition;character_court;safehouse;physics_yard;mission_diorama;account_assets;first_minute;bespoke_survival_horror;authored_asset_refinement;production_completion
124	columbus_ga	Columbus	Southern Evac Line	Southern Evac Line triage routing depot	Coastal Port	Columbus Command Obelisk	Coastal Port with triage conveyor lanes around Columbus Command Obelisk, signature 124	Triage sorter 4: even-number lanes lead to rescue while odd lanes become decoys.	landmark;art_kit;major_signature;landscape;street_life;objective_route;composition;character_court;safehouse;physics_yard;mission_diorama;account_assets;first_minute;bespoke_survival_horror;authored_asset_refinement;production_completion
125	augusta_richmond_county_ga	Augusta-Richmond County	Southern Evac Line	Southern Evac Line radio tower district	Coastal Port	Augusta-Richmond County Relay Bridge	Coastal Port with backward radio mast around Augusta-Richmond County Relay Bridge, signature 125	Radio rewind mast 1: visual packets run backward from tower to terminal.	landmark;art_kit;major_signature;landscape;street_life;objective_route;composition;character_court;safehouse;physics_yard;mission_diorama;account_assets;first_minute;bespoke_survival_horror;authored_asset_refinement;production_completion
126	mobile_al	Mobile	Southern Evac Line	Southern Evac Line mirror-code archive	Metro Core	Mobile Power Crown	Metro Core with mirrored plaza around Mobile Power Crown, signature 126	Mirror-code walk 2: paired light posts teach left/right character comparisons.	landmark;art_kit;major_signature;landscape;street_life;objective_route;composition;character_court;safehouse;physics_yard;mission_diorama;account_assets;first_minute;bespoke_survival_horror;authored_asset_refinement;production_completion
127	oxnard_ca	Oxnard	Western Corridor	Western Corridor drone beacon yard	Coastal Port	Oxnard Signal Spire	Coastal Port with timed beacon pylons around Oxnard Signal Spire, signature 127	Beacon cycle yard 3: numbered pylons emphasize checking 15 before 3 or 5.	landmark;art_kit;major_signature;landscape;street_life;objective_route;composition;character_court;safehouse;physics_yard;mission_diorama;account_assets;first_minute;bespoke_survival_horror;authored_asset_refinement;production_completion
128	grand_rapids_mi	Grand Rapids	Midwest Grid	Midwest Grid triage routing depot	Great Lakes Industrial	Grand Rapids Rescue Arch	Great Lakes Industrial with triage conveyor lanes around Grand Rapids Rescue Arch, signature 128	Triage sorter 4: even-number lanes lead to rescue while odd lanes become decoys.	landmark;art_kit;major_signature;landscape;street_life;objective_route;composition;character_court;safehouse;physics_yard;mission_diorama;account_assets;first_minute;bespoke_survival_horror;authored_asset_refinement;production_completion
129	peoria_az	Peoria	Western Corridor	Western Corridor triage routing depot	Desert Solar Grid	Peoria Data Beacon	Desert Solar Grid with triage conveyor lanes around Peoria Data Beacon, signature 129	Triage sorter 1: even-number lanes lead to rescue while odd lanes become decoys.	landmark;art_kit;major_signature;landscape;street_life;objective_route;composition;character_court;safehouse;physics_yard;mission_diorama;account_assets;first_minute;bespoke_survival_horror;authored_asset_refinement;production_completion
130	vancouver_wa	Vancouver	Western Corridor	Western Corridor radio tower district	Coastal Port	Vancouver Command Obelisk	Coastal Port with backward radio mast around Vancouver Command Obelisk, signature 130	Radio rewind mast 2: visual packets run backward from tower to terminal.	landmark;art_kit;major_signature;landscape;street_life;objective_route;composition;character_court;safehouse;physics_yard;mission_diorama;account_assets;first_minute;bespoke_survival_horror;authored_asset_refinement;production_completion
131	knoxville_tn	Knoxville	Southern Evac Line	Southern Evac Line mirror-code archive	African Urban Relay	Knoxville Relay Bridge	African Urban Relay with mirrored plaza around Knoxville Relay Bridge, signature 131	Mirror-code walk 3: paired light posts teach left/right character comparisons.	landmark;art_kit;major_signature;landscape;street_life;objective_route;composition;character_court;safehouse;physics_yard;mission_diorama;account_assets;first_minute;bespoke_survival_horror;authored_asset_refinement;production_completion
132	birmingham_al	Birmingham	Southern Evac Line	Southern Evac Line drone beacon yard	Metro Core	Birmingham Power Crown	Metro Core with timed beacon pylons around Birmingham Power Crown, signature 132	Beacon cycle yard 4: numbered pylons emphasize checking 15 before 3 or 5.	landmark;art_kit;major_signature;landscape;street_life;objective_route;composition;character_court;safehouse;physics_yard;mission_diorama;account_assets;first_minute;bespoke_survival_horror;authored_asset_refinement;production_completion
133	montgomery_al	Montgomery	Southern Evac Line	Southern Evac Line triage routing depot	Metro Core	Montgomery Signal Spire	Metro Core with triage conveyor lanes around Montgomery Signal Spire, signature 133	Triage sorter 1: even-number lanes lead to rescue while odd lanes become decoys.	landmark;art_kit;major_signature;landscape;street_life;objective_route;composition;character_court;safehouse;physics_yard;mission_diorama;account_assets;first_minute;bespoke_survival_horror;authored_asset_refinement;production_completion
134	providence_ri	Providence	Northeast Relay	Northeast Relay triage routing depot	Coastal Port	Providence Rescue Arch	Coastal Port with triage conveyor lanes around Providence Rescue Arch, signature 134	Triage sorter 2: even-number lanes lead to rescue while odd lanes become decoys.	landmark;art_kit;major_signature;landscape;street_life;objective_route;composition;character_court;safehouse;physics_yard;mission_diorama;account_assets;first_minute;bespoke_survival_horror;authored_asset_refinement;production_completion
135	huntington_beach_ca	Huntington Beach	Western Corridor	Western Corridor radio tower district	Coastal Port	Huntington Beach Data Beacon	Coastal Port with backward radio mast around Huntington Beach Data Beacon, signature 135	Radio rewind mast 3: visual packets run backward from tower to terminal.	landmark;art_kit;major_signature;landscape;street_life;objective_route;composition;character_court;safehouse;physics_yard;mission_diorama;account_assets;first_minute;bespoke_survival_horror;authored_asset_refinement;production_completion
136	brownsville_tx	Brownsville	Southern Evac Line	Southern Evac Line mirror-code archive	Desert Solar Grid	Brownsville Command Obelisk	Desert Solar Grid with mirrored plaza around Brownsville Command Obelisk, signature 136	Mirror-code walk 4: paired light posts teach left/right character comparisons.	landmark;art_kit;major_signature;landscape;street_life;objective_route;composition;character_court;safehouse;physics_yard;mission_diorama;account_assets;first_minute;bespoke_survival_horror;authored_asset_refinement;production_completion
137	chattanooga_tn	Chattanooga	Southern Evac Line	Southern Evac Line drone beacon yard	African Urban Relay	Chattanooga Relay Bridge	African Urban Relay with timed beacon pylons around Chattanooga Relay Bridge, signature 137	Beacon cycle yard 1: numbered pylons emphasize checking 15 before 3 or 5.	landmark;art_kit;major_signature;landscape;street_life;objective_route;composition;character_court;safehouse;physics_yard;mission_diorama;account_assets;first_minute;bespoke_survival_horror;authored_asset_refinement;production_completion
138	fort_lauderdale_fl	Fort Lauderdale	Southern Evac Line	Southern Evac Line triage routing depot	Coastal Port	Fort Lauderdale Power Crown	Coastal Port with triage conveyor lanes around Fort Lauderdale Power Crown, signature 138	Triage sorter 2: even-number lanes lead to rescue while odd lanes become decoys.	landmark;art_kit;major_signature;landscape;street_life;objective_route;composition;character_court;safehouse;physics_yard;mission_diorama;account_assets;first_minute;bespoke_survival_horror;authored_asset_refinement;production_completion
139	tempe_az	Tempe	Western Corridor	Western Corridor triage routing depot	Desert Solar Grid	Tempe Signal Spire	Desert Solar Grid with triage conveyor lanes around Tempe Signal Spire, signature 139	Triage sorter 3: even-number lanes lead to rescue while odd lanes become decoys.	landmark;art_kit;major_signature;landscape;street_life;objective_route;composition;character_court;safehouse;physics_yard;mission_diorama;account_assets;first_minute;bespoke_survival_horror;authored_asset_refinement;production_completion
140	akron_oh	Akron	Midwest Grid	Midwest Grid radio tower district	Great Lakes Industrial	Akron Rescue Arch	Great Lakes Industrial with backward radio mast around Akron Rescue Arch, signature 140	Radio rewind mast 4: visual packets run backward from tower to terminal.	landmark;art_kit;major_signature;landscape;street_life;objective_route;composition;character_court;safehouse;physics_yard;mission_diorama;account_assets;first_minute;bespoke_survival_horror;authored_asset_refinement;production_completion
141	glendale_ca	Glendale	Western Corridor	Western Corridor mirror-code archive	Coastal Port	Glendale Data Beacon	Coastal Port with mirrored plaza around Glendale Data Beacon, signature 141	Mirror-code walk 1: paired light posts teach left/right character comparisons.	landmark;art_kit;major_signature;landscape;street_life;objective_route;composition;character_court;safehouse;physics_yard;mission_diorama;account_assets;first_minute;bespoke_survival_horror;authored_asset_refinement;production_completion
142	clarksville_tn	Clarksville	Southern Evac Line	Southern Evac Line drone beacon yard	African Urban Relay	Clarksville Command Obelisk	African Urban Relay with timed beacon pylons around Clarksville Command Obelisk, signature 142	Beacon cycle yard 2: numbered pylons emphasize checking 15 before 3 or 5.	landmark;art_kit;major_signature;landscape;street_life;objective_route;composition;character_court;safehouse;physics_yard;mission_diorama;account_assets;first_minute;bespoke_survival_horror;authored_asset_refinement;production_completion
143	ontario_ca	Ontario	Western Corridor	Western Corridor triage routing depot	Coastal Port	Ontario Relay Bridge	Coastal Port with triage conveyor lanes around Ontario Relay Bridge, signature 143	Triage sorter 3: even-number lanes lead to rescue while odd lanes become decoys.	landmark;art_kit;major_signature;landscape;street_life;objective_route;composition;character_court;safehouse;physics_yard;mission_diorama;account_assets;first_minute;bespoke_survival_horror;authored_asset_refinement;production_completion
144	newport_news_va	Newport News	Southern Evac Line	Southern Evac Line triage routing depot	Coastal Port	Newport News Power Crown	Coastal Port with triage conveyor lanes around Newport News Power Crown, signature 144	Triage sorter 4: even-number lanes lead to rescue while odd lanes become decoys.	landmark;art_kit;major_signature;landscape;street_life;objective_route;composition;character_court;safehouse;physics_yard;mission_diorama;account_assets;first_minute;bespoke_survival_horror;authored_asset_refinement;production_completion
145	elk_grove_ca	Elk Grove	Western Corridor	Western Corridor radio tower district	Coastal Port	Elk Grove Signal Spire	Coastal Port with backward radio mast around Elk Grove Signal Spire, signature 145	Radio rewind mast 1: visual packets run backward from tower to terminal.	landmark;art_kit;major_signature;landscape;street_life;objective_route;composition;character_court;safehouse;physics_yard;mission_diorama;account_assets;first_minute;bespoke_survival_horror;authored_asset_refinement;production_completion
146	cary_nc	Cary	Southern Evac Line	Southern Evac Line mirror-code archive	Coastal Port	Cary Rescue Arch	Coastal Port with mirrored plaza around Cary Rescue Arch, signature 146	Mirror-code walk 2: paired light posts teach left/right character comparisons.	landmark;art_kit;major_signature;landscape;street_life;objective_route;composition;character_court;safehouse;physics_yard;mission_diorama;account_assets;first_minute;bespoke_survival_horror;authored_asset_refinement;production_completion
147	aurora_il	Aurora	Midwest Grid	Midwest Grid drone beacon yard	Great Lakes Industrial	Aurora Data Beacon	Great Lakes Industrial with timed beacon pylons around Aurora Data Beacon, signature 147	Beacon cycle yard 3: numbered pylons emphasize checking 15 before 3 or 5.	landmark;art_kit;major_signature;landscape;street_life;objective_route;composition;character_court;safehouse;physics_yard;mission_diorama;account_assets;first_minute;bespoke_survival_horror;authored_asset_refinement;production_completion
148	salem_or	Salem	Western Corridor	Western Corridor triage routing depot	Coastal Port	Salem Command Obelisk	Coastal Port with triage conveyor lanes around Salem Command Obelisk, signature 148	Triage sorter 4: even-number lanes lead to rescue while odd lanes become decoys.	landmark;art_kit;major_signature;landscape;street_life;objective_route;composition;character_court;safehouse;physics_yard;mission_diorama;account_assets;first_minute;bespoke_survival_horror;authored_asset_refinement;production_completion
149	pembroke_pines_fl	Pembroke Pines	Southern Evac Line	Southern Evac Line triage routing depot	Coastal Port	Pembroke Pines Relay Bridge	Coastal Port with triage conveyor lanes around Pembroke Pines Relay Bridge, signature 149	Triage sorter 1: even-number lanes lead to rescue while odd lanes become decoys.	landmark;art_kit;major_signature;landscape;street_life;objective_route;composition;character_court;safehouse;physics_yard;mission_diorama;account_assets;first_minute;bespoke_survival_horror;authored_asset_refinement;production_completion
150	eugene_or	Eugene	Western Corridor	Western Corridor radio tower district	Coastal Port	Eugene Power Crown	Coastal Port with backward radio mast around Eugene Power Crown, signature 150	Radio rewind mast 2: visual packets run backward from tower to terminal.	landmark;art_kit;major_signature;landscape;street_life;objective_route;composition;character_court;safehouse;physics_yard;mission_diorama;account_assets;first_minute;bespoke_survival_horror;authored_asset_refinement;production_completion
151	santa_rosa_ca	Santa Rosa	Western Corridor	Western Corridor mirror-code archive	Coastal Port	Santa Rosa Signal Spire	Coastal Port with mirrored plaza around Santa Rosa Signal Spire, signature 151	Mirror-code walk 3: paired light posts teach left/right character comparisons.	landmark;art_kit;major_signature;landscape;street_life;objective_route;composition;character_court;safehouse;physics_yard;mission_diorama;account_assets;first_minute;bespoke_survival_horror;authored_asset_refinement;production_completion
152	rancho_cucamonga_ca	Rancho Cucamonga	Western Corridor	Western Corridor drone beacon yard	Coastal Port	Rancho Cucamonga Rescue Arch	Coastal Port with timed beacon pylons around Rancho Cucamonga Rescue Arch, signature 152	Beacon cycle yard 4: numbered pylons emphasize checking 15 before 3 or 5.	landmark;art_kit;major_signature;landscape;street_life;objective_route;composition;character_court;safehouse;physics_yard;mission_diorama;account_assets;first_minute;bespoke_survival_horror;authored_asset_refinement;production_completion
153	shreveport_la	Shreveport	Southern Evac Line	Southern Evac Line triage routing depot	Coastal Port	Shreveport Data Beacon	Coastal Port with triage conveyor lanes around Shreveport Data Beacon, signature 153	Triage sorter 1: even-number lanes lead to rescue while odd lanes become decoys.	landmark;art_kit;major_signature;landscape;street_life;objective_route;composition;character_court;safehouse;physics_yard;mission_diorama;account_assets;first_minute;bespoke_survival_horror;authored_asset_refinement;production_completion
154	garden_grove_ca	Garden Grove	Western Corridor	Western Corridor triage routing depot	Coastal Port	Garden Grove Command Obelisk	Coastal Port with triage conveyor lanes around Garden Grove Command Obelisk, signature 154	Triage sorter 2: even-number lanes lead to rescue while odd lanes become decoys.	landmark;art_kit;major_signature;landscape;street_life;objective_route;composition;character_court;safehouse;physics_yard;mission_diorama;account_assets;first_minute;bespoke_survival_horror;authored_asset_refinement;production_completion
155	oceanside_ca	Oceanside	Western Corridor	Western Corridor radio tower district	Coastal Port	Oceanside Relay Bridge	Coastal Port with backward radio mast around Oceanside Relay Bridge, signature 155	Radio rewind mast 3: visual packets run backward from tower to terminal.	landmark;art_kit;major_signature;landscape;street_life;objective_route;composition;character_court;safehouse;physics_yard;mission_diorama;account_assets;first_minute;bespoke_survival_horror;authored_asset_refinement;production_completion
156	fort_collins_co	Fort Collins	Western Corridor	Western Corridor mirror-code archive	Latin Metro	Fort Collins Power Crown	Latin Metro with mirrored plaza around Fort Collins Power Crown, signature 156	Mirror-code walk 4: paired light posts teach left/right character comparisons.	landmark;art_kit;major_signature;landscape;street_life;objective_route;composition;character_court;safehouse;physics_yard;mission_diorama;account_assets;first_minute;bespoke_survival_horror;authored_asset_refinement;production_completion
157	springfield_mo	Springfield	Midwest Grid	Midwest Grid drone beacon yard	River Lockworks	Springfield Signal Spire	River Lockworks with timed beacon pylons around Springfield Signal Spire, signature 157	Beacon cycle yard 1: numbered pylons emphasize checking 15 before 3 or 5.	landmark;art_kit;major_signature;landscape;street_life;objective_route;composition;character_court;safehouse;physics_yard;mission_diorama;account_assets;first_minute;bespoke_survival_horror;authored_asset_refinement;production_completion
158	murfreesboro_tn	Murfreesboro	Southern Evac Line	Southern Evac Line triage routing depot	African Urban Relay	Murfreesboro Rescue Arch	African Urban Relay with triage conveyor lanes around Murfreesboro Rescue Arch, signature 158	Triage sorter 2: even-number lanes lead to rescue while odd lanes become decoys.	landmark;art_kit;major_signature;landscape;street_life;objective_route;composition;character_court;safehouse;physics_yard;mission_diorama;account_assets;first_minute;bespoke_survival_horror;authored_asset_refinement;production_completion
159	surprise_az	Surprise	Western Corridor	Western Corridor triage routing depot	Desert Solar Grid	Surprise Data Beacon	Desert Solar Grid with triage conveyor lanes around Surprise Data Beacon, signature 159	Triage sorter 3: even-number lanes lead to rescue while odd lanes become decoys.	landmark;art_kit;major_signature;landscape;street_life;objective_route;composition;character_court;safehouse;physics_yard;mission_diorama;account_assets;first_minute;bespoke_survival_horror;authored_asset_refinement;production_completion
160	lancaster_ca	Lancaster	Western Corridor	Western Corridor radio tower district	Coastal Port	Lancaster Command Obelisk	Coastal Port with backward radio mast around Lancaster Command Obelisk, signature 160	Radio rewind mast 4: visual packets run backward from tower to terminal.	landmark;art_kit;major_signature;landscape;street_life;objective_route;composition;character_court;safehouse;physics_yard;mission_diorama;account_assets;first_minute;bespoke_survival_horror;authored_asset_refinement;production_completion
161	denton_tx	Denton	Southern Evac Line	Southern Evac Line mirror-code archive	Desert Solar Grid	Denton Relay Bridge	Desert Solar Grid with mirrored plaza around Denton Relay Bridge, signature 161	Mirror-code walk 1: paired light posts teach left/right character comparisons.	landmark;art_kit;major_signature;landscape;street_life;objective_route;composition;character_court;safehouse;physics_yard;mission_diorama;account_assets;first_minute;bespoke_survival_horror;authored_asset_refinement;production_completion
162	roseville_ca	Roseville	Western Corridor	Western Corridor drone beacon yard	Coastal Port	Roseville Power Crown	Coastal Port with timed beacon pylons around Roseville Power Crown, signature 162	Beacon cycle yard 2: numbered pylons emphasize checking 15 before 3 or 5.	landmark;art_kit;major_signature;landscape;street_life;objective_route;composition;character_court;safehouse;physics_yard;mission_diorama;account_assets;first_minute;bespoke_survival_horror;authored_asset_refinement;production_completion
163	palmdale_ca	Palmdale	Western Corridor	Western Corridor triage routing depot	Coastal Port	Palmdale Signal Spire	Coastal Port with triage conveyor lanes around Palmdale Signal Spire, signature 163	Triage sorter 3: even-number lanes lead to rescue while odd lanes become decoys.	landmark;art_kit;major_signature;landscape;street_life;objective_route;composition;character_court;safehouse;physics_yard;mission_diorama;account_assets;first_minute;bespoke_survival_horror;authored_asset_refinement;production_completion
164	corona_ca	Corona	Western Corridor	Western Corridor triage routing depot	Coastal Port	Corona Rescue Arch	Coastal Port with triage conveyor lanes around Corona Rescue Arch, signature 164	Triage sorter 4: even-number lanes lead to rescue while odd lanes become decoys.	landmark;art_kit;major_signature;landscape;street_life;objective_route;composition;character_court;safehouse;physics_yard;mission_diorama;account_assets;first_minute;bespoke_survival_horror;authored_asset_refinement;production_completion
165	salinas_ca	Salinas	Western Corridor	Western Corridor radio tower district	Coastal Port	Salinas Data Beacon	Coastal Port with backward radio mast around Salinas Data Beacon, signature 165	Radio rewind mast 1: visual packets run backward from tower to terminal.	landmark;art_kit;major_signature;landscape;street_life;objective_route;composition;character_court;safehouse;physics_yard;mission_diorama;account_assets;first_minute;bespoke_survival_horror;authored_asset_refinement;production_completion
166	killeen_tx	Killeen	Southern Evac Line	Southern Evac Line mirror-code archive	Desert Solar Grid	Killeen Command Obelisk	Desert Solar Grid with mirrored plaza around Killeen Command Obelisk, signature 166	Mirror-code walk 2: paired light posts teach left/right character comparisons.	landmark;art_kit;major_signature;landscape;street_life;objective_route;composition;character_court;safehouse;physics_yard;mission_diorama;account_assets;first_minute;bespoke_survival_horror;authored_asset_refinement;production_completion
167	paterson_nj	Paterson	Northeast Relay	Northeast Relay drone beacon yard	Coastal Port	Paterson Relay Bridge	Coastal Port with timed beacon pylons around Paterson Relay Bridge, signature 167	Beacon cycle yard 3: numbered pylons emphasize checking 15 before 3 or 5.	landmark;art_kit;major_signature;landscape;street_life;objective_route;composition;character_court;safehouse;physics_yard;mission_diorama;account_assets;first_minute;bespoke_survival_horror;authored_asset_refinement;production_completion
168	alexandria_va	Alexandria	Southern Evac Line	Southern Evac Line triage routing depot	Coastal Port	Alexandria Power Crown	Coastal Port with triage conveyor lanes around Alexandria Power Crown, signature 168	Triage sorter 4: even-number lanes lead to rescue while odd lanes become decoys.	landmark;art_kit;major_signature;landscape;street_life;objective_route;composition;character_court;safehouse;physics_yard;mission_diorama;account_assets;first_minute;bespoke_survival_horror;authored_asset_refinement;production_completion
169	hollywood_fl	Hollywood	Southern Evac Line	Southern Evac Line triage routing depot	Coastal Port	Hollywood Signal Spire	Coastal Port with triage conveyor lanes around Hollywood Signal Spire, signature 169	Triage sorter 1: even-number lanes lead to rescue while odd lanes become decoys.	landmark;art_kit;major_signature;landscape;street_life;objective_route;composition;character_court;safehouse;physics_yard;mission_diorama;account_assets;first_minute;bespoke_survival_horror;authored_asset_refinement;production_completion
170	hayward_ca	Hayward	Western Corridor	Western Corridor radio tower district	Coastal Port	Hayward Rescue Arch	Coastal Port with backward radio mast around Hayward Rescue Arch, signature 170	Radio rewind mast 2: visual packets run backward from tower to terminal.	landmark;art_kit;major_signature;landscape;street_life;objective_route;composition;character_court;safehouse;physics_yard;mission_diorama;account_assets;first_minute;bespoke_survival_horror;authored_asset_refinement;production_completion
171	charleston_sc	Charleston	Southern Evac Line	Southern Evac Line mirror-code archive	Coastal Port	Charleston Data Beacon	Coastal Port with mirrored plaza around Charleston Data Beacon, signature 171	Mirror-code walk 3: paired light posts teach left/right character comparisons.	landmark;art_kit;major_signature;landscape;street_life;objective_route;composition;character_court;safehouse;physics_yard;mission_diorama;account_assets;first_minute;bespoke_survival_horror;authored_asset_refinement;production_completion
172	macon_bibb_county_ga	Macon-Bibb County	Southern Evac Line	Southern Evac Line drone beacon yard	Coastal Port	Macon-Bibb County Command Obelisk	Coastal Port with timed beacon pylons around Macon-Bibb County Command Obelisk, signature 172	Beacon cycle yard 4: numbered pylons emphasize checking 15 before 3 or 5.	landmark;art_kit;major_signature;landscape;street_life;objective_route;composition;character_court;safehouse;physics_yard;mission_diorama;account_assets;first_minute;bespoke_survival_horror;authored_asset_refinement;production_completion
173	lakewood_co	Lakewood	Western Corridor	Western Corridor triage routing depot	Latin Metro	Lakewood Relay Bridge	Latin Metro with triage conveyor lanes around Lakewood Relay Bridge, signature 173	Triage sorter 1: even-number lanes lead to rescue while odd lanes become decoys.	landmark;art_kit;major_signature;landscape;street_life;objective_route;composition;character_court;safehouse;physics_yard;mission_diorama;account_assets;first_minute;bespoke_survival_horror;authored_asset_refinement;production_completion
174	sunnyvale_ca	Sunnyvale	Western Corridor	Western Corridor triage routing depot	Coastal Port	Sunnyvale Power Crown	Coastal Port with triage conveyor lanes around Sunnyvale Power Crown, signature 174	Triage sorter 2: even-number lanes lead to rescue while odd lanes become decoys.	landmark;art_kit;major_signature;landscape;street_life;objective_route;composition;character_court;safehouse;physics_yard;mission_diorama;account_assets;first_minute;bespoke_survival_horror;authored_asset_refinement;production_completion
175	kansas_city_ks	Kansas City	Midwest Grid	Midwest Grid triage routing depot	Rail Yard	Kansas City Signal Spire	Rail Yard with triage conveyor lanes around Kansas City Signal Spire, signature 175	Triage sorter 3: even-number lanes lead to rescue while odd lanes become decoys.	landmark;art_kit;major_signature;landscape;street_life;objective_route;composition;character_court;safehouse;physics_yard;mission_diorama;account_assets;first_minute;bespoke_survival_horror;authored_asset_refinement;production_completion
176	springfield_ma	Springfield	Northeast Relay	Northeast Relay evacuation chain depot	African Urban Relay	Springfield Rescue Arch	African Urban Relay with linked evacuation posts around Springfield Rescue Arch, signature 176	Evacuation chain 4: node markers show current, next, and stop sentinel movement.	landmark;art_kit;major_signature;landscape;street_life;objective_route;composition;character_court;safehouse;physics_yard;mission_diorama;account_assets;first_minute;bespoke_survival_horror;authored_asset_refinement;production_completion
177	bellevue_wa	Bellevue	Western Corridor	Western Corridor mirror-code archive	Coastal Port	Bellevue Data Beacon	Coastal Port with mirrored plaza around Bellevue Data Beacon, signature 177	Mirror-code walk 1: paired light posts teach left/right character comparisons.	landmark;art_kit;major_signature;landscape;street_life;objective_route;composition;character_court;safehouse;physics_yard;mission_diorama;account_assets;first_minute;bespoke_survival_horror;authored_asset_refinement;production_completion
178	naperville_il	Naperville	Midwest Grid	Midwest Grid sorted supply-cache vault	Great Lakes Industrial	Naperville Command Obelisk	Great Lakes Industrial with halved search vault around Naperville Command Obelisk, signature 178	Sorted-cache vault 2: shrinking light bands show low, mid, and high bounds.	landmark;art_kit;major_signature;landscape;street_life;objective_route;composition;character_court;safehouse;physics_yard;mission_diorama;account_assets;first_minute;bespoke_survival_horror;authored_asset_refinement;production_completion
179	joliet_il	Joliet	Midwest Grid	Midwest Grid drone beacon yard	Great Lakes Industrial	Joliet Relay Bridge	Great Lakes Industrial with timed beacon pylons around Joliet Relay Bridge, signature 179	Beacon cycle yard 3: numbered pylons emphasize checking 15 before 3 or 5.	landmark;art_kit;major_signature;landscape;street_life;objective_route;composition;character_court;safehouse;physics_yard;mission_diorama;account_assets;first_minute;bespoke_survival_horror;authored_asset_refinement;production_completion
180	bridgeport_ct	Bridgeport	Northeast Relay	Northeast Relay triage routing depot	Coastal Port	Bridgeport Power Crown	Coastal Port with triage conveyor lanes around Bridgeport Power Crown, signature 180	Triage sorter 4: even-number lanes lead to rescue while odd lanes become decoys.	landmark;art_kit;major_signature;landscape;street_life;objective_route;composition;character_court;safehouse;physics_yard;mission_diorama;account_assets;first_minute;bespoke_survival_horror;authored_asset_refinement;production_completion
181	mesquite_tx	Mesquite	Southern Evac Line	Southern Evac Line evacuation chain depot	Desert Solar Grid	Mesquite Signal Spire	Desert Solar Grid with linked evacuation posts around Mesquite Signal Spire, signature 181	Evacuation chain 1: node markers show current, next, and stop sentinel movement.	landmark;art_kit;major_signature;landscape;street_life;objective_route;composition;character_court;safehouse;physics_yard;mission_diorama;account_assets;first_minute;bespoke_survival_horror;authored_asset_refinement;production_completion
182	pasadena_tx	Pasadena	Southern Evac Line	Southern Evac Line mirror-code archive	Desert Solar Grid	Pasadena Rescue Arch	Desert Solar Grid with mirrored plaza around Pasadena Rescue Arch, signature 182	Mirror-code walk 2: paired light posts teach left/right character comparisons.	landmark;art_kit;major_signature;landscape;street_life;objective_route;composition;character_court;safehouse;physics_yard;mission_diorama;account_assets;first_minute;bespoke_survival_horror;authored_asset_refinement;production_completion
183	olathe_ks	Olathe	Midwest Grid	Midwest Grid sorted supply-cache vault	Rail Yard	Olathe Data Beacon	Rail Yard with halved search vault around Olathe Data Beacon, signature 183	Sorted-cache vault 3: shrinking light bands show low, mid, and high bounds.	landmark;art_kit;major_signature;landscape;street_life;objective_route;composition;character_court;safehouse;physics_yard;mission_diorama;account_assets;first_minute;bespoke_survival_horror;authored_asset_refinement;production_completion
184	escondido_ca	Escondido	Western Corridor	Western Corridor drone beacon yard	Coastal Port	Escondido Command Obelisk	Coastal Port with timed beacon pylons around Escondido Command Obelisk, signature 184	Beacon cycle yard 4: numbered pylons emphasize checking 15 before 3 or 5.	landmark;art_kit;major_signature;landscape;street_life;objective_route;composition;character_court;safehouse;physics_yard;mission_diorama;account_assets;first_minute;bespoke_survival_horror;authored_asset_refinement;production_completion
185	savannah_ga	Savannah	Southern Evac Line	Southern Evac Line triage routing depot	Coastal Port	Savannah Relay Bridge	Coastal Port with triage conveyor lanes around Savannah Relay Bridge, signature 185	Triage sorter 1: even-number lanes lead to rescue while odd lanes become decoys.	landmark;art_kit;major_signature;landscape;street_life;objective_route;composition;character_court;safehouse;physics_yard;mission_diorama;account_assets;first_minute;bespoke_survival_horror;authored_asset_refinement;production_completion
186	mcallen_tx	McAllen	Southern Evac Line	Southern Evac Line evacuation chain depot	Desert Solar Grid	McAllen Power Crown	Desert Solar Grid with linked evacuation posts around McAllen Power Crown, signature 186	Evacuation chain 2: node markers show current, next, and stop sentinel movement.	landmark;art_kit;major_signature;landscape;street_life;objective_route;composition;character_court;safehouse;physics_yard;mission_diorama;account_assets;first_minute;bespoke_survival_horror;authored_asset_refinement;production_completion
187	gainesville_fl	Gainesville	Southern Evac Line	Southern Evac Line mirror-code archive	Coastal Port	Gainesville Signal Spire	Coastal Port with mirrored plaza around Gainesville Signal Spire, signature 187	Mirror-code walk 3: paired light posts teach left/right character comparisons.	landmark;art_kit;major_signature;landscape;street_life;objective_route;composition;character_court;safehouse;physics_yard;mission_diorama;account_assets;first_minute;bespoke_survival_horror;authored_asset_refinement;production_completion
188	pomona_ca	Pomona	Western Corridor	Western Corridor sorted supply-cache vault	Coastal Port	Pomona Rescue Arch	Coastal Port with halved search vault around Pomona Rescue Arch, signature 188	Sorted-cache vault 4: shrinking light bands show low, mid, and high bounds.	landmark;art_kit;major_signature;landscape;street_life;objective_route;composition;character_court;safehouse;physics_yard;mission_diorama;account_assets;first_minute;bespoke_survival_horror;authored_asset_refinement;production_completion
189	rockford_il	Rockford	Midwest Grid	Midwest Grid drone beacon yard	Great Lakes Industrial	Rockford Data Beacon	Great Lakes Industrial with timed beacon pylons around Rockford Data Beacon, signature 189	Beacon cycle yard 1: numbered pylons emphasize checking 15 before 3 or 5.	landmark;art_kit;major_signature;landscape;street_life;objective_route;composition;character_court;safehouse;physics_yard;mission_diorama;account_assets;first_minute;bespoke_survival_horror;authored_asset_refinement;production_completion
190	thornton_co	Thornton	Western Corridor	Western Corridor triage routing depot	Latin Metro	Thornton Command Obelisk	Latin Metro with triage conveyor lanes around Thornton Command Obelisk, signature 190	Triage sorter 2: even-number lanes lead to rescue while odd lanes become decoys.	landmark;art_kit;major_signature;landscape;street_life;objective_route;composition;character_court;safehouse;physics_yard;mission_diorama;account_assets;first_minute;bespoke_survival_horror;authored_asset_refinement;production_completion
191	waco_tx	Waco	Southern Evac Line	Southern Evac Line evacuation chain depot	Desert Solar Grid	Waco Relay Bridge	Desert Solar Grid with linked evacuation posts around Waco Relay Bridge, signature 191	Evacuation chain 3: node markers show current, next, and stop sentinel movement.	landmark;art_kit;major_signature;landscape;street_life;objective_route;composition;character_court;safehouse;physics_yard;mission_diorama;account_assets;first_minute;bespoke_survival_horror;authored_asset_refinement;production_completion
192	visalia_ca	Visalia	Western Corridor	Western Corridor mirror-code archive	Coastal Port	Visalia Power Crown	Coastal Port with mirrored plaza around Visalia Power Crown, signature 192	Mirror-code walk 4: paired light posts teach left/right character comparisons.	landmark;art_kit;major_signature;landscape;street_life;objective_route;composition;character_court;safehouse;physics_yard;mission_diorama;account_assets;first_minute;bespoke_survival_horror;authored_asset_refinement;production_completion
193	syracuse_ny	Syracuse	Northeast Relay	Northeast Relay sorted supply-cache vault	Coastal Port	Syracuse Signal Spire	Coastal Port with halved search vault around Syracuse Signal Spire, signature 193	Sorted-cache vault 1: shrinking light bands show low, mid, and high bounds.	landmark;art_kit;major_signature;landscape;street_life;objective_route;composition;character_court;safehouse;physics_yard;mission_diorama;account_assets;first_minute;bespoke_survival_horror;authored_asset_refinement;production_completion
194	columbia_sc	Columbia	Southern Evac Line	Southern Evac Line drone beacon yard	Coastal Port	Columbia Rescue Arch	Coastal Port with timed beacon pylons around Columbia Rescue Arch, signature 194	Beacon cycle yard 2: numbered pylons emphasize checking 15 before 3 or 5.	landmark;art_kit;major_signature;landscape;street_life;objective_route;composition;character_court;safehouse;physics_yard;mission_diorama;account_assets;first_minute;bespoke_survival_horror;authored_asset_refinement;production_completion
195	midland_tx	Midland	Southern Evac Line	Southern Evac Line triage routing depot	Desert Solar Grid	Midland Data Beacon	Desert Solar Grid with triage conveyor lanes around Midland Data Beacon, signature 195	Triage sorter 3: even-number lanes lead to rescue while odd lanes become decoys.	landmark;art_kit;major_signature;landscape;street_life;objective_route;composition;character_court;safehouse;physics_yard;mission_diorama;account_assets;first_minute;bespoke_survival_horror;authored_asset_refinement;production_completion
196	miramar_fl	Miramar	Southern Evac Line	Southern Evac Line evacuation chain depot	Coastal Port	Miramar Command Obelisk	Coastal Port with linked evacuation posts around Miramar Command Obelisk, signature 196	Evacuation chain 4: node markers show current, next, and stop sentinel movement.	landmark;art_kit;major_signature;landscape;street_life;objective_route;composition;character_court;safehouse;physics_yard;mission_diorama;account_assets;first_minute;bespoke_survival_horror;authored_asset_refinement;production_completion
197	palm_bay_fl	Palm Bay	Southern Evac Line	Southern Evac Line mirror-code archive	Coastal Port	Palm Bay Relay Bridge	Coastal Port with mirrored plaza around Palm Bay Relay Bridge, signature 197	Mirror-code walk 1: paired light posts teach left/right character comparisons.	landmark;art_kit;major_signature;landscape;street_life;objective_route;composition;character_court;safehouse;physics_yard;mission_diorama;account_assets;first_minute;bespoke_survival_horror;authored_asset_refinement;production_completion
198	jackson_ms	Jackson	Southern Evac Line	Southern Evac Line sorted supply-cache vault	River Lockworks	Jackson Power Crown	River Lockworks with halved search vault around Jackson Power Crown, signature 198	Sorted-cache vault 2: shrinking light bands show low, mid, and high bounds.	landmark;art_kit;major_signature;landscape;street_life;objective_route;composition;character_court;safehouse;physics_yard;mission_diorama;account_assets;first_minute;bespoke_survival_horror;authored_asset_refinement;production_completion
199	coral_springs_fl	Coral Springs	Southern Evac Line	Southern Evac Line drone beacon yard	Coastal Port	Coral Springs Signal Spire	Coastal Port with timed beacon pylons around Coral Springs Signal Spire, signature 199	Beacon cycle yard 3: numbered pylons emphasize checking 15 before 3 or 5.	landmark;art_kit;major_signature;landscape;street_life;objective_route;composition;character_court;safehouse;physics_yard;mission_diorama;account_assets;first_minute;bespoke_survival_horror;authored_asset_refinement;production_completion
200	victorville_ca	Victorville	Western Corridor	Western Corridor triage routing depot	Coastal Port	Victorville Rescue Arch	Coastal Port with triage conveyor lanes around Victorville Rescue Arch, signature 200	Triage sorter 4: even-number lanes lead to rescue while odd lanes become decoys.	landmark;art_kit;major_signature;landscape;street_life;objective_route;composition;character_court;safehouse;physics_yard;mission_diorama;account_assets;first_minute;bespoke_survival_horror;authored_asset_refinement;production_completion
201	elizabeth_nj	Elizabeth	Northeast Relay	Northeast Relay evacuation chain depot	Coastal Port	Elizabeth Data Beacon	Coastal Port with linked evacuation posts around Elizabeth Data Beacon, signature 201	Evacuation chain 1: node markers show current, next, and stop sentinel movement.	landmark;art_kit;major_signature;landscape;street_life;objective_route;composition;character_court;safehouse;physics_yard;mission_diorama;account_assets;first_minute;bespoke_survival_horror;authored_asset_refinement;production_completion
202	fullerton_ca	Fullerton	Western Corridor	Western Corridor mirror-code archive	Coastal Port	Fullerton Command Obelisk	Coastal Port with mirrored plaza around Fullerton Command Obelisk, signature 202	Mirror-code walk 2: paired light posts teach left/right character comparisons.	landmark;art_kit;major_signature;landscape;street_life;objective_route;composition;character_court;safehouse;physics_yard;mission_diorama;account_assets;first_minute;bespoke_survival_horror;authored_asset_refinement;production_completion
203	meridian_id	Meridian	Western Corridor	Western Corridor sorted supply-cache vault	Monsoon Port	Meridian Relay Bridge	Monsoon Port with halved search vault around Meridian Relay Bridge, signature 203	Sorted-cache vault 3: shrinking light bands show low, mid, and high bounds.	landmark;art_kit;major_signature;landscape;street_life;objective_route;composition;character_court;safehouse;physics_yard;mission_diorama;account_assets;first_minute;bespoke_survival_horror;authored_asset_refinement;production_completion
204	torrance_ca	Torrance	Western Corridor	Western Corridor drone beacon yard	Coastal Port	Torrance Power Crown	Coastal Port with timed beacon pylons around Torrance Power Crown, signature 204	Beacon cycle yard 4: numbered pylons emphasize checking 15 before 3 or 5.	landmark;art_kit;major_signature;landscape;street_life;objective_route;composition;character_court;safehouse;physics_yard;mission_diorama;account_assets;first_minute;bespoke_survival_horror;authored_asset_refinement;production_completion
205	stamford_ct	Stamford	Northeast Relay	Northeast Relay triage routing depot	Coastal Port	Stamford Signal Spire	Coastal Port with triage conveyor lanes around Stamford Signal Spire, signature 205	Triage sorter 1: even-number lanes lead to rescue while odd lanes become decoys.	landmark;art_kit;major_signature;landscape;street_life;objective_route;composition;character_court;safehouse;physics_yard;mission_diorama;account_assets;first_minute;bespoke_survival_horror;authored_asset_refinement;production_completion
206	west_valley_city_ut	West Valley City	Western Corridor	Western Corridor evacuation chain depot	Mountain Relay	West Valley City Rescue Arch	Mountain Relay with linked evacuation posts around West Valley City Rescue Arch, signature 206	Evacuation chain 2: node markers show current, next, and stop sentinel movement.	landmark;art_kit;major_signature;landscape;street_life;objective_route;composition;character_court;safehouse;physics_yard;mission_diorama;account_assets;first_minute;bespoke_survival_horror;authored_asset_refinement;production_completion
207	orange_ca	Orange	Western Corridor	Western Corridor mirror-code archive	Coastal Port	Orange Data Beacon	Coastal Port with mirrored plaza around Orange Data Beacon, signature 207	Mirror-code walk 3: paired light posts teach left/right character comparisons.	landmark;art_kit;major_signature;landscape;street_life;objective_route;composition;character_court;safehouse;physics_yard;mission_diorama;account_assets;first_minute;bespoke_survival_horror;authored_asset_refinement;production_completion
208	cedar_rapids_ia	Cedar Rapids	Midwest Grid	Midwest Grid sorted supply-cache vault	River Lockworks	Cedar Rapids Command Obelisk	River Lockworks with halved search vault around Cedar Rapids Command Obelisk, signature 208	Sorted-cache vault 4: shrinking light bands show low, mid, and high bounds.	landmark;art_kit;major_signature;landscape;street_life;objective_route;composition;character_court;safehouse;physics_yard;mission_diorama;account_assets;first_minute;bespoke_survival_horror;authored_asset_refinement;production_completion
209	warren_mi	Warren	Midwest Grid	Midwest Grid drone beacon yard	Great Lakes Industrial	Warren Relay Bridge	Great Lakes Industrial with timed beacon pylons around Warren Relay Bridge, signature 209	Beacon cycle yard 1: numbered pylons emphasize checking 15 before 3 or 5.	landmark;art_kit;major_signature;landscape;street_life;objective_route;composition;character_court;safehouse;physics_yard;mission_diorama;account_assets;first_minute;bespoke_survival_horror;authored_asset_refinement;production_completion
210	hampton_va	Hampton	Southern Evac Line	Southern Evac Line triage routing depot	Coastal Port	Hampton Power Crown	Coastal Port with triage conveyor lanes around Hampton Power Crown, signature 210	Triage sorter 2: even-number lanes lead to rescue while odd lanes become decoys.	landmark;art_kit;major_signature;landscape;street_life;objective_route;composition;character_court;safehouse;physics_yard;mission_diorama;account_assets;first_minute;bespoke_survival_horror;authored_asset_refinement;production_completion
211	new_haven_ct	New Haven	Northeast Relay	Northeast Relay evacuation chain depot	Coastal Port	New Haven Signal Spire	Coastal Port with linked evacuation posts around New Haven Signal Spire, signature 211	Evacuation chain 3: node markers show current, next, and stop sentinel movement.	landmark;art_kit;major_signature;landscape;street_life;objective_route;composition;character_court;safehouse;physics_yard;mission_diorama;account_assets;first_minute;bespoke_survival_horror;authored_asset_refinement;production_completion
212	pasadena_ca	Pasadena	Western Corridor	Western Corridor mirror-code archive	Coastal Port	Pasadena Rescue Arch	Coastal Port with mirrored plaza around Pasadena Rescue Arch, signature 212	Mirror-code walk 4: paired light posts teach left/right character comparisons.	landmark;art_kit;major_signature;landscape;street_life;objective_route;composition;character_court;safehouse;physics_yard;mission_diorama;account_assets;first_minute;bespoke_survival_horror;authored_asset_refinement;production_completion
213	kent_wa	Kent	Western Corridor	Western Corridor sorted supply-cache vault	Coastal Port	Kent Data Beacon	Coastal Port with halved search vault around Kent Data Beacon, signature 213	Sorted-cache vault 1: shrinking light bands show low, mid, and high bounds.	landmark;art_kit;major_signature;landscape;street_life;objective_route;composition;character_court;safehouse;physics_yard;mission_diorama;account_assets;first_minute;bespoke_survival_horror;authored_asset_refinement;production_completion
214	dayton_oh	Dayton	Midwest Grid	Midwest Grid drone beacon yard	Great Lakes Industrial	Dayton Command Obelisk	Great Lakes Industrial with timed beacon pylons around Dayton Command Obelisk, signature 214	Beacon cycle yard 2: numbered pylons emphasize checking 15 before 3 or 5.	landmark;art_kit;major_signature;landscape;street_life;objective_route;composition;character_court;safehouse;physics_yard;mission_diorama;account_assets;first_minute;bespoke_survival_horror;authored_asset_refinement;production_completion
215	fargo_nd	Fargo	Midwest Grid	Midwest Grid triage routing depot	Rail Yard	Fargo Relay Bridge	Rail Yard with triage conveyor lanes around Fargo Relay Bridge, signature 215	Triage sorter 3: even-number lanes lead to rescue while odd lanes become decoys.	landmark;art_kit;major_signature;landscape;street_life;objective_route;composition;character_court;safehouse;physics_yard;mission_diorama;account_assets;first_minute;bespoke_survival_horror;authored_asset_refinement;production_completion
216	lewisville_tx	Lewisville	Southern Evac Line	Southern Evac Line evacuation chain depot	Desert Solar Grid	Lewisville Power Crown	Desert Solar Grid with linked evacuation posts around Lewisville Power Crown, signature 216	Evacuation chain 4: node markers show current, next, and stop sentinel movement.	landmark;art_kit;major_signature;landscape;street_life;objective_route;composition;character_court;safehouse;physics_yard;mission_diorama;account_assets;first_minute;bespoke_survival_horror;authored_asset_refinement;production_completion
217	carrollton_tx	Carrollton	Southern Evac Line	Southern Evac Line mirror-code archive	Desert Solar Grid	Carrollton Signal Spire	Desert Solar Grid with mirrored plaza around Carrollton Signal Spire, signature 217	Mirror-code walk 1: paired light posts teach left/right character comparisons.	landmark;art_kit;major_signature;landscape;street_life;objective_route;composition;character_court;safehouse;physics_yard;mission_diorama;account_assets;first_minute;bespoke_survival_horror;authored_asset_refinement;production_completion
218	round_rock_tx	Round Rock	Southern Evac Line	Southern Evac Line sorted supply-cache vault	Desert Solar Grid	Round Rock Rescue Arch	Desert Solar Grid with halved search vault around Round Rock Rescue Arch, signature 218	Sorted-cache vault 2: shrinking light bands show low, mid, and high bounds.	landmark;art_kit;major_signature;landscape;street_life;objective_route;composition;character_court;safehouse;physics_yard;mission_diorama;account_assets;first_minute;bespoke_survival_horror;authored_asset_refinement;production_completion
219	sterling_heights_mi	Sterling Heights	Midwest Grid	Midwest Grid drone beacon yard	Great Lakes Industrial	Sterling Heights Data Beacon	Great Lakes Industrial with timed beacon pylons around Sterling Heights Data Beacon, signature 219	Beacon cycle yard 3: numbered pylons emphasize checking 15 before 3 or 5.	landmark;art_kit;major_signature;landscape;street_life;objective_route;composition;character_court;safehouse;physics_yard;mission_diorama;account_assets;first_minute;bespoke_survival_horror;authored_asset_refinement;production_completion
220	santa_clara_ca	Santa Clara	Western Corridor	Western Corridor triage routing depot	Coastal Port	Santa Clara Command Obelisk	Coastal Port with triage conveyor lanes around Santa Clara Command Obelisk, signature 220	Triage sorter 4: even-number lanes lead to rescue while odd lanes become decoys.	landmark;art_kit;major_signature;landscape;street_life;objective_route;composition;character_court;safehouse;physics_yard;mission_diorama;account_assets;first_minute;bespoke_survival_horror;authored_asset_refinement;production_completion
221	norman_ok	Norman	Southern Evac Line	Southern Evac Line evacuation chain depot	Metro Core	Norman Relay Bridge	Metro Core with linked evacuation posts around Norman Relay Bridge, signature 221	Evacuation chain 1: node markers show current, next, and stop sentinel movement.	landmark;art_kit;major_signature;landscape;street_life;objective_route;composition;character_court;safehouse;physics_yard;mission_diorama;account_assets;first_minute;bespoke_survival_horror;authored_asset_refinement;production_completion
222	columbia_mo	Columbia	Midwest Grid	Midwest Grid mirror-code archive	River Lockworks	Columbia Power Crown	River Lockworks with mirrored plaza around Columbia Power Crown, signature 222	Mirror-code walk 2: paired light posts teach left/right character comparisons.	landmark;art_kit;major_signature;landscape;street_life;objective_route;composition;character_court;safehouse;physics_yard;mission_diorama;account_assets;first_minute;bespoke_survival_horror;authored_asset_refinement;production_completion
223	abilene_tx	Abilene	Southern Evac Line	Southern Evac Line sorted supply-cache vault	Desert Solar Grid	Abilene Signal Spire	Desert Solar Grid with halved search vault around Abilene Signal Spire, signature 223	Sorted-cache vault 3: shrinking light bands show low, mid, and high bounds.	landmark;art_kit;major_signature;landscape;street_life;objective_route;composition;character_court;safehouse;physics_yard;mission_diorama;account_assets;first_minute;bespoke_survival_horror;authored_asset_refinement;production_completion
224	pearland_tx	Pearland	Southern Evac Line	Southern Evac Line drone beacon yard	Desert Solar Grid	Pearland Rescue Arch	Desert Solar Grid with timed beacon pylons around Pearland Rescue Arch, signature 224	Beacon cycle yard 4: numbered pylons emphasize checking 15 before 3 or 5.	landmark;art_kit;major_signature;landscape;street_life;objective_route;composition;character_court;safehouse;physics_yard;mission_diorama;account_assets;first_minute;bespoke_survival_horror;authored_asset_refinement;production_completion
225	athens_clarke_county_ga	Athens-Clarke County	Southern Evac Line	Southern Evac Line triage routing depot	Coastal Port	Athens-Clarke County Data Beacon	Coastal Port with triage conveyor lanes around Athens-Clarke County Data Beacon, signature 225	Triage sorter 1: even-number lanes lead to rescue while odd lanes become decoys.	landmark;art_kit;major_signature;landscape;street_life;objective_route;composition;character_court;safehouse;physics_yard;mission_diorama;account_assets;first_minute;bespoke_survival_horror;authored_asset_refinement;production_completion
226	college_station_tx	College Station	Southern Evac Line	Southern Evac Line evacuation chain depot	Desert Solar Grid	College Station Command Obelisk	Desert Solar Grid with linked evacuation posts around College Station Command Obelisk, signature 226	Evacuation chain 2: node markers show current, next, and stop sentinel movement.	landmark;art_kit;major_signature;landscape;street_life;objective_route;composition;character_court;safehouse;physics_yard;mission_diorama;account_assets;first_minute;bespoke_survival_horror;authored_asset_refinement;production_completion
227	clovis_ca	Clovis	Western Corridor	Western Corridor mirror-code archive	Coastal Port	Clovis Relay Bridge	Coastal Port with mirrored plaza around Clovis Relay Bridge, signature 227	Mirror-code walk 3: paired light posts teach left/right character comparisons.	landmark;art_kit;major_signature;landscape;street_life;objective_route;composition;character_court;safehouse;physics_yard;mission_diorama;account_assets;first_minute;bespoke_survival_horror;authored_asset_refinement;production_completion
228	west_palm_beach_fl	West Palm Beach	Southern Evac Line	Southern Evac Line sorted supply-cache vault	Coastal Port	West Palm Beach Power Crown	Coastal Port with halved search vault around West Palm Beach Power Crown, signature 228	Sorted-cache vault 4: shrinking light bands show low, mid, and high bounds.	landmark;art_kit;major_signature;landscape;street_life;objective_route;composition;character_court;safehouse;physics_yard;mission_diorama;account_assets;first_minute;bespoke_survival_horror;authored_asset_refinement;production_completion
229	allentown_pa	Allentown	Northeast Relay	Northeast Relay drone beacon yard	Latin Metro	Allentown Signal Spire	Latin Metro with timed beacon pylons around Allentown Signal Spire, signature 229	Beacon cycle yard 1: numbered pylons emphasize checking 15 before 3 or 5.	landmark;art_kit;major_signature;landscape;street_life;objective_route;composition;character_court;safehouse;physics_yard;mission_diorama;account_assets;first_minute;bespoke_survival_horror;authored_asset_refinement;production_completion
230	north_charleston_sc	North Charleston	Southern Evac Line	Southern Evac Line triage routing depot	Coastal Port	North Charleston Rescue Arch	Coastal Port with triage conveyor lanes around North Charleston Rescue Arch, signature 230	Triage sorter 2: even-number lanes lead to rescue while odd lanes become decoys.	landmark;art_kit;major_signature;landscape;street_life;objective_route;composition;character_court;safehouse;physics_yard;mission_diorama;account_assets;first_minute;bespoke_survival_horror;authored_asset_refinement;production_completion
231	simi_valley_ca	Simi Valley	Western Corridor	Western Corridor evacuation chain depot	Coastal Port	Simi Valley Data Beacon	Coastal Port with linked evacuation posts around Simi Valley Data Beacon, signature 231	Evacuation chain 3: node markers show current, next, and stop sentinel movement.	landmark;art_kit;major_signature;landscape;street_life;objective_route;composition;character_court;safehouse;physics_yard;mission_diorama;account_assets;first_minute;bespoke_survival_horror;authored_asset_refinement;production_completion
232	topeka_ks	Topeka	Midwest Grid	Midwest Grid mirror-code archive	Rail Yard	Topeka Command Obelisk	Rail Yard with mirrored plaza around Topeka Command Obelisk, signature 232	Mirror-code walk 4: paired light posts teach left/right character comparisons.	landmark;art_kit;major_signature;landscape;street_life;objective_route;composition;character_court;safehouse;physics_yard;mission_diorama;account_assets;first_minute;bespoke_survival_horror;authored_asset_refinement;production_completion
233	wilmington_nc	Wilmington	Southern Evac Line	Southern Evac Line sorted supply-cache vault	Coastal Port	Wilmington Relay Bridge	Coastal Port with halved search vault around Wilmington Relay Bridge, signature 233	Sorted-cache vault 1: shrinking light bands show low, mid, and high bounds.	landmark;art_kit;major_signature;landscape;street_life;objective_route;composition;character_court;safehouse;physics_yard;mission_diorama;account_assets;first_minute;bespoke_survival_horror;authored_asset_refinement;production_completion
234	lakeland_fl	Lakeland	Southern Evac Line	Southern Evac Line drone beacon yard	Coastal Port	Lakeland Power Crown	Coastal Port with timed beacon pylons around Lakeland Power Crown, signature 234	Beacon cycle yard 2: numbered pylons emphasize checking 15 before 3 or 5.	landmark;art_kit;major_signature;landscape;street_life;objective_route;composition;character_court;safehouse;physics_yard;mission_diorama;account_assets;first_minute;bespoke_survival_horror;authored_asset_refinement;production_completion
235	thousand_oaks_ca	Thousand Oaks	Western Corridor	Western Corridor triage routing depot	Coastal Port	Thousand Oaks Signal Spire	Coastal Port with triage conveyor lanes around Thousand Oaks Signal Spire, signature 235	Triage sorter 3: even-number lanes lead to rescue while odd lanes become decoys.	landmark;art_kit;major_signature;landscape;street_life;objective_route;composition;character_court;safehouse;physics_yard;mission_diorama;account_assets;first_minute;bespoke_survival_horror;authored_asset_refinement;production_completion
236	concord_ca	Concord	Western Corridor	Western Corridor evacuation chain depot	Coastal Port	Concord Rescue Arch	Coastal Port with linked evacuation posts around Concord Rescue Arch, signature 236	Evacuation chain 4: node markers show current, next, and stop sentinel movement.	landmark;art_kit;major_signature;landscape;street_life;objective_route;composition;character_court;safehouse;physics_yard;mission_diorama;account_assets;first_minute;bespoke_survival_horror;authored_asset_refinement;production_completion
237	rochester_mn	Rochester	Midwest Grid	Midwest Grid mirror-code archive	Great Lakes Industrial	Rochester Data Beacon	Great Lakes Industrial with mirrored plaza around Rochester Data Beacon, signature 237	Mirror-code walk 1: paired light posts teach left/right character comparisons.	landmark;art_kit;major_signature;landscape;street_life;objective_route;composition;character_court;safehouse;physics_yard;mission_diorama;account_assets;first_minute;bespoke_survival_horror;authored_asset_refinement;production_completion
238	vallejo_ca	Vallejo	Western Corridor	Western Corridor sorted supply-cache vault	Coastal Port	Vallejo Command Obelisk	Coastal Port with halved search vault around Vallejo Command Obelisk, signature 238	Sorted-cache vault 2: shrinking light bands show low, mid, and high bounds.	landmark;art_kit;major_signature;landscape;street_life;objective_route;composition;character_court;safehouse;physics_yard;mission_diorama;account_assets;first_minute;bespoke_survival_horror;authored_asset_refinement;production_completion
239	ann_arbor_mi	Ann Arbor	Midwest Grid	Midwest Grid drone beacon yard	Great Lakes Industrial	Ann Arbor Relay Bridge	Great Lakes Industrial with timed beacon pylons around Ann Arbor Relay Bridge, signature 239	Beacon cycle yard 3: numbered pylons emphasize checking 15 before 3 or 5.	landmark;art_kit;major_signature;landscape;street_life;objective_route;composition;character_court;safehouse;physics_yard;mission_diorama;account_assets;first_minute;bespoke_survival_horror;authored_asset_refinement;production_completion
240	broken_arrow_ok	Broken Arrow	Southern Evac Line	Southern Evac Line triage routing depot	Metro Core	Broken Arrow Power Crown	Metro Core with triage conveyor lanes around Broken Arrow Power Crown, signature 240	Triage sorter 4: even-number lanes lead to rescue while odd lanes become decoys.	landmark;art_kit;major_signature;landscape;street_life;objective_route;composition;character_court;safehouse;physics_yard;mission_diorama;account_assets;first_minute;bespoke_survival_horror;authored_asset_refinement;production_completion
241	fairfield_ca	Fairfield	Western Corridor	Western Corridor evacuation chain depot	Coastal Port	Fairfield Signal Spire	Coastal Port with linked evacuation posts around Fairfield Signal Spire, signature 241	Evacuation chain 1: node markers show current, next, and stop sentinel movement.	landmark;art_kit;major_signature;landscape;street_life;objective_route;composition;character_court;safehouse;physics_yard;mission_diorama;account_assets;first_minute;bespoke_survival_horror;authored_asset_refinement;production_completion
242	lafayette_la	Lafayette	Southern Evac Line	Southern Evac Line mirror-code archive	Coastal Port	Lafayette Rescue Arch	Coastal Port with mirrored plaza around Lafayette Rescue Arch, signature 242	Mirror-code walk 2: paired light posts teach left/right character comparisons.	landmark;art_kit;major_signature;landscape;street_life;objective_route;composition;character_court;safehouse;physics_yard;mission_diorama;account_assets;first_minute;bespoke_survival_horror;authored_asset_refinement;production_completion
243	hartford_ct	Hartford	Northeast Relay	Northeast Relay sorted supply-cache vault	Coastal Port	Hartford Data Beacon	Coastal Port with halved search vault around Hartford Data Beacon, signature 243	Sorted-cache vault 3: shrinking light bands show low, mid, and high bounds.	landmark;art_kit;major_signature;landscape;street_life;objective_route;composition;character_court;safehouse;physics_yard;mission_diorama;account_assets;first_minute;bespoke_survival_horror;authored_asset_refinement;production_completion
244	arvada_co	Arvada	Western Corridor	Western Corridor drone beacon yard	Latin Metro	Arvada Command Obelisk	Latin Metro with timed beacon pylons around Arvada Command Obelisk, signature 244	Beacon cycle yard 4: numbered pylons emphasize checking 15 before 3 or 5.	landmark;art_kit;major_signature;landscape;street_life;objective_route;composition;character_court;safehouse;physics_yard;mission_diorama;account_assets;first_minute;bespoke_survival_horror;authored_asset_refinement;production_completion
245	berkeley_ca	Berkeley	Western Corridor	Western Corridor triage routing depot	Coastal Port	Berkeley Relay Bridge	Coastal Port with triage conveyor lanes around Berkeley Relay Bridge, signature 245	Triage sorter 1: even-number lanes lead to rescue while odd lanes become decoys.	landmark;art_kit;major_signature;landscape;street_life;objective_route;composition;character_court;safehouse;physics_yard;mission_diorama;account_assets;first_minute;bespoke_survival_horror;authored_asset_refinement;production_completion
246	independence_mo	Independence	Midwest Grid	Midwest Grid evacuation chain depot	River Lockworks	Independence Power Crown	River Lockworks with linked evacuation posts around Independence Power Crown, signature 246	Evacuation chain 2: node markers show current, next, and stop sentinel movement.	landmark;art_kit;major_signature;landscape;street_life;objective_route;composition;character_court;safehouse;physics_yard;mission_diorama;account_assets;first_minute;bespoke_survival_horror;authored_asset_refinement;production_completion
247	billings_mt	Billings	Western Corridor	Western Corridor mirror-code archive	Mountain Relay	Billings Signal Spire	Mountain Relay with mirrored plaza around Billings Signal Spire, signature 247	Mirror-code walk 3: paired light posts teach left/right character comparisons.	landmark;art_kit;major_signature;landscape;street_life;objective_route;composition;character_court;safehouse;physics_yard;mission_diorama;account_assets;first_minute;bespoke_survival_horror;authored_asset_refinement;production_completion
248	cambridge_ma	Cambridge	Northeast Relay	Northeast Relay sorted supply-cache vault	African Urban Relay	Cambridge Rescue Arch	African Urban Relay with halved search vault around Cambridge Rescue Arch, signature 248	Sorted-cache vault 4: shrinking light bands show low, mid, and high bounds.	landmark;art_kit;major_signature;landscape;street_life;objective_route;composition;character_court;safehouse;physics_yard;mission_diorama;account_assets;first_minute;bespoke_survival_horror;authored_asset_refinement;production_completion
249	lowell_ma	Lowell	Northeast Relay	Northeast Relay drone beacon yard	African Urban Relay	Lowell Data Beacon	African Urban Relay with timed beacon pylons around Lowell Data Beacon, signature 249	Beacon cycle yard 1: numbered pylons emphasize checking 15 before 3 or 5.	landmark;art_kit;major_signature;landscape;street_life;objective_route;composition;character_court;safehouse;physics_yard;mission_diorama;account_assets;first_minute;bespoke_survival_horror;authored_asset_refinement;production_completion
250	odessa_tx	Odessa	Southern Evac Line	Southern Evac Line triage routing depot	Desert Solar Grid	Odessa Command Obelisk	Desert Solar Grid with triage conveyor lanes around Odessa Command Obelisk, signature 250	Triage sorter 2: even-number lanes lead to rescue while odd lanes become decoys.	landmark;art_kit;major_signature;landscape;street_life;objective_route;composition;character_court;safehouse;physics_yard;mission_diorama;account_assets;first_minute;bespoke_survival_horror;authored_asset_refinement;production_completion
251	high_point_nc	High Point	Southern Evac Line	Southern Evac Line evacuation chain depot	Coastal Port	High Point Relay Bridge	Coastal Port with linked evacuation posts around High Point Relay Bridge, signature 251	Evacuation chain 3: node markers show current, next, and stop sentinel movement.	landmark;art_kit;major_signature;landscape;street_life;objective_route;composition;character_court;safehouse;physics_yard;mission_diorama;account_assets;first_minute;bespoke_survival_horror;authored_asset_refinement;production_completion
252	league_city_tx	League City	Southern Evac Line	Southern Evac Line mirror-code archive	Desert Solar Grid	League City Power Crown	Desert Solar Grid with mirrored plaza around League City Power Crown, signature 252	Mirror-code walk 4: paired light posts teach left/right character comparisons.	landmark;art_kit;major_signature;landscape;street_life;objective_route;composition;character_court;safehouse;physics_yard;mission_diorama;account_assets;first_minute;bespoke_survival_horror;authored_asset_refinement;production_completion
253	antioch_ca	Antioch	Western Corridor	Western Corridor sorted supply-cache vault	Coastal Port	Antioch Signal Spire	Coastal Port with halved search vault around Antioch Signal Spire, signature 253	Sorted-cache vault 1: shrinking light bands show low, mid, and high bounds.	landmark;art_kit;major_signature;landscape;street_life;objective_route;composition;character_court;safehouse;physics_yard;mission_diorama;account_assets;first_minute;bespoke_survival_horror;authored_asset_refinement;production_completion
254	richardson_tx	Richardson	Southern Evac Line	Southern Evac Line drone beacon yard	Desert Solar Grid	Richardson Rescue Arch	Desert Solar Grid with timed beacon pylons around Richardson Rescue Arch, signature 254	Beacon cycle yard 2: numbered pylons emphasize checking 15 before 3 or 5.	landmark;art_kit;major_signature;landscape;street_life;objective_route;composition;character_court;safehouse;physics_yard;mission_diorama;account_assets;first_minute;bespoke_survival_horror;authored_asset_refinement;production_completion
255	goodyear_az	Goodyear	Western Corridor	Western Corridor triage routing depot	Desert Solar Grid	Goodyear Data Beacon	Desert Solar Grid with triage conveyor lanes around Goodyear Data Beacon, signature 255	Triage sorter 3: even-number lanes lead to rescue while odd lanes become decoys.	landmark;art_kit;major_signature;landscape;street_life;objective_route;composition;character_court;safehouse;physics_yard;mission_diorama;account_assets;first_minute;bespoke_survival_horror;authored_asset_refinement;production_completion
256	pompano_beach_fl	Pompano Beach	Southern Evac Line	Southern Evac Line evacuation chain depot	Coastal Port	Pompano Beach Command Obelisk	Coastal Port with linked evacuation posts around Pompano Beach Command Obelisk, signature 256	Evacuation chain 4: node markers show current, next, and stop sentinel movement.	landmark;art_kit;major_signature;landscape;street_life;objective_route;composition;character_court;safehouse;physics_yard;mission_diorama;account_assets;first_minute;bespoke_survival_horror;authored_asset_refinement;production_completion
257	nampa_id	Nampa	Western Corridor	Western Corridor mirror-code archive	Monsoon Port	Nampa Relay Bridge	Monsoon Port with mirrored plaza around Nampa Relay Bridge, signature 257	Mirror-code walk 1: paired light posts teach left/right character comparisons.	landmark;art_kit;major_signature;landscape;street_life;objective_route;composition;character_court;safehouse;physics_yard;mission_diorama;account_assets;first_minute;bespoke_survival_horror;authored_asset_refinement;production_completion
258	menifee_ca	Menifee	Western Corridor	Western Corridor sorted supply-cache vault	Coastal Port	Menifee Power Crown	Coastal Port with halved search vault around Menifee Power Crown, signature 258	Sorted-cache vault 2: shrinking light bands show low, mid, and high bounds.	landmark;art_kit;major_signature;landscape;street_life;objective_route;composition;character_court;safehouse;physics_yard;mission_diorama;account_assets;first_minute;bespoke_survival_horror;authored_asset_refinement;production_completion
259	las_cruces_nm	Las Cruces	Western Corridor	Western Corridor drone beacon yard	Desert Solar Grid	Las Cruces Signal Spire	Desert Solar Grid with timed beacon pylons around Las Cruces Signal Spire, signature 259	Beacon cycle yard 3: numbered pylons emphasize checking 15 before 3 or 5.	landmark;art_kit;major_signature;landscape;street_life;objective_route;composition;character_court;safehouse;physics_yard;mission_diorama;account_assets;first_minute;bespoke_survival_horror;authored_asset_refinement;production_completion
260	clearwater_fl	Clearwater	Southern Evac Line	Southern Evac Line triage routing depot	Coastal Port	Clearwater Rescue Arch	Coastal Port with triage conveyor lanes around Clearwater Rescue Arch, signature 260	Triage sorter 4: even-number lanes lead to rescue while odd lanes become decoys.	landmark;art_kit;major_signature;landscape;street_life;objective_route;composition;character_court;safehouse;physics_yard;mission_diorama;account_assets;first_minute;bespoke_survival_horror;authored_asset_refinement;production_completion
261	west_jordan_ut	West Jordan	Western Corridor	Western Corridor evacuation chain depot	Mountain Relay	West Jordan Data Beacon	Mountain Relay with linked evacuation posts around West Jordan Data Beacon, signature 261	Evacuation chain 1: node markers show current, next, and stop sentinel movement.	landmark;art_kit;major_signature;landscape;street_life;objective_route;composition;character_court;safehouse;physics_yard;mission_diorama;account_assets;first_minute;bespoke_survival_horror;authored_asset_refinement;production_completion
262	new_braunfels_tx	New Braunfels	Southern Evac Line	Southern Evac Line mirror-code archive	Desert Solar Grid	New Braunfels Command Obelisk	Desert Solar Grid with mirrored plaza around New Braunfels Command Obelisk, signature 262	Mirror-code walk 2: paired light posts teach left/right character comparisons.	landmark;art_kit;major_signature;landscape;street_life;objective_route;composition;character_court;safehouse;physics_yard;mission_diorama;account_assets;first_minute;bespoke_survival_horror;authored_asset_refinement;production_completion
263	manchester_nh	Manchester	Northeast Relay	Northeast Relay sorted supply-cache vault	Metro Core	Manchester Relay Bridge	Metro Core with halved search vault around Manchester Relay Bridge, signature 263	Sorted-cache vault 3: shrinking light bands show low, mid, and high bounds.	landmark;art_kit;major_signature;landscape;street_life;objective_route;composition;character_court;safehouse;physics_yard;mission_diorama;account_assets;first_minute;bespoke_survival_horror;authored_asset_refinement;production_completion
264	miami_gardens_fl	Miami Gardens	Southern Evac Line	Southern Evac Line drone beacon yard	Coastal Port	Miami Gardens Power Crown	Coastal Port with timed beacon pylons around Miami Gardens Power Crown, signature 264	Beacon cycle yard 4: numbered pylons emphasize checking 15 before 3 or 5.	landmark;art_kit;major_signature;landscape;street_life;objective_route;composition;character_court;safehouse;physics_yard;mission_diorama;account_assets;first_minute;bespoke_survival_horror;authored_asset_refinement;production_completion
265	waterbury_ct	Waterbury	Northeast Relay	Northeast Relay triage routing depot	Coastal Port	Waterbury Signal Spire	Coastal Port with triage conveyor lanes around Waterbury Signal Spire, signature 265	Triage sorter 1: even-number lanes lead to rescue while odd lanes become decoys.	landmark;art_kit;major_signature;landscape;street_life;objective_route;composition;character_court;safehouse;physics_yard;mission_diorama;account_assets;first_minute;bespoke_survival_horror;authored_asset_refinement;production_completion
266	provo_ut	Provo	Western Corridor	Western Corridor evacuation chain depot	Mountain Relay	Provo Rescue Arch	Mountain Relay with linked evacuation posts around Provo Rescue Arch, signature 266	Evacuation chain 2: node markers show current, next, and stop sentinel movement.	landmark;art_kit;major_signature;landscape;street_life;objective_route;composition;character_court;safehouse;physics_yard;mission_diorama;account_assets;first_minute;bespoke_survival_horror;authored_asset_refinement;production_completion
267	evansville_in	Evansville	Midwest Grid	Midwest Grid mirror-code archive	Monsoon Megacity	Evansville Data Beacon	Monsoon Megacity with mirrored plaza around Evansville Data Beacon, signature 267	Mirror-code walk 3: paired light posts teach left/right character comparisons.	landmark;art_kit;major_signature;landscape;street_life;objective_route;composition;character_court;safehouse;physics_yard;mission_diorama;account_assets;first_minute;bespoke_survival_horror;authored_asset_refinement;production_completion
268	richmond_ca	Richmond	Western Corridor	Western Corridor sorted supply-cache vault	Coastal Port	Richmond Command Obelisk	Coastal Port with halved search vault around Richmond Command Obelisk, signature 268	Sorted-cache vault 4: shrinking light bands show low, mid, and high bounds.	landmark;art_kit;major_signature;landscape;street_life;objective_route;composition;character_court;safehouse;physics_yard;mission_diorama;account_assets;first_minute;bespoke_survival_horror;authored_asset_refinement;production_completion
269	westminster_co	Westminster	Western Corridor	Western Corridor drone beacon yard	Latin Metro	Westminster Relay Bridge	Latin Metro with timed beacon pylons around Westminster Relay Bridge, signature 269	Beacon cycle yard 1: numbered pylons emphasize checking 15 before 3 or 5.	landmark;art_kit;major_signature;landscape;street_life;objective_route;composition;character_court;safehouse;physics_yard;mission_diorama;account_assets;first_minute;bespoke_survival_horror;authored_asset_refinement;production_completion
270	elgin_il	Elgin	Midwest Grid	Midwest Grid triage routing depot	Great Lakes Industrial	Elgin Power Crown	Great Lakes Industrial with triage conveyor lanes around Elgin Power Crown, signature 270	Triage sorter 2: even-number lanes lead to rescue while odd lanes become decoys.	landmark;art_kit;major_signature;landscape;street_life;objective_route;composition;character_court;safehouse;physics_yard;mission_diorama;account_assets;first_minute;bespoke_survival_horror;authored_asset_refinement;production_completion
271	conroe_tx	Conroe	Southern Evac Line	Southern Evac Line evacuation chain depot	Desert Solar Grid	Conroe Signal Spire	Desert Solar Grid with linked evacuation posts around Conroe Signal Spire, signature 271	Evacuation chain 3: node markers show current, next, and stop sentinel movement.	landmark;art_kit;major_signature;landscape;street_life;objective_route;composition;character_court;safehouse;physics_yard;mission_diorama;account_assets;first_minute;bespoke_survival_horror;authored_asset_refinement;production_completion
272	greeley_co	Greeley	Western Corridor	Western Corridor mirror-code archive	Latin Metro	Greeley Rescue Arch	Latin Metro with mirrored plaza around Greeley Rescue Arch, signature 272	Mirror-code walk 4: paired light posts teach left/right character comparisons.	landmark;art_kit;major_signature;landscape;street_life;objective_route;composition;character_court;safehouse;physics_yard;mission_diorama;account_assets;first_minute;bespoke_survival_horror;authored_asset_refinement;production_completion
273	lansing_mi	Lansing	Midwest Grid	Midwest Grid sorted supply-cache vault	Great Lakes Industrial	Lansing Data Beacon	Great Lakes Industrial with halved search vault around Lansing Data Beacon, signature 273	Sorted-cache vault 1: shrinking light bands show low, mid, and high bounds.	landmark;art_kit;major_signature;landscape;street_life;objective_route;composition;character_court;safehouse;physics_yard;mission_diorama;account_assets;first_minute;bespoke_survival_horror;authored_asset_refinement;production_completion
274	buckeye_az	Buckeye	Western Corridor	Western Corridor drone beacon yard	Desert Solar Grid	Buckeye Command Obelisk	Desert Solar Grid with timed beacon pylons around Buckeye Command Obelisk, signature 274	Beacon cycle yard 2: numbered pylons emphasize checking 15 before 3 or 5.	landmark;art_kit;major_signature;landscape;street_life;objective_route;composition;character_court;safehouse;physics_yard;mission_diorama;account_assets;first_minute;bespoke_survival_horror;authored_asset_refinement;production_completion
275	tuscaloosa_al	Tuscaloosa	Southern Evac Line	Southern Evac Line triage routing depot	Metro Core	Tuscaloosa Relay Bridge	Metro Core with triage conveyor lanes around Tuscaloosa Relay Bridge, signature 275	Triage sorter 3: even-number lanes lead to rescue while odd lanes become decoys.	landmark;art_kit;major_signature;landscape;street_life;objective_route;composition;character_court;safehouse;physics_yard;mission_diorama;account_assets;first_minute;bespoke_survival_horror;authored_asset_refinement;production_completion
276	allen_tx	Allen	Southern Evac Line	Southern Evac Line evacuation chain depot	Desert Solar Grid	Allen Power Crown	Desert Solar Grid with linked evacuation posts around Allen Power Crown, signature 276	Evacuation chain 4: node markers show current, next, and stop sentinel movement.	landmark;art_kit;major_signature;landscape;street_life;objective_route;composition;character_court;safehouse;physics_yard;mission_diorama;account_assets;first_minute;bespoke_survival_horror;authored_asset_refinement;production_completion
277	carlsbad_ca	Carlsbad	Western Corridor	Western Corridor mirror-code archive	Coastal Port	Carlsbad Signal Spire	Coastal Port with mirrored plaza around Carlsbad Signal Spire, signature 277	Mirror-code walk 1: paired light posts teach left/right character comparisons.	landmark;art_kit;major_signature;landscape;street_life;objective_route;composition;character_court;safehouse;physics_yard;mission_diorama;account_assets;first_minute;bespoke_survival_horror;authored_asset_refinement;production_completion
278	everett_wa	Everett	Western Corridor	Western Corridor sorted supply-cache vault	Coastal Port	Everett Rescue Arch	Coastal Port with halved search vault around Everett Rescue Arch, signature 278	Sorted-cache vault 2: shrinking light bands show low, mid, and high bounds.	landmark;art_kit;major_signature;landscape;street_life;objective_route;composition;character_court;safehouse;physics_yard;mission_diorama;account_assets;first_minute;bespoke_survival_horror;authored_asset_refinement;production_completion
279	springfield_il	Springfield	Midwest Grid	Midwest Grid drone beacon yard	Great Lakes Industrial	Springfield Data Beacon	Great Lakes Industrial with timed beacon pylons around Springfield Data Beacon, signature 279	Beacon cycle yard 3: numbered pylons emphasize checking 15 before 3 or 5.	landmark;art_kit;major_signature;landscape;street_life;objective_route;composition;character_court;safehouse;physics_yard;mission_diorama;account_assets;first_minute;bespoke_survival_horror;authored_asset_refinement;production_completion
280	beaumont_tx	Beaumont	Southern Evac Line	Southern Evac Line triage routing depot	Desert Solar Grid	Beaumont Command Obelisk	Desert Solar Grid with triage conveyor lanes around Beaumont Command Obelisk, signature 280	Triage sorter 4: even-number lanes lead to rescue while odd lanes become decoys.	landmark;art_kit;major_signature;landscape;street_life;objective_route;composition;character_court;safehouse;physics_yard;mission_diorama;account_assets;first_minute;bespoke_survival_horror;authored_asset_refinement;production_completion
281	murrieta_ca	Murrieta	Western Corridor	Western Corridor evacuation chain depot	Coastal Port	Murrieta Relay Bridge	Coastal Port with linked evacuation posts around Murrieta Relay Bridge, signature 281	Evacuation chain 1: node markers show current, next, and stop sentinel movement.	landmark;art_kit;major_signature;landscape;street_life;objective_route;composition;character_court;safehouse;physics_yard;mission_diorama;account_assets;first_minute;bespoke_survival_horror;authored_asset_refinement;production_completion
282	rio_rancho_nm	Rio Rancho	Western Corridor	Western Corridor mirror-code archive	Desert Solar Grid	Rio Rancho Power Crown	Desert Solar Grid with mirrored plaza around Rio Rancho Power Crown, signature 282	Mirror-code walk 2: paired light posts teach left/right character comparisons.	landmark;art_kit;major_signature;landscape;street_life;objective_route;composition;character_court;safehouse;physics_yard;mission_diorama;account_assets;first_minute;bespoke_survival_horror;authored_asset_refinement;production_completion
283	temecula_ca	Temecula	Western Corridor	Western Corridor sorted supply-cache vault	Coastal Port	Temecula Signal Spire	Coastal Port with halved search vault around Temecula Signal Spire, signature 283	Sorted-cache vault 3: shrinking light bands show low, mid, and high bounds.	landmark;art_kit;major_signature;landscape;street_life;objective_route;composition;character_court;safehouse;physics_yard;mission_diorama;account_assets;first_minute;bespoke_survival_horror;authored_asset_refinement;production_completion
284	concord_nc	Concord	Southern Evac Line	Southern Evac Line drone beacon yard	Coastal Port	Concord Rescue Arch	Coastal Port with timed beacon pylons around Concord Rescue Arch, signature 284	Beacon cycle yard 4: numbered pylons emphasize checking 15 before 3 or 5.	landmark;art_kit;major_signature;landscape;street_life;objective_route;composition;character_court;safehouse;physics_yard;mission_diorama;account_assets;first_minute;bespoke_survival_horror;authored_asset_refinement;production_completion
285	tyler_tx	Tyler	Southern Evac Line	Southern Evac Line triage routing depot	Desert Solar Grid	Tyler Data Beacon	Desert Solar Grid with triage conveyor lanes around Tyler Data Beacon, signature 285	Triage sorter 1: even-number lanes lead to rescue while odd lanes become decoys.	landmark;art_kit;major_signature;landscape;street_life;objective_route;composition;character_court;safehouse;physics_yard;mission_diorama;account_assets;first_minute;bespoke_survival_horror;authored_asset_refinement;production_completion
286	davie_fl	Davie	Southern Evac Line	Southern Evac Line evacuation chain depot	Coastal Port	Davie Command Obelisk	Coastal Port with linked evacuation posts around Davie Command Obelisk, signature 286	Evacuation chain 2: node markers show current, next, and stop sentinel movement.	landmark;art_kit;major_signature;landscape;street_life;objective_route;composition;character_court;safehouse;physics_yard;mission_diorama;account_assets;first_minute;bespoke_survival_horror;authored_asset_refinement;production_completion
287	south_fulton_ga	South Fulton	Southern Evac Line	Southern Evac Line mirror-code archive	Coastal Port	South Fulton Relay Bridge	Coastal Port with mirrored plaza around South Fulton Relay Bridge, signature 287	Mirror-code walk 3: paired light posts teach left/right character comparisons.	landmark;art_kit;major_signature;landscape;street_life;objective_route;composition;character_court;safehouse;physics_yard;mission_diorama;account_assets;first_minute;bespoke_survival_horror;authored_asset_refinement;production_completion
288	peoria_il	Peoria	Midwest Grid	Midwest Grid sorted supply-cache vault	Great Lakes Industrial	Peoria Power Crown	Great Lakes Industrial with halved search vault around Peoria Power Crown, signature 288	Sorted-cache vault 4: shrinking light bands show low, mid, and high bounds.	landmark;art_kit;major_signature;landscape;street_life;objective_route;composition;character_court;safehouse;physics_yard;mission_diorama;account_assets;first_minute;bespoke_survival_horror;authored_asset_refinement;production_completion
289	sparks_nv	Sparks	Western Corridor	Western Corridor drone beacon yard	Desert Solar Grid	Sparks Signal Spire	Desert Solar Grid with timed beacon pylons around Sparks Signal Spire, signature 289	Beacon cycle yard 1: numbered pylons emphasize checking 15 before 3 or 5.	landmark;art_kit;major_signature;landscape;street_life;objective_route;composition;character_court;safehouse;physics_yard;mission_diorama;account_assets;first_minute;bespoke_survival_horror;authored_asset_refinement;production_completion
290	gresham_or	Gresham	Western Corridor	Western Corridor triage routing depot	Coastal Port	Gresham Rescue Arch	Coastal Port with triage conveyor lanes around Gresham Rescue Arch, signature 290	Triage sorter 2: even-number lanes lead to rescue while odd lanes become decoys.	landmark;art_kit;major_signature;landscape;street_life;objective_route;composition;character_court;safehouse;physics_yard;mission_diorama;account_assets;first_minute;bespoke_survival_horror;authored_asset_refinement;production_completion
291	santa_maria_ca	Santa Maria	Western Corridor	Western Corridor evacuation chain depot	Coastal Port	Santa Maria Data Beacon	Coastal Port with linked evacuation posts around Santa Maria Data Beacon, signature 291	Evacuation chain 3: node markers show current, next, and stop sentinel movement.	landmark;art_kit;major_signature;landscape;street_life;objective_route;composition;character_court;safehouse;physics_yard;mission_diorama;account_assets;first_minute;bespoke_survival_horror;authored_asset_refinement;production_completion
292	pueblo_co	Pueblo	Western Corridor	Western Corridor mirror-code archive	Latin Metro	Pueblo Command Obelisk	Latin Metro with mirrored plaza around Pueblo Command Obelisk, signature 292	Mirror-code walk 4: paired light posts teach left/right character comparisons.	landmark;art_kit;major_signature;landscape;street_life;objective_route;composition;character_court;safehouse;physics_yard;mission_diorama;account_assets;first_minute;bespoke_survival_horror;authored_asset_refinement;production_completion
293	hillsboro_or	Hillsboro	Western Corridor	Western Corridor sorted supply-cache vault	Coastal Port	Hillsboro Relay Bridge	Coastal Port with halved search vault around Hillsboro Relay Bridge, signature 293	Sorted-cache vault 1: shrinking light bands show low, mid, and high bounds.	landmark;art_kit;major_signature;landscape;street_life;objective_route;composition;character_court;safehouse;physics_yard;mission_diorama;account_assets;first_minute;bespoke_survival_horror;authored_asset_refinement;production_completion
294	sugar_land_tx	Sugar Land	Southern Evac Line	Southern Evac Line drone beacon yard	Desert Solar Grid	Sugar Land Power Crown	Desert Solar Grid with timed beacon pylons around Sugar Land Power Crown, signature 294	Beacon cycle yard 2: numbered pylons emphasize checking 15 before 3 or 5.	landmark;art_kit;major_signature;landscape;street_life;objective_route;composition;character_court;safehouse;physics_yard;mission_diorama;account_assets;first_minute;bespoke_survival_horror;authored_asset_refinement;production_completion
295	san_buenaventura_ventura_ca	San Buenaventura (Ventura)	Western Corridor	Western Corridor evacuation chain depot	Coastal Port	San Buenaventura (Ventura) Signal Spire	Coastal Port with linked evacuation posts around San Buenaventura (Ventura) Signal Spire, signature 295	Evacuation chain 3: node markers show current, next, and stop sentinel movement.	landmark;art_kit;major_signature;landscape;street_life;objective_route;composition;character_court;safehouse;physics_yard;mission_diorama;account_assets;first_minute;bespoke_survival_horror;authored_asset_refinement;production_completion
296	downey_ca	Downey	Western Corridor	Western Corridor sorted supply-cache vault	Coastal Port	Downey Rescue Arch	Coastal Port with halved search vault around Downey Rescue Arch, signature 296	Sorted-cache vault 4: shrinking light bands show low, mid, and high bounds.	landmark;art_kit;major_signature;landscape;street_life;objective_route;composition;character_court;safehouse;physics_yard;mission_diorama;account_assets;first_minute;bespoke_survival_horror;authored_asset_refinement;production_completion
297	costa_mesa_ca	Costa Mesa	Western Corridor	Western Corridor triage routing depot	Coastal Port	Costa Mesa Data Beacon	Coastal Port with triage conveyor lanes around Costa Mesa Data Beacon, signature 297	Triage sorter 1: even-number lanes lead to rescue while odd lanes become decoys.	landmark;art_kit;major_signature;landscape;street_life;objective_route;composition;character_court;safehouse;physics_yard;mission_diorama;account_assets;first_minute;bespoke_survival_horror;authored_asset_refinement;production_completion
298	centennial_co	Centennial	Western Corridor	Western Corridor drone beacon yard	Latin Metro	Centennial Command Obelisk	Latin Metro with timed beacon pylons around Centennial Command Obelisk, signature 298	Beacon cycle yard 2: numbered pylons emphasize checking 15 before 3 or 5.	landmark;art_kit;major_signature;landscape;street_life;objective_route;composition;character_court;safehouse;physics_yard;mission_diorama;account_assets;first_minute;bespoke_survival_horror;authored_asset_refinement;production_completion
299	edinburg_tx	Edinburg	Southern Evac Line	Southern Evac Line mirror-code archive	Desert Solar Grid	Edinburg Relay Bridge	Desert Solar Grid with mirrored plaza around Edinburg Relay Bridge, signature 299	Mirror-code walk 3: paired light posts teach left/right character comparisons.	landmark;art_kit;major_signature;landscape;street_life;objective_route;composition;character_court;safehouse;physics_yard;mission_diorama;account_assets;first_minute;bespoke_survival_horror;authored_asset_refinement;production_completion
300	spokane_valley_wa	Spokane Valley	Western Corridor	Western Corridor sorted supply-cache vault	Coastal Port	Spokane Valley Power Crown	Coastal Port with halved search vault around Spokane Valley Power Crown, signature 300	Sorted-cache vault 4: shrinking light bands show low, mid, and high bounds.	landmark;art_kit;major_signature;landscape;street_life;objective_route;composition;character_court;safehouse;physics_yard;mission_diorama;account_assets;first_minute;bespoke_survival_horror;authored_asset_refinement;production_completion
301	jurupa_valley_ca	Jurupa Valley	Western Corridor	Western Corridor evacuation chain depot	Coastal Port	Jurupa Valley Signal Spire	Coastal Port with linked evacuation posts around Jurupa Valley Signal Spire, signature 301	Evacuation chain 1: node markers show current, next, and stop sentinel movement.	landmark;art_kit;major_signature;landscape;street_life;objective_route;composition;character_court;safehouse;physics_yard;mission_diorama;account_assets;first_minute;bespoke_survival_horror;authored_asset_refinement;production_completion
302	bend_or	Bend	Western Corridor	Western Corridor sorted supply-cache vault	Coastal Port	Bend Rescue Arch	Coastal Port with halved search vault around Bend Rescue Arch, signature 302	Sorted-cache vault 2: shrinking light bands show low, mid, and high bounds.	landmark;art_kit;major_signature;landscape;street_life;objective_route;composition;character_court;safehouse;physics_yard;mission_diorama;account_assets;first_minute;bespoke_survival_horror;authored_asset_refinement;production_completion
303	west_covina_ca	West Covina	Western Corridor	Western Corridor triage routing depot	Coastal Port	West Covina Data Beacon	Coastal Port with triage conveyor lanes around West Covina Data Beacon, signature 303	Triage sorter 3: even-number lanes lead to rescue while odd lanes become decoys.	landmark;art_kit;major_signature;landscape;street_life;objective_route;composition;character_court;safehouse;physics_yard;mission_diorama;account_assets;first_minute;bespoke_survival_horror;authored_asset_refinement;production_completion
304	boulder_co	Boulder	Western Corridor	Western Corridor drone beacon yard	Latin Metro	Boulder Command Obelisk	Latin Metro with timed beacon pylons around Boulder Command Obelisk, signature 304	Beacon cycle yard 4: numbered pylons emphasize checking 15 before 3 or 5.	landmark;art_kit;major_signature;landscape;street_life;objective_route;composition;character_court;safehouse;physics_yard;mission_diorama;account_assets;first_minute;bespoke_survival_horror;authored_asset_refinement;production_completion
305	palm_coast_fl	Palm Coast	Southern Evac Line	Southern Evac Line mirror-code archive	Coastal Port	Palm Coast Relay Bridge	Coastal Port with mirrored plaza around Palm Coast Relay Bridge, signature 305	Mirror-code walk 1: paired light posts teach left/right character comparisons.	landmark;art_kit;major_signature;landscape;street_life;objective_route;composition;character_court;safehouse;physics_yard;mission_diorama;account_assets;first_minute;bespoke_survival_horror;authored_asset_refinement;production_completion
306	lee_s_summit_mo	Lee's Summit	Midwest Grid	Midwest Grid sorted supply-cache vault	River Lockworks	Lee's Summit Power Crown	River Lockworks with halved search vault around Lee's Summit Power Crown, signature 306	Sorted-cache vault 2: shrinking light bands show low, mid, and high bounds.	landmark;art_kit;major_signature;landscape;street_life;objective_route;composition;character_court;safehouse;physics_yard;mission_diorama;account_assets;first_minute;bespoke_survival_horror;authored_asset_refinement;production_completion
307	dearborn_mi	Dearborn	Midwest Grid	Midwest Grid evacuation chain depot	Great Lakes Industrial	Dearborn Signal Spire	Great Lakes Industrial with linked evacuation posts around Dearborn Signal Spire, signature 307	Evacuation chain 3: node markers show current, next, and stop sentinel movement.	landmark;art_kit;major_signature;landscape;street_life;objective_route;composition;character_court;safehouse;physics_yard;mission_diorama;account_assets;first_minute;bespoke_survival_horror;authored_asset_refinement;production_completion
308	green_bay_wi	Green Bay	Midwest Grid	Midwest Grid sorted supply-cache vault	Great Lakes Industrial	Green Bay Rescue Arch	Great Lakes Industrial with halved search vault around Green Bay Rescue Arch, signature 308	Sorted-cache vault 4: shrinking light bands show low, mid, and high bounds.	landmark;art_kit;major_signature;landscape;street_life;objective_route;composition;character_court;safehouse;physics_yard;mission_diorama;account_assets;first_minute;bespoke_survival_horror;authored_asset_refinement;production_completion
309	st_george_ut	St. George	Western Corridor	Western Corridor triage routing depot	Mountain Relay	St. George Data Beacon	Mountain Relay with triage conveyor lanes around St. George Data Beacon, signature 309	Triage sorter 1: even-number lanes lead to rescue while odd lanes become decoys.	landmark;art_kit;major_signature;landscape;street_life;objective_route;composition;character_court;safehouse;physics_yard;mission_diorama;account_assets;first_minute;bespoke_survival_horror;authored_asset_refinement;production_completion
310	brockton_ma	Brockton	Northeast Relay	Northeast Relay drone beacon yard	African Urban Relay	Brockton Command Obelisk	African Urban Relay with timed beacon pylons around Brockton Command Obelisk, signature 310	Beacon cycle yard 2: numbered pylons emphasize checking 15 before 3 or 5.	landmark;art_kit;major_signature;landscape;street_life;objective_route;composition;character_court;safehouse;physics_yard;mission_diorama;account_assets;first_minute;bespoke_survival_horror;authored_asset_refinement;production_completion
311	renton_wa	Renton	Western Corridor	Western Corridor mirror-code archive	Coastal Port	Renton Relay Bridge	Coastal Port with mirrored plaza around Renton Relay Bridge, signature 311	Mirror-code walk 3: paired light posts teach left/right character comparisons.	landmark;art_kit;major_signature;landscape;street_life;objective_route;composition;character_court;safehouse;physics_yard;mission_diorama;account_assets;first_minute;bespoke_survival_horror;authored_asset_refinement;production_completion
312	sandy_springs_ga	Sandy Springs	Southern Evac Line	Southern Evac Line sorted supply-cache vault	Coastal Port	Sandy Springs Power Crown	Coastal Port with halved search vault around Sandy Springs Power Crown, signature 312	Sorted-cache vault 4: shrinking light bands show low, mid, and high bounds.	landmark;art_kit;major_signature;landscape;street_life;objective_route;composition;character_court;safehouse;physics_yard;mission_diorama;account_assets;first_minute;bespoke_survival_horror;authored_asset_refinement;production_completion
313	rialto_ca	Rialto	Western Corridor	Western Corridor evacuation chain depot	Coastal Port	Rialto Signal Spire	Coastal Port with linked evacuation posts around Rialto Signal Spire, signature 313	Evacuation chain 1: node markers show current, next, and stop sentinel movement.	landmark;art_kit;major_signature;landscape;street_life;objective_route;composition;character_court;safehouse;physics_yard;mission_diorama;account_assets;first_minute;bespoke_survival_horror;authored_asset_refinement;production_completion
314	el_monte_ca	El Monte	Western Corridor	Western Corridor sorted supply-cache vault	Coastal Port	El Monte Rescue Arch	Coastal Port with halved search vault around El Monte Rescue Arch, signature 314	Sorted-cache vault 2: shrinking light bands show low, mid, and high bounds.	landmark;art_kit;major_signature;landscape;street_life;objective_route;composition;character_court;safehouse;physics_yard;mission_diorama;account_assets;first_minute;bespoke_survival_horror;authored_asset_refinement;production_completion
315	vacaville_ca	Vacaville	Western Corridor	Western Corridor triage routing depot	Coastal Port	Vacaville Data Beacon	Coastal Port with triage conveyor lanes around Vacaville Data Beacon, signature 315	Triage sorter 3: even-number lanes lead to rescue while odd lanes become decoys.	landmark;art_kit;major_signature;landscape;street_life;objective_route;composition;character_court;safehouse;physics_yard;mission_diorama;account_assets;first_minute;bespoke_survival_horror;authored_asset_refinement;production_completion
316	fishers_in	Fishers	Midwest Grid	Midwest Grid drone beacon yard	Monsoon Megacity	Fishers Command Obelisk	Monsoon Megacity with timed beacon pylons around Fishers Command Obelisk, signature 316	Beacon cycle yard 4: numbered pylons emphasize checking 15 before 3 or 5.	landmark;art_kit;major_signature;landscape;street_life;objective_route;composition;character_court;safehouse;physics_yard;mission_diorama;account_assets;first_minute;bespoke_survival_horror;authored_asset_refinement;production_completion
317	south_bend_in	South Bend	Midwest Grid	Midwest Grid mirror-code archive	Monsoon Megacity	South Bend Relay Bridge	Monsoon Megacity with mirrored plaza around South Bend Relay Bridge, signature 317	Mirror-code walk 1: paired light posts teach left/right character comparisons.	landmark;art_kit;major_signature;landscape;street_life;objective_route;composition;character_court;safehouse;physics_yard;mission_diorama;account_assets;first_minute;bespoke_survival_horror;authored_asset_refinement;production_completion
318	carmel_in	Carmel	Midwest Grid	Midwest Grid sorted supply-cache vault	Monsoon Megacity	Carmel Power Crown	Monsoon Megacity with halved search vault around Carmel Power Crown, signature 318	Sorted-cache vault 2: shrinking light bands show low, mid, and high bounds.	landmark;art_kit;major_signature;landscape;street_life;objective_route;composition;character_court;safehouse;physics_yard;mission_diorama;account_assets;first_minute;bespoke_survival_horror;authored_asset_refinement;production_completion
319	yuma_az	Yuma	Western Corridor	Western Corridor evacuation chain depot	Desert Solar Grid	Yuma Signal Spire	Desert Solar Grid with linked evacuation posts around Yuma Signal Spire, signature 319	Evacuation chain 3: node markers show current, next, and stop sentinel movement.	landmark;art_kit;major_signature;landscape;street_life;objective_route;composition;character_court;safehouse;physics_yard;mission_diorama;account_assets;first_minute;bespoke_survival_horror;authored_asset_refinement;production_completion
320	burbank_ca	Burbank	Western Corridor	Western Corridor sorted supply-cache vault	Coastal Port	Burbank Rescue Arch	Coastal Port with halved search vault around Burbank Rescue Arch, signature 320	Sorted-cache vault 4: shrinking light bands show low, mid, and high bounds.	landmark;art_kit;major_signature;landscape;street_life;objective_route;composition;character_court;safehouse;physics_yard;mission_diorama;account_assets;first_minute;bespoke_survival_horror;authored_asset_refinement;production_completion
321	lynn_ma	Lynn	Northeast Relay	Northeast Relay triage routing depot	African Urban Relay	Lynn Data Beacon	African Urban Relay with triage conveyor lanes around Lynn Data Beacon, signature 321	Triage sorter 1: even-number lanes lead to rescue while odd lanes become decoys.	landmark;art_kit;major_signature;landscape;street_life;objective_route;composition;character_court;safehouse;physics_yard;mission_diorama;account_assets;first_minute;bespoke_survival_horror;authored_asset_refinement;production_completion
322	quincy_ma	Quincy	Northeast Relay	Northeast Relay drone beacon yard	African Urban Relay	Quincy Command Obelisk	African Urban Relay with timed beacon pylons around Quincy Command Obelisk, signature 322	Beacon cycle yard 2: numbered pylons emphasize checking 15 before 3 or 5.	landmark;art_kit;major_signature;landscape;street_life;objective_route;composition;character_court;safehouse;physics_yard;mission_diorama;account_assets;first_minute;bespoke_survival_horror;authored_asset_refinement;production_completion
323	el_cajon_ca	El Cajon	Western Corridor	Western Corridor mirror-code archive	Coastal Port	El Cajon Relay Bridge	Coastal Port with mirrored plaza around El Cajon Relay Bridge, signature 323	Mirror-code walk 3: paired light posts teach left/right character comparisons.	landmark;art_kit;major_signature;landscape;street_life;objective_route;composition;character_court;safehouse;physics_yard;mission_diorama;account_assets;first_minute;bespoke_survival_horror;authored_asset_refinement;production_completion
324	fayetteville_ar	Fayetteville	Southern Evac Line	Southern Evac Line sorted supply-cache vault	Latin Metro	Fayetteville Power Crown	Latin Metro with halved search vault around Fayetteville Power Crown, signature 324	Sorted-cache vault 4: shrinking light bands show low, mid, and high bounds.	landmark;art_kit;major_signature;landscape;street_life;objective_route;composition;character_court;safehouse;physics_yard;mission_diorama;account_assets;first_minute;bespoke_survival_horror;authored_asset_refinement;production_completion
325	suffolk_va	Suffolk	Southern Evac Line	Southern Evac Line evacuation chain depot	Coastal Port	Suffolk Signal Spire	Coastal Port with linked evacuation posts around Suffolk Signal Spire, signature 325	Evacuation chain 1: node markers show current, next, and stop sentinel movement.	landmark;art_kit;major_signature;landscape;street_life;objective_route;composition;character_court;safehouse;physics_yard;mission_diorama;account_assets;first_minute;bespoke_survival_horror;authored_asset_refinement;production_completion
326	san_mateo_ca	San Mateo	Western Corridor	Western Corridor sorted supply-cache vault	Coastal Port	San Mateo Rescue Arch	Coastal Port with halved search vault around San Mateo Rescue Arch, signature 326	Sorted-cache vault 2: shrinking light bands show low, mid, and high bounds.	landmark;art_kit;major_signature;landscape;street_life;objective_route;composition;character_court;safehouse;physics_yard;mission_diorama;account_assets;first_minute;bespoke_survival_horror;authored_asset_refinement;production_completion
327	chico_ca	Chico	Western Corridor	Western Corridor triage routing depot	Coastal Port	Chico Data Beacon	Coastal Port with triage conveyor lanes around Chico Data Beacon, signature 327	Triage sorter 3: even-number lanes lead to rescue while odd lanes become decoys.	landmark;art_kit;major_signature;landscape;street_life;objective_route;composition;character_court;safehouse;physics_yard;mission_diorama;account_assets;first_minute;bespoke_survival_horror;authored_asset_refinement;production_completion
328	inglewood_ca	Inglewood	Western Corridor	Western Corridor drone beacon yard	Coastal Port	Inglewood Command Obelisk	Coastal Port with timed beacon pylons around Inglewood Command Obelisk, signature 328	Beacon cycle yard 4: numbered pylons emphasize checking 15 before 3 or 5.	landmark;art_kit;major_signature;landscape;street_life;objective_route;composition;character_court;safehouse;physics_yard;mission_diorama;account_assets;first_minute;bespoke_survival_horror;authored_asset_refinement;production_completion
329	wichita_falls_tx	Wichita Falls	Southern Evac Line	Southern Evac Line mirror-code archive	Desert Solar Grid	Wichita Falls Relay Bridge	Desert Solar Grid with mirrored plaza around Wichita Falls Relay Bridge, signature 329	Mirror-code walk 1: paired light posts teach left/right character comparisons.	landmark;art_kit;major_signature;landscape;street_life;objective_route;composition;character_court;safehouse;physics_yard;mission_diorama;account_assets;first_minute;bespoke_survival_horror;authored_asset_refinement;production_completion
330	boca_raton_fl	Boca Raton	Southern Evac Line	Southern Evac Line sorted supply-cache vault	Coastal Port	Boca Raton Power Crown	Coastal Port with halved search vault around Boca Raton Power Crown, signature 330	Sorted-cache vault 2: shrinking light bands show low, mid, and high bounds.	landmark;art_kit;major_signature;landscape;street_life;objective_route;composition;character_court;safehouse;physics_yard;mission_diorama;account_assets;first_minute;bespoke_survival_horror;authored_asset_refinement;production_completion
331	hesperia_ca	Hesperia	Western Corridor	Western Corridor evacuation chain depot	Coastal Port	Hesperia Signal Spire	Coastal Port with linked evacuation posts around Hesperia Signal Spire, signature 331	Evacuation chain 3: node markers show current, next, and stop sentinel movement.	landmark;art_kit;major_signature;landscape;street_life;objective_route;composition;character_court;safehouse;physics_yard;mission_diorama;account_assets;first_minute;bespoke_survival_horror;authored_asset_refinement;production_completion
332	daly_city_ca	Daly City	Western Corridor	Western Corridor sorted supply-cache vault	Coastal Port	Daly City Rescue Arch	Coastal Port with halved search vault around Daly City Rescue Arch, signature 332	Sorted-cache vault 4: shrinking light bands show low, mid, and high bounds.	landmark;art_kit;major_signature;landscape;street_life;objective_route;composition;character_court;safehouse;physics_yard;mission_diorama;account_assets;first_minute;bespoke_survival_horror;authored_asset_refinement;production_completion
333	georgetown_tx	Georgetown	Southern Evac Line	Southern Evac Line triage routing depot	Desert Solar Grid	Georgetown Data Beacon	Desert Solar Grid with triage conveyor lanes around Georgetown Data Beacon, signature 333	Triage sorter 1: even-number lanes lead to rescue while odd lanes become decoys.	landmark;art_kit;major_signature;landscape;street_life;objective_route;composition;character_court;safehouse;physics_yard;mission_diorama;account_assets;first_minute;bespoke_survival_horror;authored_asset_refinement;production_completion
334	new_bedford_ma	New Bedford	Northeast Relay	Northeast Relay drone beacon yard	African Urban Relay	New Bedford Command Obelisk	African Urban Relay with timed beacon pylons around New Bedford Command Obelisk, signature 334	Beacon cycle yard 2: numbered pylons emphasize checking 15 before 3 or 5.	landmark;art_kit;major_signature;landscape;street_life;objective_route;composition;character_court;safehouse;physics_yard;mission_diorama;account_assets;first_minute;bespoke_survival_horror;authored_asset_refinement;production_completion
335	albany_ny	Albany	Northeast Relay	Northeast Relay mirror-code archive	Coastal Port	Albany Relay Bridge	Coastal Port with mirrored plaza around Albany Relay Bridge, signature 335	Mirror-code walk 3: paired light posts teach left/right character comparisons.	landmark;art_kit;major_signature;landscape;street_life;objective_route;composition;character_court;safehouse;physics_yard;mission_diorama;account_assets;first_minute;bespoke_survival_horror;authored_asset_refinement;production_completion
336	davenport_ia	Davenport	Midwest Grid	Midwest Grid sorted supply-cache vault	River Lockworks	Davenport Power Crown	River Lockworks with halved search vault around Davenport Power Crown, signature 336	Sorted-cache vault 4: shrinking light bands show low, mid, and high bounds.	landmark;art_kit;major_signature;landscape;street_life;objective_route;composition;character_court;safehouse;physics_yard;mission_diorama;account_assets;first_minute;bespoke_survival_horror;authored_asset_refinement;production_completion
337	plantation_fl	Plantation	Southern Evac Line	Southern Evac Line evacuation chain depot	Coastal Port	Plantation Signal Spire	Coastal Port with linked evacuation posts around Plantation Signal Spire, signature 337	Evacuation chain 1: node markers show current, next, and stop sentinel movement.	landmark;art_kit;major_signature;landscape;street_life;objective_route;composition;character_court;safehouse;physics_yard;mission_diorama;account_assets;first_minute;bespoke_survival_horror;authored_asset_refinement;production_completion
338	deltona_fl	Deltona	Southern Evac Line	Southern Evac Line sorted supply-cache vault	Coastal Port	Deltona Rescue Arch	Coastal Port with halved search vault around Deltona Rescue Arch, signature 338	Sorted-cache vault 2: shrinking light bands show low, mid, and high bounds.	landmark;art_kit;major_signature;landscape;street_life;objective_route;composition;character_court;safehouse;physics_yard;mission_diorama;account_assets;first_minute;bespoke_survival_horror;authored_asset_refinement;production_completion
339	federal_way_wa	Federal Way	Western Corridor	Western Corridor triage routing depot	Coastal Port	Federal Way Data Beacon	Coastal Port with triage conveyor lanes around Federal Way Data Beacon, signature 339	Triage sorter 3: even-number lanes lead to rescue while odd lanes become decoys.	landmark;art_kit;major_signature;landscape;street_life;objective_route;composition;character_court;safehouse;physics_yard;mission_diorama;account_assets;first_minute;bespoke_survival_horror;authored_asset_refinement;production_completion
340	san_angelo_tx	San Angelo	Southern Evac Line	Southern Evac Line drone beacon yard	Desert Solar Grid	San Angelo Command Obelisk	Desert Solar Grid with timed beacon pylons around San Angelo Command Obelisk, signature 340	Beacon cycle yard 4: numbered pylons emphasize checking 15 before 3 or 5.	landmark;art_kit;major_signature;landscape;street_life;objective_route;composition;character_court;safehouse;physics_yard;mission_diorama;account_assets;first_minute;bespoke_survival_horror;authored_asset_refinement;production_completion
341	tracy_ca	Tracy	Western Corridor	Western Corridor mirror-code archive	Coastal Port	Tracy Relay Bridge	Coastal Port with mirrored plaza around Tracy Relay Bridge, signature 341	Mirror-code walk 1: paired light posts teach left/right character comparisons.	landmark;art_kit;major_signature;landscape;street_life;objective_route;composition;character_court;safehouse;physics_yard;mission_diorama;account_assets;first_minute;bespoke_survival_horror;authored_asset_refinement;production_completion
342	sunrise_fl	Sunrise	Southern Evac Line	Southern Evac Line sorted supply-cache vault	Coastal Port	Sunrise Power Crown	Coastal Port with halved search vault around Sunrise Power Crown, signature 342	Sorted-cache vault 2: shrinking light bands show low, mid, and high bounds.	landmark;art_kit;major_signature;landscape;street_life;objective_route;composition;character_court;safehouse;physics_yard;mission_diorama;account_assets;first_minute;bespoke_survival_horror;authored_asset_refinement;production_completion
343	tokyo_jp	Tokyo	East Asia Megacity Belt	East Asia Megacity Belt evacuation chain depot	Neon Megacity	Tokyo Signal Spire	Neon Megacity with linked evacuation posts around Tokyo Signal Spire, signature 343	Evacuation chain 3: node markers show current, next, and stop sentinel movement.	landmark;art_kit;major_signature;landscape;street_life;objective_route;composition;character_court;safehouse;physics_yard;mission_diorama;account_assets;first_minute;bespoke_survival_horror;authored_asset_refinement;production_completion
344	delhi_in	Delhi	Midwest Grid	Midwest Grid sorted supply-cache vault	Monsoon Megacity	Delhi Rescue Arch	Monsoon Megacity with halved search vault around Delhi Rescue Arch, signature 344	Sorted-cache vault 4: shrinking light bands show low, mid, and high bounds.	landmark;art_kit;major_signature;landscape;street_life;objective_route;composition;character_court;safehouse;physics_yard;mission_diorama;account_assets;first_minute;bespoke_survival_horror;authored_asset_refinement;production_completion
345	shanghai_cn	Shanghai	East Asia Megacity Belt	East Asia Megacity Belt triage routing depot	Neon Megacity	Shanghai Data Beacon	Neon Megacity with triage conveyor lanes around Shanghai Data Beacon, signature 345	Triage sorter 1: even-number lanes lead to rescue while odd lanes become decoys.	landmark;art_kit;major_signature;landscape;street_life;objective_route;composition;character_court;safehouse;physics_yard;mission_diorama;account_assets;first_minute;bespoke_survival_horror;authored_asset_refinement;production_completion
346	sao_paulo_br	Sao Paulo	Latin America Metro Spine	Latin America Metro Spine drone beacon yard	Latin Metro	Sao Paulo Command Obelisk	Latin Metro with timed beacon pylons around Sao Paulo Command Obelisk, signature 346	Beacon cycle yard 2: numbered pylons emphasize checking 15 before 3 or 5.	landmark;art_kit;major_signature;landscape;street_life;objective_route;composition;character_court;safehouse;physics_yard;mission_diorama;account_assets;first_minute;bespoke_survival_horror;authored_asset_refinement;production_completion
347	mexico_city_mx	Mexico City	Latin America Metro Spine	Latin America Metro Spine mirror-code archive	Latin Metro	Mexico City Relay Bridge	Latin Metro with mirrored plaza around Mexico City Relay Bridge, signature 347	Mirror-code walk 3: paired light posts teach left/right character comparisons.	landmark;art_kit;major_signature;landscape;street_life;objective_route;composition;character_court;safehouse;physics_yard;mission_diorama;account_assets;first_minute;bespoke_survival_horror;authored_asset_refinement;production_completion
348	cairo_eg	Cairo	African Urban Relay	African Urban Relay sorted supply-cache vault	African Urban Relay	Cairo Power Crown	African Urban Relay with halved search vault around Cairo Power Crown, signature 348	Sorted-cache vault 4: shrinking light bands show low, mid, and high bounds.	landmark;art_kit;major_signature;landscape;street_life;objective_route;composition;character_court;safehouse;physics_yard;mission_diorama;account_assets;first_minute;bespoke_survival_horror;authored_asset_refinement;production_completion
349	mumbai_in	Mumbai	Midwest Grid	Midwest Grid evacuation chain depot	Monsoon Megacity	Mumbai Signal Spire	Monsoon Megacity with linked evacuation posts around Mumbai Signal Spire, signature 349	Evacuation chain 1: node markers show current, next, and stop sentinel movement.	landmark;art_kit;major_signature;landscape;street_life;objective_route;composition;character_court;safehouse;physics_yard;mission_diorama;account_assets;first_minute;bespoke_survival_horror;authored_asset_refinement;production_completion
350	beijing_cn	Beijing	East Asia Megacity Belt	East Asia Megacity Belt sorted supply-cache vault	Neon Megacity	Beijing Rescue Arch	Neon Megacity with halved search vault around Beijing Rescue Arch, signature 350	Sorted-cache vault 2: shrinking light bands show low, mid, and high bounds.	landmark;art_kit;major_signature;landscape;street_life;objective_route;composition;character_court;safehouse;physics_yard;mission_diorama;account_assets;first_minute;bespoke_survival_horror;authored_asset_refinement;production_completion
351	dhaka_bd	Dhaka	South Asia Monsoon Arc	South Asia Monsoon Arc triage routing depot	Monsoon Megacity	Dhaka Data Beacon	Monsoon Megacity with triage conveyor lanes around Dhaka Data Beacon, signature 351	Triage sorter 3: even-number lanes lead to rescue while odd lanes become decoys.	landmark;art_kit;major_signature;landscape;street_life;objective_route;composition;character_court;safehouse;physics_yard;mission_diorama;account_assets;first_minute;bespoke_survival_horror;authored_asset_refinement;production_completion
352	osaka_jp	Osaka	East Asia Megacity Belt	East Asia Megacity Belt drone beacon yard	Neon Megacity	Osaka Command Obelisk	Neon Megacity with timed beacon pylons around Osaka Command Obelisk, signature 352	Beacon cycle yard 4: numbered pylons emphasize checking 15 before 3 or 5.	landmark;art_kit;major_signature;landscape;street_life;objective_route;composition;character_court;safehouse;physics_yard;mission_diorama;account_assets;first_minute;bespoke_survival_horror;authored_asset_refinement;production_completion
353	karachi_pk	Karachi	South Asia Monsoon Arc	South Asia Monsoon Arc mirror-code archive	Monsoon Megacity	Karachi Relay Bridge	Monsoon Megacity with mirrored plaza around Karachi Relay Bridge, signature 353	Mirror-code walk 1: paired light posts teach left/right character comparisons.	landmark;art_kit;major_signature;landscape;street_life;objective_route;composition;character_court;safehouse;physics_yard;mission_diorama;account_assets;first_minute;bespoke_survival_horror;authored_asset_refinement;production_completion
354	buenos_aires_ar	Buenos Aires	Southern Evac Line	Southern Evac Line sorted supply-cache vault	Latin Metro	Buenos Aires Power Crown	Latin Metro with halved search vault around Buenos Aires Power Crown, signature 354	Sorted-cache vault 2: shrinking light bands show low, mid, and high bounds.	landmark;art_kit;major_signature;landscape;street_life;objective_route;composition;character_court;safehouse;physics_yard;mission_diorama;account_assets;first_minute;bespoke_survival_horror;authored_asset_refinement;production_completion
355	istanbul_tr	Istanbul	Middle East Solar Route	Middle East Solar Route evacuation chain depot	Historic Core	Istanbul Signal Spire	Historic Core with linked evacuation posts around Istanbul Signal Spire, signature 355	Evacuation chain 3: node markers show current, next, and stop sentinel movement.	landmark;art_kit;major_signature;landscape;street_life;objective_route;composition;character_court;safehouse;physics_yard;mission_diorama;account_assets;first_minute;bespoke_survival_horror;authored_asset_refinement;production_completion
356	kolkata_in	Kolkata	Midwest Grid	Midwest Grid sorted supply-cache vault	Monsoon Megacity	Kolkata Rescue Arch	Monsoon Megacity with halved search vault around Kolkata Rescue Arch, signature 356	Sorted-cache vault 4: shrinking light bands show low, mid, and high bounds.	landmark;art_kit;major_signature;landscape;street_life;objective_route;composition;character_court;safehouse;physics_yard;mission_diorama;account_assets;first_minute;bespoke_survival_horror;authored_asset_refinement;production_completion
357	manila_ph	Manila	Southeast Asia Delta Route	Southeast Asia Delta Route triage routing depot	Monsoon Port	Manila Data Beacon	Monsoon Port with triage conveyor lanes around Manila Data Beacon, signature 357	Triage sorter 1: even-number lanes lead to rescue while odd lanes become decoys.	landmark;art_kit;major_signature;landscape;street_life;objective_route;composition;character_court;safehouse;physics_yard;mission_diorama;account_assets;first_minute;bespoke_survival_horror;authored_asset_refinement;production_completion
358	lagos_ng	Lagos	African Urban Relay	African Urban Relay drone beacon yard	African Urban Relay	Lagos Command Obelisk	African Urban Relay with timed beacon pylons around Lagos Command Obelisk, signature 358	Beacon cycle yard 2: numbered pylons emphasize checking 15 before 3 or 5.	landmark;art_kit;major_signature;landscape;street_life;objective_route;composition;character_court;safehouse;physics_yard;mission_diorama;account_assets;first_minute;bespoke_survival_horror;authored_asset_refinement;production_completion
359	rio_de_janeiro_br	Rio de Janeiro	Latin America Metro Spine	Latin America Metro Spine mirror-code archive	Latin Metro	Rio de Janeiro Relay Bridge	Latin Metro with mirrored plaza around Rio de Janeiro Relay Bridge, signature 359	Mirror-code walk 3: paired light posts teach left/right character comparisons.	landmark;art_kit;major_signature;landscape;street_life;objective_route;composition;character_court;safehouse;physics_yard;mission_diorama;account_assets;first_minute;bespoke_survival_horror;authored_asset_refinement;production_completion
360	tianjin_cn	Tianjin	East Asia Megacity Belt	East Asia Megacity Belt sorted supply-cache vault	Neon Megacity	Tianjin Power Crown	Neon Megacity with halved search vault around Tianjin Power Crown, signature 360	Sorted-cache vault 4: shrinking light bands show low, mid, and high bounds.	landmark;art_kit;major_signature;landscape;street_life;objective_route;composition;character_court;safehouse;physics_yard;mission_diorama;account_assets;first_minute;bespoke_survival_horror;authored_asset_refinement;production_completion
361	kinshasa_cd	Kinshasa	African Urban Relay	African Urban Relay evacuation chain depot	African Urban Relay	Kinshasa Signal Spire	African Urban Relay with linked evacuation posts around Kinshasa Signal Spire, signature 361	Evacuation chain 1: node markers show current, next, and stop sentinel movement.	landmark;art_kit;major_signature;landscape;street_life;objective_route;composition;character_court;safehouse;physics_yard;mission_diorama;account_assets;first_minute;bespoke_survival_horror;authored_asset_refinement;production_completion
362	guangzhou_cn	Guangzhou	East Asia Megacity Belt	East Asia Megacity Belt sorted supply-cache vault	Neon Megacity	Guangzhou Rescue Arch	Neon Megacity with halved search vault around Guangzhou Rescue Arch, signature 362	Sorted-cache vault 2: shrinking light bands show low, mid, and high bounds.	landmark;art_kit;major_signature;landscape;street_life;objective_route;composition;character_court;safehouse;physics_yard;mission_diorama;account_assets;first_minute;bespoke_survival_horror;authored_asset_refinement;production_completion
363	shenzhen_cn	Shenzhen	East Asia Megacity Belt	East Asia Megacity Belt triage routing depot	Neon Megacity	Shenzhen Data Beacon	Neon Megacity with triage conveyor lanes around Shenzhen Data Beacon, signature 363	Triage sorter 3: even-number lanes lead to rescue while odd lanes become decoys.	landmark;art_kit;major_signature;landscape;street_life;objective_route;composition;character_court;safehouse;physics_yard;mission_diorama;account_assets;first_minute;bespoke_survival_horror;authored_asset_refinement;production_completion
364	lahore_pk	Lahore	South Asia Monsoon Arc	South Asia Monsoon Arc drone beacon yard	Monsoon Megacity	Lahore Command Obelisk	Monsoon Megacity with timed beacon pylons around Lahore Command Obelisk, signature 364	Beacon cycle yard 4: numbered pylons emphasize checking 15 before 3 or 5.	landmark;art_kit;major_signature;landscape;street_life;objective_route;composition;character_court;safehouse;physics_yard;mission_diorama;account_assets;first_minute;bespoke_survival_horror;authored_asset_refinement;production_completion
365	bangalore_in	Bangalore	Midwest Grid	Midwest Grid mirror-code archive	Monsoon Megacity	Bangalore Relay Bridge	Monsoon Megacity with mirrored plaza around Bangalore Relay Bridge, signature 365	Mirror-code walk 1: paired light posts teach left/right character comparisons.	landmark;art_kit;major_signature;landscape;street_life;objective_route;composition;character_court;safehouse;physics_yard;mission_diorama;account_assets;first_minute;bespoke_survival_horror;authored_asset_refinement;production_completion
366	paris_fr	Paris	European Historic Core	European Historic Core sorted supply-cache vault	Historic Core	Paris Power Crown	Historic Core with halved search vault around Paris Power Crown, signature 366	Sorted-cache vault 2: shrinking light bands show low, mid, and high bounds.	landmark;art_kit;major_signature;landscape;street_life;objective_route;composition;character_court;safehouse;physics_yard;mission_diorama;account_assets;first_minute;bespoke_survival_horror;authored_asset_refinement;production_completion
367	bogota_co	Bogota	Western Corridor	Western Corridor evacuation chain depot	Latin Metro	Bogota Signal Spire	Latin Metro with linked evacuation posts around Bogota Signal Spire, signature 367	Evacuation chain 3: node markers show current, next, and stop sentinel movement.	landmark;art_kit;major_signature;landscape;street_life;objective_route;composition;character_court;safehouse;physics_yard;mission_diorama;account_assets;first_minute;bespoke_survival_horror;authored_asset_refinement;production_completion
368	jakarta_id	Jakarta	Western Corridor	Western Corridor sorted supply-cache vault	Monsoon Port	Jakarta Rescue Arch	Monsoon Port with halved search vault around Jakarta Rescue Arch, signature 368	Sorted-cache vault 4: shrinking light bands show low, mid, and high bounds.	landmark;art_kit;major_signature;landscape;street_life;objective_route;composition;character_court;safehouse;physics_yard;mission_diorama;account_assets;first_minute;bespoke_survival_horror;authored_asset_refinement;production_completion
369	chennai_in	Chennai	Midwest Grid	Midwest Grid triage routing depot	Monsoon Megacity	Chennai Data Beacon	Monsoon Megacity with triage conveyor lanes around Chennai Data Beacon, signature 369	Triage sorter 1: even-number lanes lead to rescue while odd lanes become decoys.	landmark;art_kit;major_signature;landscape;street_life;objective_route;composition;character_court;safehouse;physics_yard;mission_diorama;account_assets;first_minute;bespoke_survival_horror;authored_asset_refinement;production_completion
370	lima_pe	Lima	Latin America Metro Spine	Latin America Metro Spine drone beacon yard	Latin Metro	Lima Command Obelisk	Latin Metro with timed beacon pylons around Lima Command Obelisk, signature 370	Beacon cycle yard 2: numbered pylons emphasize checking 15 before 3 or 5.	landmark;art_kit;major_signature;landscape;street_life;objective_route;composition;character_court;safehouse;physics_yard;mission_diorama;account_assets;first_minute;bespoke_survival_horror;authored_asset_refinement;production_completion
371	bangkok_th	Bangkok	Southeast Asia Delta Route	Southeast Asia Delta Route mirror-code archive	Monsoon Port	Bangkok Relay Bridge	Monsoon Port with mirrored plaza around Bangkok Relay Bridge, signature 371	Mirror-code walk 3: paired light posts teach left/right character comparisons.	landmark;art_kit;major_signature;landscape;street_life;objective_route;composition;character_court;safehouse;physics_yard;mission_diorama;account_assets;first_minute;bespoke_survival_horror;authored_asset_refinement;production_completion
372	seoul_kr	Seoul	East Asia Megacity Belt	East Asia Megacity Belt sorted supply-cache vault	Neon Megacity	Seoul Power Crown	Neon Megacity with halved search vault around Seoul Power Crown, signature 372	Sorted-cache vault 4: shrinking light bands show low, mid, and high bounds.	landmark;art_kit;major_signature;landscape;street_life;objective_route;composition;character_court;safehouse;physics_yard;mission_diorama;account_assets;first_minute;bespoke_survival_horror;authored_asset_refinement;production_completion
373	nagoya_jp	Nagoya	East Asia Megacity Belt	East Asia Megacity Belt evacuation chain depot	Neon Megacity	Nagoya Signal Spire	Neon Megacity with linked evacuation posts around Nagoya Signal Spire, signature 373	Evacuation chain 1: node markers show current, next, and stop sentinel movement.	landmark;art_kit;major_signature;landscape;street_life;objective_route;composition;character_court;safehouse;physics_yard;mission_diorama;account_assets;first_minute;bespoke_survival_horror;authored_asset_refinement;production_completion
374	hyderabad_in	Hyderabad	Midwest Grid	Midwest Grid sorted supply-cache vault	Monsoon Megacity	Hyderabad Rescue Arch	Monsoon Megacity with halved search vault around Hyderabad Rescue Arch, signature 374	Sorted-cache vault 2: shrinking light bands show low, mid, and high bounds.	landmark;art_kit;major_signature;landscape;street_life;objective_route;composition;character_court;safehouse;physics_yard;mission_diorama;account_assets;first_minute;bespoke_survival_horror;authored_asset_refinement;production_completion
375	london_gb	London	European Historic Core	European Historic Core triage routing depot	Historic Core	London Data Beacon	Historic Core with triage conveyor lanes around London Data Beacon, signature 375	Triage sorter 3: even-number lanes lead to rescue while odd lanes become decoys.	landmark;art_kit;major_signature;landscape;street_life;objective_route;composition;character_court;safehouse;physics_yard;mission_diorama;account_assets;first_minute;bespoke_survival_horror;authored_asset_refinement;production_completion
376	tehran_ir	Tehran	Middle East Solar Route	Middle East Solar Route drone beacon yard	Middle East Solar Hub	Tehran Command Obelisk	Middle East Solar Hub with timed beacon pylons around Tehran Command Obelisk, signature 376	Beacon cycle yard 4: numbered pylons emphasize checking 15 before 3 or 5.	landmark;art_kit;major_signature;landscape;street_life;objective_route;composition;character_court;safehouse;physics_yard;mission_diorama;account_assets;first_minute;bespoke_survival_horror;authored_asset_refinement;production_completion
377	chengdu_cn	Chengdu	East Asia Megacity Belt	East Asia Megacity Belt mirror-code archive	Neon Megacity	Chengdu Relay Bridge	Neon Megacity with mirrored plaza around Chengdu Relay Bridge, signature 377	Mirror-code walk 1: paired light posts teach left/right character comparisons.	landmark;art_kit;major_signature;landscape;street_life;objective_route;composition;character_court;safehouse;physics_yard;mission_diorama;account_assets;first_minute;bespoke_survival_horror;authored_asset_refinement;production_completion
378	nanjing_cn	Nanjing	East Asia Megacity Belt	East Asia Megacity Belt sorted supply-cache vault	Neon Megacity	Nanjing Power Crown	Neon Megacity with halved search vault around Nanjing Power Crown, signature 378	Sorted-cache vault 2: shrinking light bands show low, mid, and high bounds.	landmark;art_kit;major_signature;landscape;street_life;objective_route;composition;character_court;safehouse;physics_yard;mission_diorama;account_assets;first_minute;bespoke_survival_horror;authored_asset_refinement;production_completion
379	wuhan_cn	Wuhan	East Asia Megacity Belt	East Asia Megacity Belt evacuation chain depot	Neon Megacity	Wuhan Signal Spire	Neon Megacity with linked evacuation posts around Wuhan Signal Spire, signature 379	Evacuation chain 3: node markers show current, next, and stop sentinel movement.	landmark;art_kit;major_signature;landscape;street_life;objective_route;composition;character_court;safehouse;physics_yard;mission_diorama;account_assets;first_minute;bespoke_survival_horror;authored_asset_refinement;production_completion
380	ho_chi_minh_city_vn	Ho Chi Minh City	Southeast Asia Delta Route	Southeast Asia Delta Route sorted supply-cache vault	Monsoon Port	Ho Chi Minh City Rescue Arch	Monsoon Port with halved search vault around Ho Chi Minh City Rescue Arch, signature 380	Sorted-cache vault 4: shrinking light bands show low, mid, and high bounds.	landmark;art_kit;major_signature;landscape;street_life;objective_route;composition;character_court;safehouse;physics_yard;mission_diorama;account_assets;first_minute;bespoke_survival_horror;authored_asset_refinement;production_completion
381	luanda_ao	Luanda	African Urban Relay	African Urban Relay triage routing depot	African Urban Relay	Luanda Data Beacon	African Urban Relay with triage conveyor lanes around Luanda Data Beacon, signature 381	Triage sorter 1: even-number lanes lead to rescue while odd lanes become decoys.	landmark;art_kit;major_signature;landscape;street_life;objective_route;composition;character_court;safehouse;physics_yard;mission_diorama;account_assets;first_minute;bespoke_survival_horror;authored_asset_refinement;production_completion
382	ahmedabad_in	Ahmedabad	Midwest Grid	Midwest Grid drone beacon yard	Monsoon Megacity	Ahmedabad Command Obelisk	Monsoon Megacity with timed beacon pylons around Ahmedabad Command Obelisk, signature 382	Beacon cycle yard 2: numbered pylons emphasize checking 15 before 3 or 5.	landmark;art_kit;major_signature;landscape;street_life;objective_route;composition;character_court;safehouse;physics_yard;mission_diorama;account_assets;first_minute;bespoke_survival_horror;authored_asset_refinement;production_completion
383	kuala_lumpur_my	Kuala Lumpur	Southeast Asia Delta Route	Southeast Asia Delta Route mirror-code archive	Monsoon Port	Kuala Lumpur Relay Bridge	Monsoon Port with mirrored plaza around Kuala Lumpur Relay Bridge, signature 383	Mirror-code walk 3: paired light posts teach left/right character comparisons.	landmark;art_kit;major_signature;landscape;street_life;objective_route;composition;character_court;safehouse;physics_yard;mission_diorama;account_assets;first_minute;bespoke_survival_horror;authored_asset_refinement;production_completion
384	xi_an_cn	Xi'an	East Asia Megacity Belt	East Asia Megacity Belt sorted supply-cache vault	Neon Megacity	Xi'an Power Crown	Neon Megacity with halved search vault around Xi'an Power Crown, signature 384	Sorted-cache vault 4: shrinking light bands show low, mid, and high bounds.	landmark;art_kit;major_signature;landscape;street_life;objective_route;composition;character_court;safehouse;physics_yard;mission_diorama;account_assets;first_minute;bespoke_survival_horror;authored_asset_refinement;production_completion
385	hong_kong_hk	Hong Kong	East Asia Megacity Belt	East Asia Megacity Belt evacuation chain depot	Neon Megacity	Hong Kong Signal Spire	Neon Megacity with linked evacuation posts around Hong Kong Signal Spire, signature 385	Evacuation chain 1: node markers show current, next, and stop sentinel movement.	landmark;art_kit;major_signature;landscape;street_life;objective_route;composition;character_court;safehouse;physics_yard;mission_diorama;account_assets;first_minute;bespoke_survival_horror;authored_asset_refinement;production_completion
386	hangzhou_cn	Hangzhou	East Asia Megacity Belt	East Asia Megacity Belt sorted supply-cache vault	Neon Megacity	Hangzhou Rescue Arch	Neon Megacity with halved search vault around Hangzhou Rescue Arch, signature 386	Sorted-cache vault 2: shrinking light bands show low, mid, and high bounds.	landmark;art_kit;major_signature;landscape;street_life;objective_route;composition;character_court;safehouse;physics_yard;mission_diorama;account_assets;first_minute;bespoke_survival_horror;authored_asset_refinement;production_completion
387	foshan_cn	Foshan	East Asia Megacity Belt	East Asia Megacity Belt triage routing depot	Neon Megacity	Foshan Data Beacon	Neon Megacity with triage conveyor lanes around Foshan Data Beacon, signature 387	Triage sorter 3: even-number lanes lead to rescue while odd lanes become decoys.	landmark;art_kit;major_signature;landscape;street_life;objective_route;composition;character_court;safehouse;physics_yard;mission_diorama;account_assets;first_minute;bespoke_survival_horror;authored_asset_refinement;production_completion
388	shenyang_cn	Shenyang	East Asia Megacity Belt	East Asia Megacity Belt drone beacon yard	Neon Megacity	Shenyang Command Obelisk	Neon Megacity with timed beacon pylons around Shenyang Command Obelisk, signature 388	Beacon cycle yard 4: numbered pylons emphasize checking 15 before 3 or 5.	landmark;art_kit;major_signature;landscape;street_life;objective_route;composition;character_court;safehouse;physics_yard;mission_diorama;account_assets;first_minute;bespoke_survival_horror;authored_asset_refinement;production_completion
389	riyadh_sa	Riyadh	Middle East Solar Route	Middle East Solar Route mirror-code archive	Middle East Solar Hub	Riyadh Relay Bridge	Middle East Solar Hub with mirrored plaza around Riyadh Relay Bridge, signature 389	Mirror-code walk 1: paired light posts teach left/right character comparisons.	landmark;art_kit;major_signature;landscape;street_life;objective_route;composition;character_court;safehouse;physics_yard;mission_diorama;account_assets;first_minute;bespoke_survival_horror;authored_asset_refinement;production_completion
390	baghdad_iq	Baghdad	Middle East Solar Route	Middle East Solar Route sorted supply-cache vault	Middle East Solar Hub	Baghdad Power Crown	Middle East Solar Hub with halved search vault around Baghdad Power Crown, signature 390	Sorted-cache vault 2: shrinking light bands show low, mid, and high bounds.	landmark;art_kit;major_signature;landscape;street_life;objective_route;composition;character_court;safehouse;physics_yard;mission_diorama;account_assets;first_minute;bespoke_survival_horror;authored_asset_refinement;production_completion
391	santiago_cl	Santiago	Latin America Metro Spine	Latin America Metro Spine evacuation chain depot	Latin Metro	Santiago Signal Spire	Latin Metro with linked evacuation posts around Santiago Signal Spire, signature 391	Evacuation chain 3: node markers show current, next, and stop sentinel movement.	landmark;art_kit;major_signature;landscape;street_life;objective_route;composition;character_court;safehouse;physics_yard;mission_diorama;account_assets;first_minute;bespoke_survival_horror;authored_asset_refinement;production_completion
392	surat_in	Surat	Midwest Grid	Midwest Grid sorted supply-cache vault	Monsoon Megacity	Surat Rescue Arch	Monsoon Megacity with halved search vault around Surat Rescue Arch, signature 392	Sorted-cache vault 4: shrinking light bands show low, mid, and high bounds.	landmark;art_kit;major_signature;landscape;street_life;objective_route;composition;character_court;safehouse;physics_yard;mission_diorama;account_assets;first_minute;bespoke_survival_horror;authored_asset_refinement;production_completion
393	madrid_es	Madrid	European Historic Core	European Historic Core triage routing depot	Historic Core	Madrid Data Beacon	Historic Core with triage conveyor lanes around Madrid Data Beacon, signature 393	Triage sorter 1: even-number lanes lead to rescue while odd lanes become decoys.	landmark;art_kit;major_signature;landscape;street_life;objective_route;composition;character_court;safehouse;physics_yard;mission_diorama;account_assets;first_minute;bespoke_survival_horror;authored_asset_refinement;production_completion
394	toronto_ca_on	Toronto	Canadian Shield Corridor	Canadian Shield Corridor drone beacon yard	Great Lakes Industrial	Toronto Command Obelisk	Great Lakes Industrial with timed beacon pylons around Toronto Command Obelisk, signature 394	Beacon cycle yard 2: numbered pylons emphasize checking 15 before 3 or 5.	landmark;art_kit;major_signature;landscape;street_life;objective_route;composition;character_court;safehouse;physics_yard;mission_diorama;account_assets;first_minute;bespoke_survival_horror;authored_asset_refinement;production_completion
395	belo_horizonte_br	Belo Horizonte	Latin America Metro Spine	Latin America Metro Spine mirror-code archive	Latin Metro	Belo Horizonte Relay Bridge	Latin Metro with mirrored plaza around Belo Horizonte Relay Bridge, signature 395	Mirror-code walk 3: paired light posts teach left/right character comparisons.	landmark;art_kit;major_signature;landscape;street_life;objective_route;composition;character_court;safehouse;physics_yard;mission_diorama;account_assets;first_minute;bespoke_survival_horror;authored_asset_refinement;production_completion
396	singapore_sg	Singapore	Southeast Asia Delta Route	Southeast Asia Delta Route sorted supply-cache vault	Neon Megacity	Singapore Power Crown	Neon Megacity with halved search vault around Singapore Power Crown, signature 396	Sorted-cache vault 4: shrinking light bands show low, mid, and high bounds.	landmark;art_kit;major_signature;landscape;street_life;objective_route;composition;character_court;safehouse;physics_yard;mission_diorama;account_assets;first_minute;bespoke_survival_horror;authored_asset_refinement;production_completion
397	barcelona_es	Barcelona	European Historic Core	European Historic Core evacuation chain depot	Historic Core	Barcelona Signal Spire	Historic Core with linked evacuation posts around Barcelona Signal Spire, signature 397	Evacuation chain 1: node markers show current, next, and stop sentinel movement.	landmark;art_kit;major_signature;landscape;street_life;objective_route;composition;character_court;safehouse;physics_yard;mission_diorama;account_assets;first_minute;bespoke_survival_horror;authored_asset_refinement;production_completion
398	alexandria_eg	Alexandria	African Urban Relay	African Urban Relay sorted supply-cache vault	African Urban Relay	Alexandria Rescue Arch	African Urban Relay with halved search vault around Alexandria Rescue Arch, signature 398	Sorted-cache vault 2: shrinking light bands show low, mid, and high bounds.	landmark;art_kit;major_signature;landscape;street_life;objective_route;composition;character_court;safehouse;physics_yard;mission_diorama;account_assets;first_minute;bespoke_survival_horror;authored_asset_refinement;production_completion
399	casablanca_ma	Casablanca	Northeast Relay	Northeast Relay triage routing depot	African Urban Relay	Casablanca Data Beacon	African Urban Relay with triage conveyor lanes around Casablanca Data Beacon, signature 399	Triage sorter 3: even-number lanes lead to rescue while odd lanes become decoys.	landmark;art_kit;major_signature;landscape;street_life;objective_route;composition;character_court;safehouse;physics_yard;mission_diorama;account_assets;first_minute;bespoke_survival_horror;authored_asset_refinement;production_completion
400	melbourne_au	Melbourne	Oceania Harbor Ring	Oceania Harbor Ring drone beacon yard	Oceania Harbor	Melbourne Command Obelisk	Oceania Harbor with timed beacon pylons around Melbourne Command Obelisk, signature 400	Beacon cycle yard 4: numbered pylons emphasize checking 15 before 3 or 5.	landmark;art_kit;major_signature;landscape;street_life;objective_route;composition;character_court;safehouse;physics_yard;mission_diorama;account_assets;first_minute;bespoke_survival_horror;authored_asset_refinement;production_completion
401	sydney_au	Sydney	Oceania Harbor Ring	Oceania Harbor Ring mirror-code archive	Oceania Harbor	Sydney Relay Bridge	Oceania Harbor with mirrored plaza around Sydney Relay Bridge, signature 401	Mirror-code walk 1: paired light posts teach left/right character comparisons.	landmark;art_kit;major_signature;landscape;street_life;objective_route;composition;character_court;safehouse;physics_yard;mission_diorama;account_assets;first_minute;bespoke_survival_horror;authored_asset_refinement;production_completion
402	berlin_de	Berlin	Southern Evac Line	Southern Evac Line sorted supply-cache vault	Historic Core	Berlin Power Crown	Historic Core with halved search vault around Berlin Power Crown, signature 402	Sorted-cache vault 2: shrinking light bands show low, mid, and high bounds.	landmark;art_kit;major_signature;landscape;street_life;objective_route;composition;character_court;safehouse;physics_yard;mission_diorama;account_assets;first_minute;bespoke_survival_horror;authored_asset_refinement;production_completion
403	rome_it	Rome	European Historic Core	European Historic Core evacuation chain depot	Historic Core	Rome Signal Spire	Historic Core with linked evacuation posts around Rome Signal Spire, signature 403	Evacuation chain 3: node markers show current, next, and stop sentinel movement.	landmark;art_kit;major_signature;landscape;street_life;objective_route;composition;character_court;safehouse;physics_yard;mission_diorama;account_assets;first_minute;bespoke_survival_horror;authored_asset_refinement;production_completion
404	dubai_ae	Dubai	Middle East Solar Route	Middle East Solar Route sorted supply-cache vault	Middle East Solar Hub	Dubai Rescue Arch	Middle East Solar Hub with halved search vault around Dubai Rescue Arch, signature 404	Sorted-cache vault 4: shrinking light bands show low, mid, and high bounds.	landmark;art_kit;major_signature;landscape;street_life;objective_route;composition;character_court;safehouse;physics_yard;mission_diorama;account_assets;first_minute;bespoke_survival_horror;authored_asset_refinement;production_completion
405	abu_dhabi_ae	Abu Dhabi	Middle East Solar Route	Middle East Solar Route triage routing depot	Middle East Solar Hub	Abu Dhabi Data Beacon	Middle East Solar Hub with triage conveyor lanes around Abu Dhabi Data Beacon, signature 405	Triage sorter 1: even-number lanes lead to rescue while odd lanes become decoys.	landmark;art_kit;major_signature;landscape;street_life;objective_route;composition;character_court;safehouse;physics_yard;mission_diorama;account_assets;first_minute;bespoke_survival_horror;authored_asset_refinement;production_completion
406	nairobi_ke	Nairobi	African Urban Relay	African Urban Relay drone beacon yard	African Urban Relay	Nairobi Command Obelisk	African Urban Relay with timed beacon pylons around Nairobi Command Obelisk, signature 406	Beacon cycle yard 2: numbered pylons emphasize checking 15 before 3 or 5.	landmark;art_kit;major_signature;landscape;street_life;objective_route;composition;character_court;safehouse;physics_yard;mission_diorama;account_assets;first_minute;bespoke_survival_horror;authored_asset_refinement;production_completion
407	johannesburg_za	Johannesburg	African Urban Relay	African Urban Relay mirror-code archive	African Urban Relay	Johannesburg Relay Bridge	African Urban Relay with mirrored plaza around Johannesburg Relay Bridge, signature 407	Mirror-code walk 3: paired light posts teach left/right character comparisons.	landmark;art_kit;major_signature;landscape;street_life;objective_route;composition;character_court;safehouse;physics_yard;mission_diorama;account_assets;first_minute;bespoke_survival_horror;authored_asset_refinement;production_completion
408	cape_town_za	Cape Town	African Urban Relay	African Urban Relay sorted supply-cache vault	African Urban Relay	Cape Town Power Crown	African Urban Relay with halved search vault around Cape Town Power Crown, signature 408	Sorted-cache vault 4: shrinking light bands show low, mid, and high bounds.	landmark;art_kit;major_signature;landscape;street_life;objective_route;composition;character_court;safehouse;physics_yard;mission_diorama;account_assets;first_minute;bespoke_survival_horror;authored_asset_refinement;production_completion
409	addis_ababa_et	Addis Ababa	African Urban Relay	African Urban Relay evacuation chain depot	African Urban Relay	Addis Ababa Signal Spire	African Urban Relay with linked evacuation posts around Addis Ababa Signal Spire, signature 409	Evacuation chain 1: node markers show current, next, and stop sentinel movement.	landmark;art_kit;major_signature;landscape;street_life;objective_route;composition;character_court;safehouse;physics_yard;mission_diorama;account_assets;first_minute;bespoke_survival_horror;authored_asset_refinement;production_completion
410	dar_es_salaam_tz	Dar es Salaam	African Urban Relay	African Urban Relay sorted supply-cache vault	African Urban Relay	Dar es Salaam Rescue Arch	African Urban Relay with halved search vault around Dar es Salaam Rescue Arch, signature 410	Sorted-cache vault 2: shrinking light bands show low, mid, and high bounds.	landmark;art_kit;major_signature;landscape;street_life;objective_route;composition;character_court;safehouse;physics_yard;mission_diorama;account_assets;first_minute;bespoke_survival_horror;authored_asset_refinement;production_completion
411	accra_gh	Accra	African Urban Relay	African Urban Relay triage routing depot	African Urban Relay	Accra Data Beacon	African Urban Relay with triage conveyor lanes around Accra Data Beacon, signature 411	Triage sorter 3: even-number lanes lead to rescue while odd lanes become decoys.	landmark;art_kit;major_signature;landscape;street_life;objective_route;composition;character_court;safehouse;physics_yard;mission_diorama;account_assets;first_minute;bespoke_survival_horror;authored_asset_refinement;production_completion
412	abidjan_ci	Abidjan	African Urban Relay	African Urban Relay drone beacon yard	African Urban Relay	Abidjan Command Obelisk	African Urban Relay with timed beacon pylons around Abidjan Command Obelisk, signature 412	Beacon cycle yard 4: numbered pylons emphasize checking 15 before 3 or 5.	landmark;art_kit;major_signature;landscape;street_life;objective_route;composition;character_court;safehouse;physics_yard;mission_diorama;account_assets;first_minute;bespoke_survival_horror;authored_asset_refinement;production_completion
413	algiers_dz	Algiers	African Urban Relay	African Urban Relay mirror-code archive	African Urban Relay	Algiers Relay Bridge	African Urban Relay with mirrored plaza around Algiers Relay Bridge, signature 413	Mirror-code walk 1: paired light posts teach left/right character comparisons.	landmark;art_kit;major_signature;landscape;street_life;objective_route;composition;character_court;safehouse;physics_yard;mission_diorama;account_assets;first_minute;bespoke_survival_horror;authored_asset_refinement;production_completion
414	tunis_tn	Tunis	Southern Evac Line	Southern Evac Line sorted supply-cache vault	African Urban Relay	Tunis Power Crown	African Urban Relay with halved search vault around Tunis Power Crown, signature 414	Sorted-cache vault 2: shrinking light bands show low, mid, and high bounds.	landmark;art_kit;major_signature;landscape;street_life;objective_route;composition;character_court;safehouse;physics_yard;mission_diorama;account_assets;first_minute;bespoke_survival_horror;authored_asset_refinement;production_completion
415	rabat_ma	Rabat	Northeast Relay	Northeast Relay evacuation chain depot	African Urban Relay	Rabat Signal Spire	African Urban Relay with linked evacuation posts around Rabat Signal Spire, signature 415	Evacuation chain 3: node markers show current, next, and stop sentinel movement.	landmark;art_kit;major_signature;landscape;street_life;objective_route;composition;character_court;safehouse;physics_yard;mission_diorama;account_assets;first_minute;bespoke_survival_horror;authored_asset_refinement;production_completion
416	montreal_ca_qc	Montreal	Canadian Shield Corridor	Canadian Shield Corridor sorted supply-cache vault	Great Lakes Industrial	Montreal Rescue Arch	Great Lakes Industrial with halved search vault around Montreal Rescue Arch, signature 416	Sorted-cache vault 4: shrinking light bands show low, mid, and high bounds.	landmark;art_kit;major_signature;landscape;street_life;objective_route;composition;character_court;safehouse;physics_yard;mission_diorama;account_assets;first_minute;bespoke_survival_horror;authored_asset_refinement;production_completion
417	vancouver_ca_bc	Vancouver	Canadian Shield Corridor	Canadian Shield Corridor triage routing depot	Great Lakes Industrial	Vancouver Data Beacon	Great Lakes Industrial with triage conveyor lanes around Vancouver Data Beacon, signature 417	Triage sorter 1: even-number lanes lead to rescue while odd lanes become decoys.	landmark;art_kit;major_signature;landscape;street_life;objective_route;composition;character_court;safehouse;physics_yard;mission_diorama;account_assets;first_minute;bespoke_survival_horror;authored_asset_refinement;production_completion
418	calgary_ca_ab	Calgary	Canadian Shield Corridor	Canadian Shield Corridor drone beacon yard	Great Lakes Industrial	Calgary Command Obelisk	Great Lakes Industrial with timed beacon pylons around Calgary Command Obelisk, signature 418	Beacon cycle yard 2: numbered pylons emphasize checking 15 before 3 or 5.	landmark;art_kit;major_signature;landscape;street_life;objective_route;composition;character_court;safehouse;physics_yard;mission_diorama;account_assets;first_minute;bespoke_survival_horror;authored_asset_refinement;production_completion
419	ottawa_ca_on	Ottawa	Canadian Shield Corridor	Canadian Shield Corridor mirror-code archive	Great Lakes Industrial	Ottawa Relay Bridge	Great Lakes Industrial with mirrored plaza around Ottawa Relay Bridge, signature 419	Mirror-code walk 3: paired light posts teach left/right character comparisons.	landmark;art_kit;major_signature;landscape;street_life;objective_route;composition;character_court;safehouse;physics_yard;mission_diorama;account_assets;first_minute;bespoke_survival_horror;authored_asset_refinement;production_completion
420	havana_cu	Havana	Latin America Metro Spine	Latin America Metro Spine sorted supply-cache vault	Latin Metro	Havana Power Crown	Latin Metro with halved search vault around Havana Power Crown, signature 420	Sorted-cache vault 4: shrinking light bands show low, mid, and high bounds.	landmark;art_kit;major_signature;landscape;street_life;objective_route;composition;character_court;safehouse;physics_yard;mission_diorama;account_assets;first_minute;bespoke_survival_horror;authored_asset_refinement;production_completion
421	santo_domingo_do	Santo Domingo	Latin America Metro Spine	Latin America Metro Spine evacuation chain depot	Latin Metro	Santo Domingo Signal Spire	Latin Metro with linked evacuation posts around Santo Domingo Signal Spire, signature 421	Evacuation chain 1: node markers show current, next, and stop sentinel movement.	landmark;art_kit;major_signature;landscape;street_life;objective_route;composition;character_court;safehouse;physics_yard;mission_diorama;account_assets;first_minute;bespoke_survival_horror;authored_asset_refinement;production_completion
422	guatemala_city_gt	Guatemala City	Latin America Metro Spine	Latin America Metro Spine sorted supply-cache vault	Latin Metro	Guatemala City Rescue Arch	Latin Metro with halved search vault around Guatemala City Rescue Arch, signature 422	Sorted-cache vault 2: shrinking light bands show low, mid, and high bounds.	landmark;art_kit;major_signature;landscape;street_life;objective_route;composition;character_court;safehouse;physics_yard;mission_diorama;account_assets;first_minute;bespoke_survival_horror;authored_asset_refinement;production_completion
423	san_salvador_sv	San Salvador	Latin America Metro Spine	Latin America Metro Spine triage routing depot	Latin Metro	San Salvador Data Beacon	Latin Metro with triage conveyor lanes around San Salvador Data Beacon, signature 423	Triage sorter 3: even-number lanes lead to rescue while odd lanes become decoys.	landmark;art_kit;major_signature;landscape;street_life;objective_route;composition;character_court;safehouse;physics_yard;mission_diorama;account_assets;first_minute;bespoke_survival_horror;authored_asset_refinement;production_completion
424	panama_city_pa	Panama City	Northeast Relay	Northeast Relay drone beacon yard	Latin Metro	Panama City Command Obelisk	Latin Metro with timed beacon pylons around Panama City Command Obelisk, signature 424	Beacon cycle yard 4: numbered pylons emphasize checking 15 before 3 or 5.	landmark;art_kit;major_signature;landscape;street_life;objective_route;composition;character_court;safehouse;physics_yard;mission_diorama;account_assets;first_minute;bespoke_survival_horror;authored_asset_refinement;production_completion
425	quito_ec	Quito	Latin America Metro Spine	Latin America Metro Spine mirror-code archive	Latin Metro	Quito Relay Bridge	Latin Metro with mirrored plaza around Quito Relay Bridge, signature 425	Mirror-code walk 1: paired light posts teach left/right character comparisons.	landmark;art_kit;major_signature;landscape;street_life;objective_route;composition;character_court;safehouse;physics_yard;mission_diorama;account_assets;first_minute;bespoke_survival_horror;authored_asset_refinement;production_completion
426	caracas_ve	Caracas	Latin America Metro Spine	Latin America Metro Spine sorted supply-cache vault	Latin Metro	Caracas Power Crown	Latin Metro with halved search vault around Caracas Power Crown, signature 426	Sorted-cache vault 2: shrinking light bands show low, mid, and high bounds.	landmark;art_kit;major_signature;landscape;street_life;objective_route;composition;character_court;safehouse;physics_yard;mission_diorama;account_assets;first_minute;bespoke_survival_horror;authored_asset_refinement;production_completion
427	medellin_co	Medellin	Western Corridor	Western Corridor evacuation chain depot	Latin Metro	Medellin Signal Spire	Latin Metro with linked evacuation posts around Medellin Signal Spire, signature 427	Evacuation chain 3: node markers show current, next, and stop sentinel movement.	landmark;art_kit;major_signature;landscape;street_life;objective_route;composition;character_court;safehouse;physics_yard;mission_diorama;account_assets;first_minute;bespoke_survival_horror;authored_asset_refinement;production_completion
428	montevideo_uy	Montevideo	Latin America Metro Spine	Latin America Metro Spine sorted supply-cache vault	Latin Metro	Montevideo Rescue Arch	Latin Metro with halved search vault around Montevideo Rescue Arch, signature 428	Sorted-cache vault 4: shrinking light bands show low, mid, and high bounds.	landmark;art_kit;major_signature;landscape;street_life;objective_route;composition;character_court;safehouse;physics_yard;mission_diorama;account_assets;first_minute;bespoke_survival_horror;authored_asset_refinement;production_completion
429	la_paz_bo	La Paz	Latin America Metro Spine	Latin America Metro Spine triage routing depot	Latin Metro	La Paz Data Beacon	Latin Metro with triage conveyor lanes around La Paz Data Beacon, signature 429	Triage sorter 1: even-number lanes lead to rescue while odd lanes become decoys.	landmark;art_kit;major_signature;landscape;street_life;objective_route;composition;character_court;safehouse;physics_yard;mission_diorama;account_assets;first_minute;bespoke_survival_horror;authored_asset_refinement;production_completion
430	asuncion_py	Asuncion	Latin America Metro Spine	Latin America Metro Spine drone beacon yard	Latin Metro	Asuncion Command Obelisk	Latin Metro with timed beacon pylons around Asuncion Command Obelisk, signature 430	Beacon cycle yard 2: numbered pylons emphasize checking 15 before 3 or 5.	landmark;art_kit;major_signature;landscape;street_life;objective_route;composition;character_court;safehouse;physics_yard;mission_diorama;account_assets;first_minute;bespoke_survival_horror;authored_asset_refinement;production_completion
431	brasilia_br	Brasilia	Latin America Metro Spine	Latin America Metro Spine mirror-code archive	Latin Metro	Brasilia Relay Bridge	Latin Metro with mirrored plaza around Brasilia Relay Bridge, signature 431	Mirror-code walk 3: paired light posts teach left/right character comparisons.	landmark;art_kit;major_signature;landscape;street_life;objective_route;composition;character_court;safehouse;physics_yard;mission_diorama;account_assets;first_minute;bespoke_survival_horror;authored_asset_refinement;production_completion
432	recife_br	Recife	Latin America Metro Spine	Latin America Metro Spine sorted supply-cache vault	Latin Metro	Recife Power Crown	Latin Metro with halved search vault around Recife Power Crown, signature 432	Sorted-cache vault 4: shrinking light bands show low, mid, and high bounds.	landmark;art_kit;major_signature;landscape;street_life;objective_route;composition;character_court;safehouse;physics_yard;mission_diorama;account_assets;first_minute;bespoke_survival_horror;authored_asset_refinement;production_completion
433	salvador_br	Salvador	Latin America Metro Spine	Latin America Metro Spine evacuation chain depot	Latin Metro	Salvador Signal Spire	Latin Metro with linked evacuation posts around Salvador Signal Spire, signature 433	Evacuation chain 1: node markers show current, next, and stop sentinel movement.	landmark;art_kit;major_signature;landscape;street_life;objective_route;composition;character_court;safehouse;physics_yard;mission_diorama;account_assets;first_minute;bespoke_survival_horror;authored_asset_refinement;production_completion
434	fortaleza_br	Fortaleza	Latin America Metro Spine	Latin America Metro Spine sorted supply-cache vault	Latin Metro	Fortaleza Rescue Arch	Latin Metro with halved search vault around Fortaleza Rescue Arch, signature 434	Sorted-cache vault 2: shrinking light bands show low, mid, and high bounds.	landmark;art_kit;major_signature;landscape;street_life;objective_route;composition;character_court;safehouse;physics_yard;mission_diorama;account_assets;first_minute;bespoke_survival_horror;authored_asset_refinement;production_completion
435	manaus_br	Manaus	Latin America Metro Spine	Latin America Metro Spine triage routing depot	Latin Metro	Manaus Data Beacon	Latin Metro with triage conveyor lanes around Manaus Data Beacon, signature 435	Triage sorter 3: even-number lanes lead to rescue while odd lanes become decoys.	landmark;art_kit;major_signature;landscape;street_life;objective_route;composition;character_court;safehouse;physics_yard;mission_diorama;account_assets;first_minute;bespoke_survival_horror;authored_asset_refinement;production_completion
436	curitiba_br	Curitiba	Latin America Metro Spine	Latin America Metro Spine drone beacon yard	Latin Metro	Curitiba Command Obelisk	Latin Metro with timed beacon pylons around Curitiba Command Obelisk, signature 436	Beacon cycle yard 4: numbered pylons emphasize checking 15 before 3 or 5.	landmark;art_kit;major_signature;landscape;street_life;objective_route;composition;character_court;safehouse;physics_yard;mission_diorama;account_assets;first_minute;bespoke_survival_horror;authored_asset_refinement;production_completion
437	porto_alegre_br	Porto Alegre	Latin America Metro Spine	Latin America Metro Spine mirror-code archive	Latin Metro	Porto Alegre Relay Bridge	Latin Metro with mirrored plaza around Porto Alegre Relay Bridge, signature 437	Mirror-code walk 1: paired light posts teach left/right character comparisons.	landmark;art_kit;major_signature;landscape;street_life;objective_route;composition;character_court;safehouse;physics_yard;mission_diorama;account_assets;first_minute;bespoke_survival_horror;authored_asset_refinement;production_completion
438	yokohama_jp	Yokohama	East Asia Megacity Belt	East Asia Megacity Belt sorted supply-cache vault	Neon Megacity	Yokohama Power Crown	Neon Megacity with halved search vault around Yokohama Power Crown, signature 438	Sorted-cache vault 2: shrinking light bands show low, mid, and high bounds.	landmark;art_kit;major_signature;landscape;street_life;objective_route;composition;character_court;safehouse;physics_yard;mission_diorama;account_assets;first_minute;bespoke_survival_horror;authored_asset_refinement;production_completion
439	fukuoka_jp	Fukuoka	East Asia Megacity Belt	East Asia Megacity Belt evacuation chain depot	Neon Megacity	Fukuoka Signal Spire	Neon Megacity with linked evacuation posts around Fukuoka Signal Spire, signature 439	Evacuation chain 3: node markers show current, next, and stop sentinel movement.	landmark;art_kit;major_signature;landscape;street_life;objective_route;composition;character_court;safehouse;physics_yard;mission_diorama;account_assets;first_minute;bespoke_survival_horror;authored_asset_refinement;production_completion
440	sapporo_jp	Sapporo	East Asia Megacity Belt	East Asia Megacity Belt sorted supply-cache vault	Neon Megacity	Sapporo Rescue Arch	Neon Megacity with halved search vault around Sapporo Rescue Arch, signature 440	Sorted-cache vault 4: shrinking light bands show low, mid, and high bounds.	landmark;art_kit;major_signature;landscape;street_life;objective_route;composition;character_court;safehouse;physics_yard;mission_diorama;account_assets;first_minute;bespoke_survival_horror;authored_asset_refinement;production_completion
441	taipei_tw	Taipei	East Asia Megacity Belt	East Asia Megacity Belt triage routing depot	Neon Megacity	Taipei Data Beacon	Neon Megacity with triage conveyor lanes around Taipei Data Beacon, signature 441	Triage sorter 1: even-number lanes lead to rescue while odd lanes become decoys.	landmark;art_kit;major_signature;landscape;street_life;objective_route;composition;character_court;safehouse;physics_yard;mission_diorama;account_assets;first_minute;bespoke_survival_horror;authored_asset_refinement;production_completion
442	kaohsiung_tw	Kaohsiung	East Asia Megacity Belt	East Asia Megacity Belt drone beacon yard	Neon Megacity	Kaohsiung Command Obelisk	Neon Megacity with timed beacon pylons around Kaohsiung Command Obelisk, signature 442	Beacon cycle yard 2: numbered pylons emphasize checking 15 before 3 or 5.	landmark;art_kit;major_signature;landscape;street_life;objective_route;composition;character_court;safehouse;physics_yard;mission_diorama;account_assets;first_minute;bespoke_survival_horror;authored_asset_refinement;production_completion
443	quezon_city_ph	Quezon City	Southeast Asia Delta Route	Southeast Asia Delta Route mirror-code archive	Monsoon Port	Quezon City Relay Bridge	Monsoon Port with mirrored plaza around Quezon City Relay Bridge, signature 443	Mirror-code walk 3: paired light posts teach left/right character comparisons.	landmark;art_kit;major_signature;landscape;street_life;objective_route;composition;character_court;safehouse;physics_yard;mission_diorama;account_assets;first_minute;bespoke_survival_horror;authored_asset_refinement;production_completion
444	davao_city_ph	Davao City	Southeast Asia Delta Route	Southeast Asia Delta Route sorted supply-cache vault	Monsoon Port	Davao City Power Crown	Monsoon Port with halved search vault around Davao City Power Crown, signature 444	Sorted-cache vault 4: shrinking light bands show low, mid, and high bounds.	landmark;art_kit;major_signature;landscape;street_life;objective_route;composition;character_court;safehouse;physics_yard;mission_diorama;account_assets;first_minute;bespoke_survival_horror;authored_asset_refinement;production_completion
445	hanoi_vn	Hanoi	Southeast Asia Delta Route	Southeast Asia Delta Route evacuation chain depot	Monsoon Port	Hanoi Signal Spire	Monsoon Port with linked evacuation posts around Hanoi Signal Spire, signature 445	Evacuation chain 1: node markers show current, next, and stop sentinel movement.	landmark;art_kit;major_signature;landscape;street_life;objective_route;composition;character_court;safehouse;physics_yard;mission_diorama;account_assets;first_minute;bespoke_survival_horror;authored_asset_refinement;production_completion
446	phnom_penh_kh	Phnom Penh	Southeast Asia Delta Route	Southeast Asia Delta Route sorted supply-cache vault	Monsoon Port	Phnom Penh Rescue Arch	Monsoon Port with halved search vault around Phnom Penh Rescue Arch, signature 446	Sorted-cache vault 2: shrinking light bands show low, mid, and high bounds.	landmark;art_kit;major_signature;landscape;street_life;objective_route;composition;character_court;safehouse;physics_yard;mission_diorama;account_assets;first_minute;bespoke_survival_horror;authored_asset_refinement;production_completion
447	yangon_mm	Yangon	Southeast Asia Delta Route	Southeast Asia Delta Route triage routing depot	Monsoon Port	Yangon Data Beacon	Monsoon Port with triage conveyor lanes around Yangon Data Beacon, signature 447	Triage sorter 3: even-number lanes lead to rescue while odd lanes become decoys.	landmark;art_kit;major_signature;landscape;street_life;objective_route;composition;character_court;safehouse;physics_yard;mission_diorama;account_assets;first_minute;bespoke_survival_horror;authored_asset_refinement;production_completion
448	mandalay_mm	Mandalay	Southeast Asia Delta Route	Southeast Asia Delta Route drone beacon yard	Monsoon Port	Mandalay Command Obelisk	Monsoon Port with timed beacon pylons around Mandalay Command Obelisk, signature 448	Beacon cycle yard 4: numbered pylons emphasize checking 15 before 3 or 5.	landmark;art_kit;major_signature;landscape;street_life;objective_route;composition;character_court;safehouse;physics_yard;mission_diorama;account_assets;first_minute;bespoke_survival_horror;authored_asset_refinement;production_completion
449	vientiane_lao	Vientiane	Southeast Asia Delta Route	Southeast Asia Delta Route mirror-code archive	Monsoon Port	Vientiane Relay Bridge	Monsoon Port with mirrored plaza around Vientiane Relay Bridge, signature 449	Mirror-code walk 1: paired light posts teach left/right character comparisons.	landmark;art_kit;major_signature;landscape;street_life;objective_route;composition;character_court;safehouse;physics_yard;mission_diorama;account_assets;first_minute;bespoke_survival_horror;authored_asset_refinement;production_completion
450	bandung_id	Bandung	Western Corridor	Western Corridor sorted supply-cache vault	Monsoon Port	Bandung Power Crown	Monsoon Port with halved search vault around Bandung Power Crown, signature 450	Sorted-cache vault 2: shrinking light bands show low, mid, and high bounds.	landmark;art_kit;major_signature;landscape;street_life;objective_route;composition;character_court;safehouse;physics_yard;mission_diorama;account_assets;first_minute;bespoke_survival_horror;authored_asset_refinement;production_completion
451	surabaya_id	Surabaya	Western Corridor	Western Corridor evacuation chain depot	Monsoon Port	Surabaya Signal Spire	Monsoon Port with linked evacuation posts around Surabaya Signal Spire, signature 451	Evacuation chain 3: node markers show current, next, and stop sentinel movement.	landmark;art_kit;major_signature;landscape;street_life;objective_route;composition;character_court;safehouse;physics_yard;mission_diorama;account_assets;first_minute;bespoke_survival_horror;authored_asset_refinement;production_completion
452	medan_id	Medan	Western Corridor	Western Corridor sorted supply-cache vault	Monsoon Port	Medan Rescue Arch	Monsoon Port with halved search vault around Medan Rescue Arch, signature 452	Sorted-cache vault 4: shrinking light bands show low, mid, and high bounds.	landmark;art_kit;major_signature;landscape;street_life;objective_route;composition;character_court;safehouse;physics_yard;mission_diorama;account_assets;first_minute;bespoke_survival_horror;authored_asset_refinement;production_completion
453	denpasar_id	Denpasar	Western Corridor	Western Corridor triage routing depot	Monsoon Port	Denpasar Data Beacon	Monsoon Port with triage conveyor lanes around Denpasar Data Beacon, signature 453	Triage sorter 1: even-number lanes lead to rescue while odd lanes become decoys.	landmark;art_kit;major_signature;landscape;street_life;objective_route;composition;character_court;safehouse;physics_yard;mission_diorama;account_assets;first_minute;bespoke_survival_horror;authored_asset_refinement;production_completion
454	auckland_nz	Auckland	Oceania Harbor Ring	Oceania Harbor Ring drone beacon yard	Oceania Harbor	Auckland Command Obelisk	Oceania Harbor with timed beacon pylons around Auckland Command Obelisk, signature 454	Beacon cycle yard 2: numbered pylons emphasize checking 15 before 3 or 5.	landmark;art_kit;major_signature;landscape;street_life;objective_route;composition;character_court;safehouse;physics_yard;mission_diorama;account_assets;first_minute;bespoke_survival_horror;authored_asset_refinement;production_completion
455	warsaw_pl	Warsaw	European Historic Core	European Historic Core mirror-code archive	Historic Core	Warsaw Relay Bridge	Historic Core with mirrored plaza around Warsaw Relay Bridge, signature 455	Mirror-code walk 3: paired light posts teach left/right character comparisons.	landmark;art_kit;major_signature;landscape;street_life;objective_route;composition;character_court;safehouse;physics_yard;mission_diorama;account_assets;first_minute;bespoke_survival_horror;authored_asset_refinement;production_completion
456	amsterdam_nl	Amsterdam	European Historic Core	European Historic Core sorted supply-cache vault	Historic Core	Amsterdam Power Crown	Historic Core with halved search vault around Amsterdam Power Crown, signature 456	Sorted-cache vault 4: shrinking light bands show low, mid, and high bounds.	landmark;art_kit;major_signature;landscape;street_life;objective_route;composition;character_court;safehouse;physics_yard;mission_diorama;account_assets;first_minute;bespoke_survival_horror;authored_asset_refinement;production_completion
457	lisbon_pt	Lisbon	European Historic Core	European Historic Core evacuation chain depot	Historic Core	Lisbon Signal Spire	Historic Core with linked evacuation posts around Lisbon Signal Spire, signature 457	Evacuation chain 1: node markers show current, next, and stop sentinel movement.	landmark;art_kit;major_signature;landscape;street_life;objective_route;composition;character_court;safehouse;physics_yard;mission_diorama;account_assets;first_minute;bespoke_survival_horror;authored_asset_refinement;production_completion
458	rotterdam_nl	Rotterdam	European Historic Core	European Historic Core sorted supply-cache vault	Historic Core	Rotterdam Rescue Arch	Historic Core with halved search vault around Rotterdam Rescue Arch, signature 458	Sorted-cache vault 2: shrinking light bands show low, mid, and high bounds.	landmark;art_kit;major_signature;landscape;street_life;objective_route;composition;character_court;safehouse;physics_yard;mission_diorama;account_assets;first_minute;bespoke_survival_horror;authored_asset_refinement;production_completion
459	manchester_gb	Manchester	European Historic Core	European Historic Core triage routing depot	Historic Core	Manchester Data Beacon	Historic Core with triage conveyor lanes around Manchester Data Beacon, signature 459	Triage sorter 3: even-number lanes lead to rescue while odd lanes become decoys.	landmark;art_kit;major_signature;landscape;street_life;objective_route;composition;character_court;safehouse;physics_yard;mission_diorama;account_assets;first_minute;bespoke_survival_horror;authored_asset_refinement;production_completion
460	birmingham_gb	Birmingham	European Historic Core	European Historic Core drone beacon yard	Historic Core	Birmingham Command Obelisk	Historic Core with timed beacon pylons around Birmingham Command Obelisk, signature 460	Beacon cycle yard 4: numbered pylons emphasize checking 15 before 3 or 5.	landmark;art_kit;major_signature;landscape;street_life;objective_route;composition;character_court;safehouse;physics_yard;mission_diorama;account_assets;first_minute;bespoke_survival_horror;authored_asset_refinement;production_completion
461	saint_petersburg_ru	Saint Petersburg	European Historic Core	European Historic Core mirror-code archive	Historic Core	Saint Petersburg Relay Bridge	Historic Core with mirrored plaza around Saint Petersburg Relay Bridge, signature 461	Mirror-code walk 1: paired light posts teach left/right character comparisons.	landmark;art_kit;major_signature;landscape;street_life;objective_route;composition;character_court;safehouse;physics_yard;mission_diorama;account_assets;first_minute;bespoke_survival_horror;authored_asset_refinement;production_completion
462	moscow_ru	Moscow	European Historic Core	European Historic Core sorted supply-cache vault	Historic Core	Moscow Power Crown	Historic Core with halved search vault around Moscow Power Crown, signature 462	Sorted-cache vault 2: shrinking light bands show low, mid, and high bounds.	landmark;art_kit;major_signature;landscape;street_life;objective_route;composition;character_court;safehouse;physics_yard;mission_diorama;account_assets;first_minute;bespoke_survival_horror;authored_asset_refinement;production_completion
463	kyiv_ua	Kyiv	European Historic Core	European Historic Core evacuation chain depot	Historic Core	Kyiv Signal Spire	Historic Core with linked evacuation posts around Kyiv Signal Spire, signature 463	Evacuation chain 3: node markers show current, next, and stop sentinel movement.	landmark;art_kit;major_signature;landscape;street_life;objective_route;composition;character_court;safehouse;physics_yard;mission_diorama;account_assets;first_minute;bespoke_survival_horror;authored_asset_refinement;production_completion
464	prague_cz	Prague	European Historic Core	European Historic Core sorted supply-cache vault	Historic Core	Prague Rescue Arch	Historic Core with halved search vault around Prague Rescue Arch, signature 464	Sorted-cache vault 4: shrinking light bands show low, mid, and high bounds.	landmark;art_kit;major_signature;landscape;street_life;objective_route;composition;character_court;safehouse;physics_yard;mission_diorama;account_assets;first_minute;bespoke_survival_horror;authored_asset_refinement;production_completion
465	vienna_at	Vienna	European Historic Core	European Historic Core triage routing depot	Historic Core	Vienna Data Beacon	Historic Core with triage conveyor lanes around Vienna Data Beacon, signature 465	Triage sorter 1: even-number lanes lead to rescue while odd lanes become decoys.	landmark;art_kit;major_signature;landscape;street_life;objective_route;composition;character_court;safehouse;physics_yard;mission_diorama;account_assets;first_minute;bespoke_survival_horror;authored_asset_refinement;production_completion
