rank	slug	city	state	voice	art_kit	briefing
1	new_york_ny	New York	NY	Victoria	Coastal Port	Radio briefing: New York, NY is stop 001 on the national route. Secure the New York Signal Spire in the Coastal Port, finish the function inputs, arithmetic, and return values lesson, then extract the survivor team. New city feature: Power-cell puzzle 1: three visible cells feed one returned total.
2	los_angeles_ca	Los Angeles	CA	Samantha	Coastal Port	Radio briefing: Los Angeles, CA is stop 002 on the national route. Secure the Los Angeles Rescue Arch in the Coastal Port, finish the boolean safety gates lesson, then extract the survivor team. New city feature: Truth-table gate 2: compare four safety states before opening the survivor route.
3	chicago_il	Chicago	IL	Alex	Great Lakes Industrial	Radio briefing: Chicago, IL is stop 003 on the national route. Secure the Chicago Data Beacon in the Great Lakes Industrial, finish the function inputs, arithmetic, and return values lesson, then extract the survivor team. New city feature: Power-cell puzzle 3: three visible cells feed one returned total.
4	houston_tx	Houston	TX	Daniel	Desert Solar Grid	Radio briefing: Houston, TX is stop 004 on the national route. Secure the Houston Command Obelisk in the Desert Solar Grid, finish the string traversal and reversal lesson, then extract the survivor team. New city feature: Radio rewind mast 4: visual packets run backward from tower to terminal.
5	phoenix_az	Phoenix	AZ	Samantha	Desert Solar Grid	Radio briefing: Phoenix, AZ is stop 005 on the national route. Secure the Phoenix Relay Bridge in the Desert Solar Grid, finish the function inputs, arithmetic, and return values lesson, then extract the survivor team. New city feature: Power-cell puzzle 1: three visible cells feed one returned total.
6	philadelphia_pa	Philadelphia	PA	Victoria	Latin Metro	Radio briefing: Philadelphia, PA is stop 006 on the national route. Secure the Philadelphia Power Crown in the Latin Metro, finish the boolean safety gates lesson, then extract the survivor team. New city feature: Truth-table gate 2: compare four safety states before opening the survivor route.
7	san_antonio_tx	San Antonio	TX	Daniel	Desert Solar Grid	Radio briefing: San Antonio, TX is stop 007 on the national route. Secure the San Antonio Signal Spire in the Desert Solar Grid, finish the function inputs, arithmetic, and return values lesson, then extract the survivor team. New city feature: Power-cell puzzle 3: three visible cells feed one returned total.
8	san_diego_ca	San Diego	CA	Samantha	Coastal Port	Radio briefing: San Diego, CA is stop 008 on the national route. Secure the San Diego Rescue Arch in the Coastal Port, finish the string traversal and reversal lesson, then extract the survivor team. New city feature: Radio rewind mast 4: visual packets run backward from tower to terminal.
9	dallas_tx	Dallas	TX	Daniel	Desert Solar Grid	Radio briefing: Dallas, TX is stop 009 on the national route. Secure the Dallas Data Beacon in the Desert Solar Grid, finish the function inputs, arithmetic, and return values lesson, then extract the survivor team. New city feature: Power-cell puzzle 1: three visible cells feed one returned total.
10	jacksonville_fl	Jacksonville	FL	Daniel	Coastal Port	Radio briefing: Jacksonville, FL is stop 010 on the national route. Secure the Jacksonville Command Obelisk in the Coastal Port, finish the boolean safety gates lesson, then extract the survivor team. New city feature: Truth-table gate 2: compare four safety states before opening the survivor route.
11	fort_worth_tx	Fort Worth	TX	Daniel	Desert Solar Grid	Radio briefing: Fort Worth, TX is stop 011 on the national route. Secure the Fort Worth Relay Bridge in the Desert Solar Grid, finish the function inputs, arithmetic, and return values lesson, then extract the survivor team. New city feature: Power-cell puzzle 3: three visible cells feed one returned total.
12	san_jose_ca	San Jose	CA	Samantha	Coastal Port	Radio briefing: San Jose, CA is stop 012 on the national route. Secure the San Jose Power Crown in the Coastal Port, finish the string traversal and reversal lesson, then extract the survivor team. New city feature: Radio rewind mast 4: visual packets run backward from tower to terminal.
13	austin_tx	Austin	TX	Daniel	Desert Solar Grid	Radio briefing: Austin, TX is stop 013 on the national route. Secure the Austin Signal Spire in the Desert Solar Grid, finish the function inputs, arithmetic, and return values lesson, then extract the survivor team. New city feature: Power-cell puzzle 1: three visible cells feed one returned total.
14	charlotte_nc	Charlotte	NC	Daniel	Coastal Port	Radio briefing: Charlotte, NC is stop 014 on the national route. Secure the Charlotte Rescue Arch in the Coastal Port, finish the boolean safety gates lesson, then extract the survivor team. New city feature: Truth-table gate 2: compare four safety states before opening the survivor route.
15	columbus_oh	Columbus	OH	Alex	Great Lakes Industrial	Radio briefing: Columbus, OH is stop 015 on the national route. Secure the Columbus Data Beacon in the Great Lakes Industrial, finish the function inputs, arithmetic, and return values lesson, then extract the survivor team. New city feature: Power-cell puzzle 3: three visible cells feed one returned total.
16	indianapolis_in	Indianapolis	IN	Alex	Monsoon Megacity	Radio briefing: Indianapolis, IN is stop 016 on the national route. Secure the Indianapolis Command Obelisk in the Monsoon Megacity, finish the string traversal and reversal lesson, then extract the survivor team. New city feature: Radio rewind mast 4: visual packets run backward from tower to terminal.
17	san_francisco_ca	San Francisco	CA	Samantha	Coastal Port	Radio briefing: San Francisco, CA is stop 017 on the national route. Secure the San Francisco Relay Bridge in the Coastal Port, finish the function inputs, arithmetic, and return values lesson, then extract the survivor team. New city feature: Power-cell puzzle 1: three visible cells feed one returned total.
18	seattle_wa	Seattle	WA	Samantha	Coastal Port	Radio briefing: Seattle, WA is stop 018 on the national route. Secure the Seattle Power Crown in the Coastal Port, finish the boolean safety gates lesson, then extract the survivor team. New city feature: Truth-table gate 2: compare four safety states before opening the survivor route.
19	denver_co	Denver	CO	Samantha	Latin Metro	Radio briefing: Denver, CO is stop 019 on the national route. Secure the Denver Signal Spire in the Latin Metro, finish the function inputs, arithmetic, and return values lesson, then extract the survivor team. New city feature: Power-cell puzzle 3: three visible cells feed one returned total.
20	oklahoma_city_ok	Oklahoma City	OK	Daniel	Metro Core	Radio briefing: Oklahoma City, OK is stop 020 on the national route. Secure the Oklahoma City Rescue Arch in the Metro Core, finish the string traversal and reversal lesson, then extract the survivor team. New city feature: Radio rewind mast 4: visual packets run backward from tower to terminal.
21	nashville_davidson_tn	Nashville-Davidson	TN	Daniel	African Urban Relay	Radio briefing: Nashville-Davidson, TN is stop 021 on the national route. Secure the Nashville-Davidson Data Beacon in the African Urban Relay, finish the function inputs, arithmetic, and return values lesson, then extract the survivor team. New city feature: Power-cell puzzle 1: three visible cells feed one returned total.
22	washington_dc	Washington	DC	Daniel	Capital Command	Radio briefing: Washington, DC is stop 022 on the national route. Secure the Washington Command Obelisk in the Capital Command, finish the boolean safety gates lesson, then extract the survivor team. New city feature: Truth-table gate 2: compare four safety states before opening the survivor route.
23	el_paso_tx	El Paso	TX	Daniel	Desert Solar Grid	Radio briefing: El Paso, TX is stop 023 on the national route. Secure the El Paso Relay Bridge in the Desert Solar Grid, finish the function inputs, arithmetic, and return values lesson, then extract the survivor team. New city feature: Power-cell puzzle 3: three visible cells feed one returned total.
24	las_vegas_nv	Las Vegas	NV	Samantha	Desert Solar Grid	Radio briefing: Las Vegas, NV is stop 024 on the national route. Secure the Las Vegas Power Crown in the Desert Solar Grid, finish the string traversal and reversal lesson, then extract the survivor team. New city feature: Radio rewind mast 4: visual packets run backward from tower to terminal.
25	boston_ma	Boston	MA	Victoria	African Urban Relay	Radio briefing: Boston, MA is stop 025 on the national route. Secure the Boston Signal Spire in the African Urban Relay, finish the function inputs, arithmetic, and return values lesson, then extract the survivor team. New city feature: Power-cell puzzle 1: three visible cells feed one returned total.
26	detroit_mi	Detroit	MI	Alex	Great Lakes Industrial	Radio briefing: Detroit, MI is stop 026 on the national route. Secure the Detroit Rescue Arch in the Great Lakes Industrial, finish the boolean safety gates lesson, then extract the survivor team. New city feature: Truth-table gate 2: compare four safety states before opening the survivor route.
27	louisville_jefferson_county_ky	Louisville/Jefferson County	KY	Daniel	River Lockworks	Radio briefing: Louisville/Jefferson County, KY is stop 027 on the national route. Secure the Louisville/Jefferson County Data Beacon in the River Lockworks, finish the string traversal and reversal lesson, then extract the survivor team. New city feature: Radio rewind mast 3: visual packets run backward from tower to terminal.
28	portland_or	Portland	OR	Samantha	Coastal Port	Radio briefing: Portland, OR is stop 028 on the national route. Secure the Portland Command Obelisk in the Coastal Port, finish the mirror checks and edge cases lesson, then extract the survivor team. New city feature: Mirror-code walk 4: paired light posts teach left/right character comparisons.
29	memphis_tn	Memphis	TN	Daniel	African Urban Relay	Radio briefing: Memphis, TN is stop 029 on the national route. Secure the Memphis Relay Bridge in the African Urban Relay, finish the loops, divisibility, and ordered branches lesson, then extract the survivor team. New city feature: Beacon cycle yard 1: numbered pylons emphasize checking 15 before 3 or 5.
30	baltimore_md	Baltimore	MD	Daniel	Coastal Port	Radio briefing: Baltimore, MD is stop 030 on the national route. Secure the Baltimore Power Crown in the Coastal Port, finish the function inputs, arithmetic, and return values lesson, then extract the survivor team. New city feature: Power-cell puzzle 2: three visible cells feed one returned total.
31	milwaukee_wi	Milwaukee	WI	Alex	Great Lakes Industrial	Radio briefing: Milwaukee, WI is stop 031 on the national route. Secure the Milwaukee Signal Spire in the Great Lakes Industrial, finish the boolean safety gates lesson, then extract the survivor team. New city feature: Truth-table gate 3: compare four safety states before opening the survivor route.
32	albuquerque_nm	Albuquerque	NM	Samantha	Desert Solar Grid	Radio briefing: Albuquerque, NM is stop 032 on the national route. Secure the Albuquerque Rescue Arch in the Desert Solar Grid, finish the string traversal and reversal lesson, then extract the survivor team. New city feature: Radio rewind mast 4: visual packets run backward from tower to terminal.
33	tucson_az	Tucson	AZ	Samantha	Desert Solar Grid	Radio briefing: Tucson, AZ is stop 033 on the national route. Secure the Tucson Data Beacon in the Desert Solar Grid, finish the mirror checks and edge cases lesson, then extract the survivor team. New city feature: Mirror-code walk 1: paired light posts teach left/right character comparisons.
34	fresno_ca	Fresno	CA	Samantha	Coastal Port	Radio briefing: Fresno, CA is stop 034 on the national route. Secure the Fresno Command Obelisk in the Coastal Port, finish the loops, divisibility, and ordered branches lesson, then extract the survivor team. New city feature: Beacon cycle yard 2: numbered pylons emphasize checking 15 before 3 or 5.
35	sacramento_ca	Sacramento	CA	Samantha	Coastal Port	Radio briefing: Sacramento, CA is stop 035 on the national route. Secure the Sacramento Relay Bridge in the Coastal Port, finish the function inputs, arithmetic, and return values lesson, then extract the survivor team. New city feature: Power-cell puzzle 3: three visible cells feed one returned total.
36	atlanta_ga	Atlanta	GA	Daniel	Coastal Port	Radio briefing: Atlanta, GA is stop 036 on the national route. Secure the Atlanta Power Crown in the Coastal Port, finish the boolean safety gates lesson, then extract the survivor team. New city feature: Truth-table gate 4: compare four safety states before opening the survivor route.
37	mesa_az	Mesa	AZ	Samantha	Desert Solar Grid	Radio briefing: Mesa, AZ is stop 037 on the national route. Secure the Mesa Signal Spire in the Desert Solar Grid, finish the string traversal and reversal lesson, then extract the survivor team. New city feature: Radio rewind mast 1: visual packets run backward from tower to terminal.
38	kansas_city_mo	Kansas City	MO	Alex	River Lockworks	Radio briefing: Kansas City, MO is stop 038 on the national route. Secure the Kansas City Rescue Arch in the River Lockworks, finish the mirror checks and edge cases lesson, then extract the survivor team. New city feature: Mirror-code walk 2: paired light posts teach left/right character comparisons.
39	raleigh_nc	Raleigh	NC	Daniel	Coastal Port	Radio briefing: Raleigh, NC is stop 039 on the national route. Secure the Raleigh Data Beacon in the Coastal Port, finish the loops, divisibility, and ordered branches lesson, then extract the survivor team. New city feature: Beacon cycle yard 3: numbered pylons emphasize checking 15 before 3 or 5.
40	colorado_springs_co	Colorado Springs	CO	Samantha	Latin Metro	Radio briefing: Colorado Springs, CO is stop 040 on the national route. Secure the Colorado Springs Command Obelisk in the Latin Metro, finish the function inputs, arithmetic, and return values lesson, then extract the survivor team. New city feature: Power-cell puzzle 4: three visible cells feed one returned total.
41	omaha_ne	Omaha	NE	Alex	River Lockworks	Radio briefing: Omaha, NE is stop 041 on the national route. Secure the Omaha Relay Bridge in the River Lockworks, finish the boolean safety gates lesson, then extract the survivor team. New city feature: Truth-table gate 1: compare four safety states before opening the survivor route.
42	miami_fl	Miami	FL	Daniel	Coastal Port	Radio briefing: Miami, FL is stop 042 on the national route. Secure the Miami Power Crown in the Coastal Port, finish the string traversal and reversal lesson, then extract the survivor team. New city feature: Radio rewind mast 2: visual packets run backward from tower to terminal.
43	virginia_beach_va	Virginia Beach	VA	Daniel	Coastal Port	Radio briefing: Virginia Beach, VA is stop 043 on the national route. Secure the Virginia Beach Signal Spire in the Coastal Port, finish the mirror checks and edge cases lesson, then extract the survivor team. New city feature: Mirror-code walk 3: paired light posts teach left/right character comparisons.
44	long_beach_ca	Long Beach	CA	Samantha	Coastal Port	Radio briefing: Long Beach, CA is stop 044 on the national route. Secure the Long Beach Rescue Arch in the Coastal Port, finish the loops, divisibility, and ordered branches lesson, then extract the survivor team. New city feature: Beacon cycle yard 4: numbered pylons emphasize checking 15 before 3 or 5.
45	oakland_ca	Oakland	CA	Samantha	Coastal Port	Radio briefing: Oakland, CA is stop 045 on the national route. Secure the Oakland Data Beacon in the Coastal Port, finish the function inputs, arithmetic, and return values lesson, then extract the survivor team. New city feature: Power-cell puzzle 1: three visible cells feed one returned total.
46	minneapolis_mn	Minneapolis	MN	Alex	Great Lakes Industrial	Radio briefing: Minneapolis, MN is stop 046 on the national route. Secure the Minneapolis Command Obelisk in the Great Lakes Industrial, finish the boolean safety gates lesson, then extract the survivor team. New city feature: Truth-table gate 2: compare four safety states before opening the survivor route.
47	bakersfield_ca	Bakersfield	CA	Samantha	Coastal Port	Radio briefing: Bakersfield, CA is stop 047 on the national route. Secure the Bakersfield Relay Bridge in the Coastal Port, finish the string traversal and reversal lesson, then extract the survivor team. New city feature: Radio rewind mast 3: visual packets run backward from tower to terminal.
48	tulsa_ok	Tulsa	OK	Daniel	Metro Core	Radio briefing: Tulsa, OK is stop 048 on the national route. Secure the Tulsa Power Crown in the Metro Core, finish the mirror checks and edge cases lesson, then extract the survivor team. New city feature: Mirror-code walk 4: paired light posts teach left/right character comparisons.
49	tampa_fl	Tampa	FL	Daniel	Coastal Port	Radio briefing: Tampa, FL is stop 049 on the national route. Secure the Tampa Signal Spire in the Coastal Port, finish the loops, divisibility, and ordered branches lesson, then extract the survivor team. New city feature: Beacon cycle yard 1: numbered pylons emphasize checking 15 before 3 or 5.
50	arlington_tx	Arlington	TX	Daniel	Desert Solar Grid	Radio briefing: Arlington, TX is stop 050 on the national route. Secure the Arlington Rescue Arch in the Desert Solar Grid, finish the function inputs, arithmetic, and return values lesson, then extract the survivor team. New city feature: Power-cell puzzle 2: three visible cells feed one returned total.
51	aurora_co	Aurora	CO	Samantha	Latin Metro	Radio briefing: Aurora, CO is stop 051 on the national route. Secure the Aurora Data Beacon in the Latin Metro, finish the boolean safety gates lesson, then extract the survivor team. New city feature: Truth-table gate 3: compare four safety states before opening the survivor route.
52	wichita_ks	Wichita	KS	Alex	Rail Yard	Radio briefing: Wichita, KS is stop 052 on the national route. Secure the Wichita Command Obelisk in the Rail Yard, finish the string traversal and reversal lesson, then extract the survivor team. New city feature: Radio rewind mast 4: visual packets run backward from tower to terminal.
53	cleveland_oh	Cleveland	OH	Alex	Great Lakes Industrial	Radio briefing: Cleveland, OH is stop 053 on the national route. Secure the Cleveland Relay Bridge in the Great Lakes Industrial, finish the mirror checks and edge cases lesson, then extract the survivor team. New city feature: Mirror-code walk 1: paired light posts teach left/right character comparisons.
54	new_orleans_la	New Orleans	LA	Daniel	Coastal Port	Radio briefing: New Orleans, LA is stop 054 on the national route. Secure the New Orleans Power Crown in the Coastal Port, finish the loops, divisibility, and ordered branches lesson, then extract the survivor team. New city feature: Beacon cycle yard 2: numbered pylons emphasize checking 15 before 3 or 5.
55	henderson_nv	Henderson	NV	Samantha	Desert Solar Grid	Radio briefing: Henderson, NV is stop 055 on the national route. Secure the Henderson Signal Spire in the Desert Solar Grid, finish the function inputs, arithmetic, and return values lesson, then extract the survivor team. New city feature: Power-cell puzzle 3: three visible cells feed one returned total.
56	urban_honolulu_hi	Urban Honolulu	HI	Samantha	Coastal Port	Radio briefing: Urban Honolulu, HI is stop 056 on the national route. Secure the Urban Honolulu Rescue Arch in the Coastal Port, finish the boolean safety gates lesson, then extract the survivor team. New city feature: Truth-table gate 4: compare four safety states before opening the survivor route.
57	anaheim_ca	Anaheim	CA	Samantha	Coastal Port	Radio briefing: Anaheim, CA is stop 057 on the national route. Secure the Anaheim Data Beacon in the Coastal Port, finish the string traversal and reversal lesson, then extract the survivor team. New city feature: Radio rewind mast 1: visual packets run backward from tower to terminal.
58	orlando_fl	Orlando	FL	Daniel	Coastal Port	Radio briefing: Orlando, FL is stop 058 on the national route. Secure the Orlando Command Obelisk in the Coastal Port, finish the mirror checks and edge cases lesson, then extract the survivor team. New city feature: Mirror-code walk 2: paired light posts teach left/right character comparisons.
59	lexington_fayette_ky	Lexington-Fayette	KY	Daniel	River Lockworks	Radio briefing: Lexington-Fayette, KY is stop 059 on the national route. Secure the Lexington-Fayette Relay Bridge in the River Lockworks, finish the loops, divisibility, and ordered branches lesson, then extract the survivor team. New city feature: Beacon cycle yard 3: numbered pylons emphasize checking 15 before 3 or 5.
60	stockton_ca	Stockton	CA	Samantha	Coastal Port	Radio briefing: Stockton, CA is stop 060 on the national route. Secure the Stockton Power Crown in the Coastal Port, finish the function inputs, arithmetic, and return values lesson, then extract the survivor team. New city feature: Power-cell puzzle 4: three visible cells feed one returned total.
61	riverside_ca	Riverside	CA	Samantha	Coastal Port	Radio briefing: Riverside, CA is stop 061 on the national route. Secure the Riverside Signal Spire in the Coastal Port, finish the boolean safety gates lesson, then extract the survivor team. New city feature: Truth-table gate 1: compare four safety states before opening the survivor route.
62	irvine_ca	Irvine	CA	Samantha	Coastal Port	Radio briefing: Irvine, CA is stop 062 on the national route. Secure the Irvine Rescue Arch in the Coastal Port, finish the string traversal and reversal lesson, then extract the survivor team. New city feature: Radio rewind mast 2: visual packets run backward from tower to terminal.
63	corpus_christi_tx	Corpus Christi	TX	Daniel	Desert Solar Grid	Radio briefing: Corpus Christi, TX is stop 063 on the national route. Secure the Corpus Christi Data Beacon in the Desert Solar Grid, finish the mirror checks and edge cases lesson, then extract the survivor team. New city feature: Mirror-code walk 3: paired light posts teach left/right character comparisons.
64	newark_nj	Newark	NJ	Victoria	Coastal Port	Radio briefing: Newark, NJ is stop 064 on the national route. Secure the Newark Command Obelisk in the Coastal Port, finish the loops, divisibility, and ordered branches lesson, then extract the survivor team. New city feature: Beacon cycle yard 4: numbered pylons emphasize checking 15 before 3 or 5.
65	santa_ana_ca	Santa Ana	CA	Samantha	Coastal Port	Radio briefing: Santa Ana, CA is stop 065 on the national route. Secure the Santa Ana Relay Bridge in the Coastal Port, finish the function inputs, arithmetic, and return values lesson, then extract the survivor team. New city feature: Power-cell puzzle 1: three visible cells feed one returned total.
66	cincinnati_oh	Cincinnati	OH	Alex	Great Lakes Industrial	Radio briefing: Cincinnati, OH is stop 066 on the national route. Secure the Cincinnati Power Crown in the Great Lakes Industrial, finish the boolean safety gates lesson, then extract the survivor team. New city feature: Truth-table gate 2: compare four safety states before opening the survivor route.
67	pittsburgh_pa	Pittsburgh	PA	Victoria	Latin Metro	Radio briefing: Pittsburgh, PA is stop 067 on the national route. Secure the Pittsburgh Signal Spire in the Latin Metro, finish the string traversal and reversal lesson, then extract the survivor team. New city feature: Radio rewind mast 3: visual packets run backward from tower to terminal.
68	st_paul_mn	St. Paul	MN	Alex	Great Lakes Industrial	Radio briefing: St. Paul, MN is stop 068 on the national route. Secure the St. Paul Rescue Arch in the Great Lakes Industrial, finish the mirror checks and edge cases lesson, then extract the survivor team. New city feature: Mirror-code walk 4: paired light posts teach left/right character comparisons.
69	greensboro_nc	Greensboro	NC	Daniel	Coastal Port	Radio briefing: Greensboro, NC is stop 069 on the national route. Secure the Greensboro Data Beacon in the Coastal Port, finish the loops, divisibility, and ordered branches lesson, then extract the survivor team. New city feature: Beacon cycle yard 1: numbered pylons emphasize checking 15 before 3 or 5.
70	jersey_city_nj	Jersey City	NJ	Victoria	Coastal Port	Radio briefing: Jersey City, NJ is stop 070 on the national route. Secure the Jersey City Command Obelisk in the Coastal Port, finish the function inputs, arithmetic, and return values lesson, then extract the survivor team. New city feature: Power-cell puzzle 2: three visible cells feed one returned total.
71	durham_nc	Durham	NC	Daniel	Coastal Port	Radio briefing: Durham, NC is stop 071 on the national route. Secure the Durham Relay Bridge in the Coastal Port, finish the boolean safety gates lesson, then extract the survivor team. New city feature: Truth-table gate 3: compare four safety states before opening the survivor route.
72	lincoln_ne	Lincoln	NE	Alex	River Lockworks	Radio briefing: Lincoln, NE is stop 072 on the national route. Secure the Lincoln Power Crown in the River Lockworks, finish the string traversal and reversal lesson, then extract the survivor team. New city feature: Radio rewind mast 4: visual packets run backward from tower to terminal.
73	north_las_vegas_nv	North Las Vegas	NV	Samantha	Desert Solar Grid	Radio briefing: North Las Vegas, NV is stop 073 on the national route. Secure the North Las Vegas Signal Spire in the Desert Solar Grid, finish the mirror checks and edge cases lesson, then extract the survivor team. New city feature: Mirror-code walk 1: paired light posts teach left/right character comparisons.
74	plano_tx	Plano	TX	Daniel	Desert Solar Grid	Radio briefing: Plano, TX is stop 074 on the national route. Secure the Plano Rescue Arch in the Desert Solar Grid, finish the loops, divisibility, and ordered branches lesson, then extract the survivor team. New city feature: Beacon cycle yard 2: numbered pylons emphasize checking 15 before 3 or 5.
75	anchorage_ak	Anchorage	AK	Samantha	Mountain Relay	Radio briefing: Anchorage, AK is stop 075 on the national route. Secure the Anchorage Data Beacon in the Mountain Relay, finish the function inputs, arithmetic, and return values lesson, then extract the survivor team. New city feature: Power-cell puzzle 3: three visible cells feed one returned total.
76	gilbert_az	Gilbert	AZ	Samantha	Desert Solar Grid	Radio briefing: Gilbert, AZ is stop 076 on the national route. Secure the Gilbert Command Obelisk in the Desert Solar Grid, finish the boolean safety gates lesson, then extract the survivor team. New city feature: Truth-table gate 4: compare four safety states before opening the survivor route.
77	madison_wi	Madison	WI	Alex	Great Lakes Industrial	Radio briefing: Madison, WI is stop 077 on the national route. Secure the Madison Relay Bridge in the Great Lakes Industrial, finish the string traversal and reversal lesson, then extract the survivor team. New city feature: Radio rewind mast 1: visual packets run backward from tower to terminal.
78	reno_nv	Reno	NV	Samantha	Desert Solar Grid	Radio briefing: Reno, NV is stop 078 on the national route. Secure the Reno Power Crown in the Desert Solar Grid, finish the mirror checks and edge cases lesson, then extract the survivor team. New city feature: Mirror-code walk 2: paired light posts teach left/right character comparisons.
79	chandler_az	Chandler	AZ	Samantha	Desert Solar Grid	Radio briefing: Chandler, AZ is stop 079 on the national route. Secure the Chandler Signal Spire in the Desert Solar Grid, finish the loops, divisibility, and ordered branches lesson, then extract the survivor team. New city feature: Beacon cycle yard 3: numbered pylons emphasize checking 15 before 3 or 5.
80	st_louis_mo	St. Louis	MO	Alex	River Lockworks	Radio briefing: St. Louis, MO is stop 080 on the national route. Secure the St. Louis Rescue Arch in the River Lockworks, finish the function inputs, arithmetic, and return values lesson, then extract the survivor team. New city feature: Power-cell puzzle 4: three visible cells feed one returned total.
81	chula_vista_ca	Chula Vista	CA	Samantha	Coastal Port	Radio briefing: Chula Vista, CA is stop 081 on the national route. Secure the Chula Vista Data Beacon in the Coastal Port, finish the boolean safety gates lesson, then extract the survivor team. New city feature: Truth-table gate 1: compare four safety states before opening the survivor route.
82	buffalo_ny	Buffalo	NY	Victoria	Coastal Port	Radio briefing: Buffalo, NY is stop 082 on the national route. Secure the Buffalo Command Obelisk in the Coastal Port, finish the string traversal and reversal lesson, then extract the survivor team. New city feature: Radio rewind mast 2: visual packets run backward from tower to terminal.
83	fort_wayne_in	Fort Wayne	IN	Alex	Monsoon Megacity	Radio briefing: Fort Wayne, IN is stop 083 on the national route. Secure the Fort Wayne Relay Bridge in the Monsoon Megacity, finish the mirror checks and edge cases lesson, then extract the survivor team. New city feature: Mirror-code walk 3: paired light posts teach left/right character comparisons.
84	lubbock_tx	Lubbock	TX	Daniel	Desert Solar Grid	Radio briefing: Lubbock, TX is stop 084 on the national route. Secure the Lubbock Power Crown in the Desert Solar Grid, finish the loops, divisibility, and ordered branches lesson, then extract the survivor team. New city feature: Beacon cycle yard 4: numbered pylons emphasize checking 15 before 3 or 5.
85	st_petersburg_fl	St. Petersburg	FL	Daniel	Coastal Port	Radio briefing: St. Petersburg, FL is stop 085 on the national route. Secure the St. Petersburg Signal Spire in the Coastal Port, finish the string traversal and reversal lesson, then extract the survivor team. New city feature: Radio rewind mast 1: visual packets run backward from tower to terminal.
86	toledo_oh	Toledo	OH	Alex	Great Lakes Industrial	Radio briefing: Toledo, OH is stop 086 on the national route. Secure the Toledo Rescue Arch in the Great Lakes Industrial, finish the mirror checks and edge cases lesson, then extract the survivor team. New city feature: Mirror-code walk 2: paired light posts teach left/right character comparisons.
87	laredo_tx	Laredo	TX	Daniel	Desert Solar Grid	Radio briefing: Laredo, TX is stop 087 on the national route. Secure the Laredo Data Beacon in the Desert Solar Grid, finish the loops, divisibility, and ordered branches lesson, then extract the survivor team. New city feature: Beacon cycle yard 3: numbered pylons emphasize checking 15 before 3 or 5.
88	port_st_lucie_fl	Port St. Lucie	FL	Daniel	Coastal Port	Radio briefing: Port St. Lucie, FL is stop 088 on the national route. Secure the Port St. Lucie Command Obelisk in the Coastal Port, finish the array filtering with predicates lesson, then extract the survivor team. New city feature: Triage sorter 4: even-number lanes lead to rescue while odd lanes become decoys.
89	glendale_az	Glendale	AZ	Samantha	Desert Solar Grid	Radio briefing: Glendale, AZ is stop 089 on the national route. Secure the Glendale Relay Bridge in the Desert Solar Grid, finish the array filtering with predicates lesson, then extract the survivor team. New city feature: Triage sorter 1: even-number lanes lead to rescue while odd lanes become decoys.
90	irving_tx	Irving	TX	Daniel	Desert Solar Grid	Radio briefing: Irving, TX is stop 090 on the national route. Secure the Irving Power Crown in the Desert Solar Grid, finish the string traversal and reversal lesson, then extract the survivor team. New city feature: Radio rewind mast 2: visual packets run backward from tower to terminal.
91	winston_salem_nc	Winston-Salem	NC	Daniel	Coastal Port	Radio briefing: Winston-Salem, NC is stop 091 on the national route. Secure the Winston-Salem Signal Spire in the Coastal Port, finish the mirror checks and edge cases lesson, then extract the survivor team. New city feature: Mirror-code walk 3: paired light posts teach left/right character comparisons.
92	chesapeake_va	Chesapeake	VA	Daniel	Coastal Port	Radio briefing: Chesapeake, VA is stop 092 on the national route. Secure the Chesapeake Rescue Arch in the Coastal Port, finish the loops, divisibility, and ordered branches lesson, then extract the survivor team. New city feature: Beacon cycle yard 4: numbered pylons emphasize checking 15 before 3 or 5.
93	garland_tx	Garland	TX	Daniel	Desert Solar Grid	Radio briefing: Garland, TX is stop 093 on the national route. Secure the Garland Data Beacon in the Desert Solar Grid, finish the array filtering with predicates lesson, then extract the survivor team. New city feature: Triage sorter 1: even-number lanes lead to rescue while odd lanes become decoys.
94	scottsdale_az	Scottsdale	AZ	Samantha	Desert Solar Grid	Radio briefing: Scottsdale, AZ is stop 094 on the national route. Secure the Scottsdale Command Obelisk in the Desert Solar Grid, finish the array filtering with predicates lesson, then extract the survivor team. New city feature: Triage sorter 2: even-number lanes lead to rescue while odd lanes become decoys.
95	boise_city_id	Boise City	ID	Samantha	Monsoon Port	Radio briefing: Boise City, ID is stop 095 on the national route. Secure the Boise City Relay Bridge in the Monsoon Port, finish the string traversal and reversal lesson, then extract the survivor team. New city feature: Radio rewind mast 3: visual packets run backward from tower to terminal.
96	hialeah_fl	Hialeah	FL	Daniel	Coastal Port	Radio briefing: Hialeah, FL is stop 096 on the national route. Secure the Hialeah Power Crown in the Coastal Port, finish the mirror checks and edge cases lesson, then extract the survivor team. New city feature: Mirror-code walk 4: paired light posts teach left/right character comparisons.
97	frisco_tx	Frisco	TX	Daniel	Desert Solar Grid	Radio briefing: Frisco, TX is stop 097 on the national route. Secure the Frisco Signal Spire in the Desert Solar Grid, finish the loops, divisibility, and ordered branches lesson, then extract the survivor team. New city feature: Beacon cycle yard 1: numbered pylons emphasize checking 15 before 3 or 5.
98	richmond_va	Richmond	VA	Daniel	Coastal Port	Radio briefing: Richmond, VA is stop 098 on the national route. Secure the Richmond Rescue Arch in the Coastal Port, finish the array filtering with predicates lesson, then extract the survivor team. New city feature: Triage sorter 2: even-number lanes lead to rescue while odd lanes become decoys.
99	cape_coral_fl	Cape Coral	FL	Daniel	Coastal Port	Radio briefing: Cape Coral, FL is stop 099 on the national route. Secure the Cape Coral Data Beacon in the Coastal Port, finish the array filtering with predicates lesson, then extract the survivor team. New city feature: Triage sorter 3: even-number lanes lead to rescue while odd lanes become decoys.
100	norfolk_va	Norfolk	VA	Daniel	Coastal Port	Radio briefing: Norfolk, VA is stop 100 on the national route. Secure the Norfolk Command Obelisk in the Coastal Port, finish the string traversal and reversal lesson, then extract the survivor team. New city feature: Radio rewind mast 4: visual packets run backward from tower to terminal.
101	spokane_wa	Spokane	WA	Samantha	Coastal Port	Radio briefing: Spokane, WA is stop 101 on the national route. Secure the Spokane Relay Bridge in the Coastal Port, finish the mirror checks and edge cases lesson, then extract the survivor team. New city feature: Mirror-code walk 1: paired light posts teach left/right character comparisons.
102	huntsville_al	Huntsville	AL	Daniel	Metro Core	Radio briefing: Huntsville, AL is stop 102 on the national route. Secure the Huntsville Power Crown in the Metro Core, finish the loops, divisibility, and ordered branches lesson, then extract the survivor team. New city feature: Beacon cycle yard 2: numbered pylons emphasize checking 15 before 3 or 5.
103	santa_clarita_ca	Santa Clarita	CA	Samantha	Coastal Port	Radio briefing: Santa Clarita, CA is stop 103 on the national route. Secure the Santa Clarita Signal Spire in the Coastal Port, finish the array filtering with predicates lesson, then extract the survivor team. New city feature: Triage sorter 3: even-number lanes lead to rescue while odd lanes become decoys.
104	tacoma_wa	Tacoma	WA	Samantha	Coastal Port	Radio briefing: Tacoma, WA is stop 104 on the national route. Secure the Tacoma Rescue Arch in the Coastal Port, finish the array filtering with predicates lesson, then extract the survivor team. New city feature: Triage sorter 4: even-number lanes lead to rescue while odd lanes become decoys.
105	fremont_ca	Fremont	CA	Samantha	Coastal Port	Radio briefing: Fremont, CA is stop 105 on the national route. Secure the Fremont Data Beacon in the Coastal Port, finish the string traversal and reversal lesson, then extract the survivor team. New city feature: Radio rewind mast 1: visual packets run backward from tower to terminal.
106	mckinney_tx	McKinney	TX	Daniel	Desert Solar Grid	Radio briefing: McKinney, TX is stop 106 on the national route. Secure the McKinney Command Obelisk in the Desert Solar Grid, finish the mirror checks and edge cases lesson, then extract the survivor team. New city feature: Mirror-code walk 2: paired light posts teach left/right character comparisons.
107	san_bernardino_ca	San Bernardino	CA	Samantha	Coastal Port	Radio briefing: San Bernardino, CA is stop 107 on the national route. Secure the San Bernardino Relay Bridge in the Coastal Port, finish the loops, divisibility, and ordered branches lesson, then extract the survivor team. New city feature: Beacon cycle yard 3: numbered pylons emphasize checking 15 before 3 or 5.
108	baton_rouge_la	Baton Rouge	LA	Daniel	Coastal Port	Radio briefing: Baton Rouge, LA is stop 108 on the national route. Secure the Baton Rouge Power Crown in the Coastal Port, finish the array filtering with predicates lesson, then extract the survivor team. New city feature: Triage sorter 4: even-number lanes lead to rescue while odd lanes become decoys.
109	modesto_ca	Modesto	CA	Samantha	Coastal Port	Radio briefing: Modesto, CA is stop 109 on the national route. Secure the Modesto Signal Spire in the Coastal Port, finish the array filtering with predicates lesson, then extract the survivor team. New city feature: Triage sorter 1: even-number lanes lead to rescue while odd lanes become decoys.
110	fontana_ca	Fontana	CA	Samantha	Coastal Port	Radio briefing: Fontana, CA is stop 110 on the national route. Secure the Fontana Rescue Arch in the Coastal Port, finish the string traversal and reversal lesson, then extract the survivor team. New city feature: Radio rewind mast 2: visual packets run backward from tower to terminal.
111	salt_lake_city_ut	Salt Lake City	UT	Samantha	Mountain Relay	Radio briefing: Salt Lake City, UT is stop 111 on the national route. Secure the Salt Lake City Data Beacon in the Mountain Relay, finish the mirror checks and edge cases lesson, then extract the survivor team. New city feature: Mirror-code walk 3: paired light posts teach left/right character comparisons.
112	moreno_valley_ca	Moreno Valley	CA	Samantha	Coastal Port	Radio briefing: Moreno Valley, CA is stop 112 on the national route. Secure the Moreno Valley Command Obelisk in the Coastal Port, finish the loops, divisibility, and ordered branches lesson, then extract the survivor team. New city feature: Beacon cycle yard 4: numbered pylons emphasize checking 15 before 3 or 5.
113	des_moines_ia	Des Moines	IA	Alex	River Lockworks	Radio briefing: Des Moines, IA is stop 113 on the national route. Secure the Des Moines Relay Bridge in the River Lockworks, finish the array filtering with predicates lesson, then extract the survivor team. New city feature: Triage sorter 1: even-number lanes lead to rescue while odd lanes become decoys.
114	worcester_ma	Worcester	MA	Victoria	African Urban Relay	Radio briefing: Worcester, MA is stop 114 on the national route. Secure the Worcester Power Crown in the African Urban Relay, finish the array filtering with predicates lesson, then extract the survivor team. New city feature: Triage sorter 2: even-number lanes lead to rescue while odd lanes become decoys.
115	yonkers_ny	Yonkers	NY	Victoria	Coastal Port	Radio briefing: Yonkers, NY is stop 115 on the national route. Secure the Yonkers Signal Spire in the Coastal Port, finish the string traversal and reversal lesson, then extract the survivor team. New city feature: Radio rewind mast 3: visual packets run backward from tower to terminal.
116	fayetteville_nc	Fayetteville	NC	Daniel	Coastal Port	Radio briefing: Fayetteville, NC is stop 116 on the national route. Secure the Fayetteville Rescue Arch in the Coastal Port, finish the mirror checks and edge cases lesson, then extract the survivor team. New city feature: Mirror-code walk 4: paired light posts teach left/right character comparisons.
117	sioux_falls_sd	Sioux Falls	SD	Alex	Rail Yard	Radio briefing: Sioux Falls, SD is stop 117 on the national route. Secure the Sioux Falls Data Beacon in the Rail Yard, finish the loops, divisibility, and ordered branches lesson, then extract the survivor team. New city feature: Beacon cycle yard 1: numbered pylons emphasize checking 15 before 3 or 5.
118	grand_prairie_tx	Grand Prairie	TX	Daniel	Desert Solar Grid	Radio briefing: Grand Prairie, TX is stop 118 on the national route. Secure the Grand Prairie Command Obelisk in the Desert Solar Grid, finish the array filtering with predicates lesson, then extract the survivor team. New city feature: Triage sorter 2: even-number lanes lead to rescue while odd lanes become decoys.
119	rochester_ny	Rochester	NY	Victoria	Coastal Port	Radio briefing: Rochester, NY is stop 119 on the national route. Secure the Rochester Relay Bridge in the Coastal Port, finish the array filtering with predicates lesson, then extract the survivor team. New city feature: Triage sorter 3: even-number lanes lead to rescue while odd lanes become decoys.
120	tallahassee_fl	Tallahassee	FL	Daniel	Coastal Port	Radio briefing: Tallahassee, FL is stop 120 on the national route. Secure the Tallahassee Power Crown in the Coastal Port, finish the string traversal and reversal lesson, then extract the survivor team. New city feature: Radio rewind mast 4: visual packets run backward from tower to terminal.
121	little_rock_ar	Little Rock	AR	Daniel	Latin Metro	Radio briefing: Little Rock, AR is stop 121 on the national route. Secure the Little Rock Signal Spire in the Latin Metro, finish the mirror checks and edge cases lesson, then extract the survivor team. New city feature: Mirror-code walk 1: paired light posts teach left/right character comparisons.
122	amarillo_tx	Amarillo	TX	Daniel	Desert Solar Grid	Radio briefing: Amarillo, TX is stop 122 on the national route. Secure the Amarillo Rescue Arch in the Desert Solar Grid, finish the loops, divisibility, and ordered branches lesson, then extract the survivor team. New city feature: Beacon cycle yard 2: numbered pylons emphasize checking 15 before 3 or 5.
123	overland_park_ks	Overland Park	KS	Alex	Rail Yard	Radio briefing: Overland Park, KS is stop 123 on the national route. Secure the Overland Park Data Beacon in the Rail Yard, finish the array filtering with predicates lesson, then extract the survivor team. New city feature: Triage sorter 3: even-number lanes lead to rescue while odd lanes become decoys.
124	columbus_ga	Columbus	GA	Daniel	Coastal Port	Radio briefing: Columbus, GA is stop 124 on the national route. Secure the Columbus Command Obelisk in the Coastal Port, finish the array filtering with predicates lesson, then extract the survivor team. New city feature: Triage sorter 4: even-number lanes lead to rescue while odd lanes become decoys.
125	augusta_richmond_county_ga	Augusta-Richmond County	GA	Daniel	Coastal Port	Radio briefing: Augusta-Richmond County, GA is stop 125 on the national route. Secure the Augusta-Richmond County Relay Bridge in the Coastal Port, finish the string traversal and reversal lesson, then extract the survivor team. New city feature: Radio rewind mast 1: visual packets run backward from tower to terminal.
126	mobile_al	Mobile	AL	Daniel	Metro Core	Radio briefing: Mobile, AL is stop 126 on the national route. Secure the Mobile Power Crown in the Metro Core, finish the mirror checks and edge cases lesson, then extract the survivor team. New city feature: Mirror-code walk 2: paired light posts teach left/right character comparisons.
127	oxnard_ca	Oxnard	CA	Samantha	Coastal Port	Radio briefing: Oxnard, CA is stop 127 on the national route. Secure the Oxnard Signal Spire in the Coastal Port, finish the loops, divisibility, and ordered branches lesson, then extract the survivor team. New city feature: Beacon cycle yard 3: numbered pylons emphasize checking 15 before 3 or 5.
128	grand_rapids_mi	Grand Rapids	MI	Alex	Great Lakes Industrial	Radio briefing: Grand Rapids, MI is stop 128 on the national route. Secure the Grand Rapids Rescue Arch in the Great Lakes Industrial, finish the array filtering with predicates lesson, then extract the survivor team. New city feature: Triage sorter 4: even-number lanes lead to rescue while odd lanes become decoys.
129	peoria_az	Peoria	AZ	Samantha	Desert Solar Grid	Radio briefing: Peoria, AZ is stop 129 on the national route. Secure the Peoria Data Beacon in the Desert Solar Grid, finish the array filtering with predicates lesson, then extract the survivor team. New city feature: Triage sorter 1: even-number lanes lead to rescue while odd lanes become decoys.
130	vancouver_wa	Vancouver	WA	Samantha	Coastal Port	Radio briefing: Vancouver, WA is stop 130 on the national route. Secure the Vancouver Command Obelisk in the Coastal Port, finish the string traversal and reversal lesson, then extract the survivor team. New city feature: Radio rewind mast 2: visual packets run backward from tower to terminal.
131	knoxville_tn	Knoxville	TN	Daniel	African Urban Relay	Radio briefing: Knoxville, TN is stop 131 on the national route. Secure the Knoxville Relay Bridge in the African Urban Relay, finish the mirror checks and edge cases lesson, then extract the survivor team. New city feature: Mirror-code walk 3: paired light posts teach left/right character comparisons.
132	birmingham_al	Birmingham	AL	Daniel	Metro Core	Radio briefing: Birmingham, AL is stop 132 on the national route. Secure the Birmingham Power Crown in the Metro Core, finish the loops, divisibility, and ordered branches lesson, then extract the survivor team. New city feature: Beacon cycle yard 4: numbered pylons emphasize checking 15 before 3 or 5.
133	montgomery_al	Montgomery	AL	Daniel	Metro Core	Radio briefing: Montgomery, AL is stop 133 on the national route. Secure the Montgomery Signal Spire in the Metro Core, finish the array filtering with predicates lesson, then extract the survivor team. New city feature: Triage sorter 1: even-number lanes lead to rescue while odd lanes become decoys.
134	providence_ri	Providence	RI	Victoria	Coastal Port	Radio briefing: Providence, RI is stop 134 on the national route. Secure the Providence Rescue Arch in the Coastal Port, finish the array filtering with predicates lesson, then extract the survivor team. New city feature: Triage sorter 2: even-number lanes lead to rescue while odd lanes become decoys.
135	huntington_beach_ca	Huntington Beach	CA	Samantha	Coastal Port	Radio briefing: Huntington Beach, CA is stop 135 on the national route. Secure the Huntington Beach Data Beacon in the Coastal Port, finish the string traversal and reversal lesson, then extract the survivor team. New city feature: Radio rewind mast 3: visual packets run backward from tower to terminal.
136	brownsville_tx	Brownsville	TX	Daniel	Desert Solar Grid	Radio briefing: Brownsville, TX is stop 136 on the national route. Secure the Brownsville Command Obelisk in the Desert Solar Grid, finish the mirror checks and edge cases lesson, then extract the survivor team. New city feature: Mirror-code walk 4: paired light posts teach left/right character comparisons.
137	chattanooga_tn	Chattanooga	TN	Daniel	African Urban Relay	Radio briefing: Chattanooga, TN is stop 137 on the national route. Secure the Chattanooga Relay Bridge in the African Urban Relay, finish the loops, divisibility, and ordered branches lesson, then extract the survivor team. New city feature: Beacon cycle yard 1: numbered pylons emphasize checking 15 before 3 or 5.
138	fort_lauderdale_fl	Fort Lauderdale	FL	Daniel	Coastal Port	Radio briefing: Fort Lauderdale, FL is stop 138 on the national route. Secure the Fort Lauderdale Power Crown in the Coastal Port, finish the array filtering with predicates lesson, then extract the survivor team. New city feature: Triage sorter 2: even-number lanes lead to rescue while odd lanes become decoys.
139	tempe_az	Tempe	AZ	Samantha	Desert Solar Grid	Radio briefing: Tempe, AZ is stop 139 on the national route. Secure the Tempe Signal Spire in the Desert Solar Grid, finish the array filtering with predicates lesson, then extract the survivor team. New city feature: Triage sorter 3: even-number lanes lead to rescue while odd lanes become decoys.
140	akron_oh	Akron	OH	Alex	Great Lakes Industrial	Radio briefing: Akron, OH is stop 140 on the national route. Secure the Akron Rescue Arch in the Great Lakes Industrial, finish the string traversal and reversal lesson, then extract the survivor team. New city feature: Radio rewind mast 4: visual packets run backward from tower to terminal.
141	glendale_ca	Glendale	CA	Samantha	Coastal Port	Radio briefing: Glendale, CA is stop 141 on the national route. Secure the Glendale Data Beacon in the Coastal Port, finish the mirror checks and edge cases lesson, then extract the survivor team. New city feature: Mirror-code walk 1: paired light posts teach left/right character comparisons.
142	clarksville_tn	Clarksville	TN	Daniel	African Urban Relay	Radio briefing: Clarksville, TN is stop 142 on the national route. Secure the Clarksville Command Obelisk in the African Urban Relay, finish the loops, divisibility, and ordered branches lesson, then extract the survivor team. New city feature: Beacon cycle yard 2: numbered pylons emphasize checking 15 before 3 or 5.
143	ontario_ca	Ontario	CA	Samantha	Coastal Port	Radio briefing: Ontario, CA is stop 143 on the national route. Secure the Ontario Relay Bridge in the Coastal Port, finish the array filtering with predicates lesson, then extract the survivor team. New city feature: Triage sorter 3: even-number lanes lead to rescue while odd lanes become decoys.
144	newport_news_va	Newport News	VA	Daniel	Coastal Port	Radio briefing: Newport News, VA is stop 144 on the national route. Secure the Newport News Power Crown in the Coastal Port, finish the array filtering with predicates lesson, then extract the survivor team. New city feature: Triage sorter 4: even-number lanes lead to rescue while odd lanes become decoys.
145	elk_grove_ca	Elk Grove	CA	Samantha	Coastal Port	Radio briefing: Elk Grove, CA is stop 145 on the national route. Secure the Elk Grove Signal Spire in the Coastal Port, finish the string traversal and reversal lesson, then extract the survivor team. New city feature: Radio rewind mast 1: visual packets run backward from tower to terminal.
146	cary_nc	Cary	NC	Daniel	Coastal Port	Radio briefing: Cary, NC is stop 146 on the national route. Secure the Cary Rescue Arch in the Coastal Port, finish the mirror checks and edge cases lesson, then extract the survivor team. New city feature: Mirror-code walk 2: paired light posts teach left/right character comparisons.
147	aurora_il	Aurora	IL	Alex	Great Lakes Industrial	Radio briefing: Aurora, IL is stop 147 on the national route. Secure the Aurora Data Beacon in the Great Lakes Industrial, finish the loops, divisibility, and ordered branches lesson, then extract the survivor team. New city feature: Beacon cycle yard 3: numbered pylons emphasize checking 15 before 3 or 5.
148	salem_or	Salem	OR	Samantha	Coastal Port	Radio briefing: Salem, OR is stop 148 on the national route. Secure the Salem Command Obelisk in the Coastal Port, finish the array filtering with predicates lesson, then extract the survivor team. New city feature: Triage sorter 4: even-number lanes lead to rescue while odd lanes become decoys.
149	pembroke_pines_fl	Pembroke Pines	FL	Daniel	Coastal Port	Radio briefing: Pembroke Pines, FL is stop 149 on the national route. Secure the Pembroke Pines Relay Bridge in the Coastal Port, finish the array filtering with predicates lesson, then extract the survivor team. New city feature: Triage sorter 1: even-number lanes lead to rescue while odd lanes become decoys.
150	eugene_or	Eugene	OR	Samantha	Coastal Port	Radio briefing: Eugene, OR is stop 150 on the national route. Secure the Eugene Power Crown in the Coastal Port, finish the string traversal and reversal lesson, then extract the survivor team. New city feature: Radio rewind mast 2: visual packets run backward from tower to terminal.
151	santa_rosa_ca	Santa Rosa	CA	Samantha	Coastal Port	Radio briefing: Santa Rosa, CA is stop 151 on the national route. Secure the Santa Rosa Signal Spire in the Coastal Port, finish the mirror checks and edge cases lesson, then extract the survivor team. New city feature: Mirror-code walk 3: paired light posts teach left/right character comparisons.
152	rancho_cucamonga_ca	Rancho Cucamonga	CA	Samantha	Coastal Port	Radio briefing: Rancho Cucamonga, CA is stop 152 on the national route. Secure the Rancho Cucamonga Rescue Arch in the Coastal Port, finish the loops, divisibility, and ordered branches lesson, then extract the survivor team. New city feature: Beacon cycle yard 4: numbered pylons emphasize checking 15 before 3 or 5.
153	shreveport_la	Shreveport	LA	Daniel	Coastal Port	Radio briefing: Shreveport, LA is stop 153 on the national route. Secure the Shreveport Data Beacon in the Coastal Port, finish the array filtering with predicates lesson, then extract the survivor team. New city feature: Triage sorter 1: even-number lanes lead to rescue while odd lanes become decoys.
154	garden_grove_ca	Garden Grove	CA	Samantha	Coastal Port	Radio briefing: Garden Grove, CA is stop 154 on the national route. Secure the Garden Grove Command Obelisk in the Coastal Port, finish the array filtering with predicates lesson, then extract the survivor team. New city feature: Triage sorter 2: even-number lanes lead to rescue while odd lanes become decoys.
155	oceanside_ca	Oceanside	CA	Samantha	Coastal Port	Radio briefing: Oceanside, CA is stop 155 on the national route. Secure the Oceanside Relay Bridge in the Coastal Port, finish the string traversal and reversal lesson, then extract the survivor team. New city feature: Radio rewind mast 3: visual packets run backward from tower to terminal.
156	fort_collins_co	Fort Collins	CO	Samantha	Latin Metro	Radio briefing: Fort Collins, CO is stop 156 on the national route. Secure the Fort Collins Power Crown in the Latin Metro, finish the mirror checks and edge cases lesson, then extract the survivor team. New city feature: Mirror-code walk 4: paired light posts teach left/right character comparisons.
157	springfield_mo	Springfield	MO	Alex	River Lockworks	Radio briefing: Springfield, MO is stop 157 on the national route. Secure the Springfield Signal Spire in the River Lockworks, finish the loops, divisibility, and ordered branches lesson, then extract the survivor team. New city feature: Beacon cycle yard 1: numbered pylons emphasize checking 15 before 3 or 5.
158	murfreesboro_tn	Murfreesboro	TN	Daniel	African Urban Relay	Radio briefing: Murfreesboro, TN is stop 158 on the national route. Secure the Murfreesboro Rescue Arch in the African Urban Relay, finish the array filtering with predicates lesson, then extract the survivor team. New city feature: Triage sorter 2: even-number lanes lead to rescue while odd lanes become decoys.
159	surprise_az	Surprise	AZ	Samantha	Desert Solar Grid	Radio briefing: Surprise, AZ is stop 159 on the national route. Secure the Surprise Data Beacon in the Desert Solar Grid, finish the array filtering with predicates lesson, then extract the survivor team. New city feature: Triage sorter 3: even-number lanes lead to rescue while odd lanes become decoys.
160	lancaster_ca	Lancaster	CA	Samantha	Coastal Port	Radio briefing: Lancaster, CA is stop 160 on the national route. Secure the Lancaster Command Obelisk in the Coastal Port, finish the string traversal and reversal lesson, then extract the survivor team. New city feature: Radio rewind mast 4: visual packets run backward from tower to terminal.
161	denton_tx	Denton	TX	Daniel	Desert Solar Grid	Radio briefing: Denton, TX is stop 161 on the national route. Secure the Denton Relay Bridge in the Desert Solar Grid, finish the mirror checks and edge cases lesson, then extract the survivor team. New city feature: Mirror-code walk 1: paired light posts teach left/right character comparisons.
162	roseville_ca	Roseville	CA	Samantha	Coastal Port	Radio briefing: Roseville, CA is stop 162 on the national route. Secure the Roseville Power Crown in the Coastal Port, finish the loops, divisibility, and ordered branches lesson, then extract the survivor team. New city feature: Beacon cycle yard 2: numbered pylons emphasize checking 15 before 3 or 5.
163	palmdale_ca	Palmdale	CA	Samantha	Coastal Port	Radio briefing: Palmdale, CA is stop 163 on the national route. Secure the Palmdale Signal Spire in the Coastal Port, finish the array filtering with predicates lesson, then extract the survivor team. New city feature: Triage sorter 3: even-number lanes lead to rescue while odd lanes become decoys.
164	corona_ca	Corona	CA	Samantha	Coastal Port	Radio briefing: Corona, CA is stop 164 on the national route. Secure the Corona Rescue Arch in the Coastal Port, finish the array filtering with predicates lesson, then extract the survivor team. New city feature: Triage sorter 4: even-number lanes lead to rescue while odd lanes become decoys.
165	salinas_ca	Salinas	CA	Samantha	Coastal Port	Radio briefing: Salinas, CA is stop 165 on the national route. Secure the Salinas Data Beacon in the Coastal Port, finish the string traversal and reversal lesson, then extract the survivor team. New city feature: Radio rewind mast 1: visual packets run backward from tower to terminal.
166	killeen_tx	Killeen	TX	Daniel	Desert Solar Grid	Radio briefing: Killeen, TX is stop 166 on the national route. Secure the Killeen Command Obelisk in the Desert Solar Grid, finish the mirror checks and edge cases lesson, then extract the survivor team. New city feature: Mirror-code walk 2: paired light posts teach left/right character comparisons.
167	paterson_nj	Paterson	NJ	Victoria	Coastal Port	Radio briefing: Paterson, NJ is stop 167 on the national route. Secure the Paterson Relay Bridge in the Coastal Port, finish the loops, divisibility, and ordered branches lesson, then extract the survivor team. New city feature: Beacon cycle yard 3: numbered pylons emphasize checking 15 before 3 or 5.
168	alexandria_va	Alexandria	VA	Daniel	Coastal Port	Radio briefing: Alexandria, VA is stop 168 on the national route. Secure the Alexandria Power Crown in the Coastal Port, finish the array filtering with predicates lesson, then extract the survivor team. New city feature: Triage sorter 4: even-number lanes lead to rescue while odd lanes become decoys.
169	hollywood_fl	Hollywood	FL	Daniel	Coastal Port	Radio briefing: Hollywood, FL is stop 169 on the national route. Secure the Hollywood Signal Spire in the Coastal Port, finish the array filtering with predicates lesson, then extract the survivor team. New city feature: Triage sorter 1: even-number lanes lead to rescue while odd lanes become decoys.
170	hayward_ca	Hayward	CA	Samantha	Coastal Port	Radio briefing: Hayward, CA is stop 170 on the national route. Secure the Hayward Rescue Arch in the Coastal Port, finish the string traversal and reversal lesson, then extract the survivor team. New city feature: Radio rewind mast 2: visual packets run backward from tower to terminal.
171	charleston_sc	Charleston	SC	Daniel	Coastal Port	Radio briefing: Charleston, SC is stop 171 on the national route. Secure the Charleston Data Beacon in the Coastal Port, finish the mirror checks and edge cases lesson, then extract the survivor team. New city feature: Mirror-code walk 3: paired light posts teach left/right character comparisons.
172	macon_bibb_county_ga	Macon-Bibb County	GA	Daniel	Coastal Port	Radio briefing: Macon-Bibb County, GA is stop 172 on the national route. Secure the Macon-Bibb County Command Obelisk in the Coastal Port, finish the loops, divisibility, and ordered branches lesson, then extract the survivor team. New city feature: Beacon cycle yard 4: numbered pylons emphasize checking 15 before 3 or 5.
173	lakewood_co	Lakewood	CO	Samantha	Latin Metro	Radio briefing: Lakewood, CO is stop 173 on the national route. Secure the Lakewood Relay Bridge in the Latin Metro, finish the array filtering with predicates lesson, then extract the survivor team. New city feature: Triage sorter 1: even-number lanes lead to rescue while odd lanes become decoys.
174	sunnyvale_ca	Sunnyvale	CA	Samantha	Coastal Port	Radio briefing: Sunnyvale, CA is stop 174 on the national route. Secure the Sunnyvale Power Crown in the Coastal Port, finish the array filtering with predicates lesson, then extract the survivor team. New city feature: Triage sorter 2: even-number lanes lead to rescue while odd lanes become decoys.
175	kansas_city_ks	Kansas City	KS	Alex	Rail Yard	Radio briefing: Kansas City, KS is stop 175 on the national route. Secure the Kansas City Signal Spire in the Rail Yard, finish the array filtering with predicates lesson, then extract the survivor team. New city feature: Triage sorter 3: even-number lanes lead to rescue while odd lanes become decoys.
176	springfield_ma	Springfield	MA	Victoria	African Urban Relay	Radio briefing: Springfield, MA is stop 176 on the national route. Secure the Springfield Rescue Arch in the African Urban Relay, finish the stateful traversal through linked rescue nodes lesson, then extract the survivor team. New city feature: Evacuation chain 4: node markers show current, next, and stop sentinel movement.
177	bellevue_wa	Bellevue	WA	Samantha	Coastal Port	Radio briefing: Bellevue, WA is stop 177 on the national route. Secure the Bellevue Data Beacon in the Coastal Port, finish the mirror checks and edge cases lesson, then extract the survivor team. New city feature: Mirror-code walk 1: paired light posts teach left/right character comparisons.
178	naperville_il	Naperville	IL	Alex	Great Lakes Industrial	Radio briefing: Naperville, IL is stop 178 on the national route. Secure the Naperville Command Obelisk in the Great Lakes Industrial, finish the halving a sorted search space with bounds lesson, then extract the survivor team. New city feature: Sorted-cache vault 2: shrinking light bands show low, mid, and high bounds.
179	joliet_il	Joliet	IL	Alex	Great Lakes Industrial	Radio briefing: Joliet, IL is stop 179 on the national route. Secure the Joliet Relay Bridge in the Great Lakes Industrial, finish the loops, divisibility, and ordered branches lesson, then extract the survivor team. New city feature: Beacon cycle yard 3: numbered pylons emphasize checking 15 before 3 or 5.
180	bridgeport_ct	Bridgeport	CT	Victoria	Coastal Port	Radio briefing: Bridgeport, CT is stop 180 on the national route. Secure the Bridgeport Power Crown in the Coastal Port, finish the array filtering with predicates lesson, then extract the survivor team. New city feature: Triage sorter 4: even-number lanes lead to rescue while odd lanes become decoys.
181	mesquite_tx	Mesquite	TX	Daniel	Desert Solar Grid	Radio briefing: Mesquite, TX is stop 181 on the national route. Secure the Mesquite Signal Spire in the Desert Solar Grid, finish the stateful traversal through linked rescue nodes lesson, then extract the survivor team. New city feature: Evacuation chain 1: node markers show current, next, and stop sentinel movement.
182	pasadena_tx	Pasadena	TX	Daniel	Desert Solar Grid	Radio briefing: Pasadena, TX is stop 182 on the national route. Secure the Pasadena Rescue Arch in the Desert Solar Grid, finish the mirror checks and edge cases lesson, then extract the survivor team. New city feature: Mirror-code walk 2: paired light posts teach left/right character comparisons.
183	olathe_ks	Olathe	KS	Alex	Rail Yard	Radio briefing: Olathe, KS is stop 183 on the national route. Secure the Olathe Data Beacon in the Rail Yard, finish the halving a sorted search space with bounds lesson, then extract the survivor team. New city feature: Sorted-cache vault 3: shrinking light bands show low, mid, and high bounds.
184	escondido_ca	Escondido	CA	Samantha	Coastal Port	Radio briefing: Escondido, CA is stop 184 on the national route. Secure the Escondido Command Obelisk in the Coastal Port, finish the loops, divisibility, and ordered branches lesson, then extract the survivor team. New city feature: Beacon cycle yard 4: numbered pylons emphasize checking 15 before 3 or 5.
185	savannah_ga	Savannah	GA	Daniel	Coastal Port	Radio briefing: Savannah, GA is stop 185 on the national route. Secure the Savannah Relay Bridge in the Coastal Port, finish the array filtering with predicates lesson, then extract the survivor team. New city feature: Triage sorter 1: even-number lanes lead to rescue while odd lanes become decoys.
186	mcallen_tx	McAllen	TX	Daniel	Desert Solar Grid	Radio briefing: McAllen, TX is stop 186 on the national route. Secure the McAllen Power Crown in the Desert Solar Grid, finish the stateful traversal through linked rescue nodes lesson, then extract the survivor team. New city feature: Evacuation chain 2: node markers show current, next, and stop sentinel movement.
187	gainesville_fl	Gainesville	FL	Daniel	Coastal Port	Radio briefing: Gainesville, FL is stop 187 on the national route. Secure the Gainesville Signal Spire in the Coastal Port, finish the mirror checks and edge cases lesson, then extract the survivor team. New city feature: Mirror-code walk 3: paired light posts teach left/right character comparisons.
188	pomona_ca	Pomona	CA	Samantha	Coastal Port	Radio briefing: Pomona, CA is stop 188 on the national route. Secure the Pomona Rescue Arch in the Coastal Port, finish the halving a sorted search space with bounds lesson, then extract the survivor team. New city feature: Sorted-cache vault 4: shrinking light bands show low, mid, and high bounds.
189	rockford_il	Rockford	IL	Alex	Great Lakes Industrial	Radio briefing: Rockford, IL is stop 189 on the national route. Secure the Rockford Data Beacon in the Great Lakes Industrial, finish the loops, divisibility, and ordered branches lesson, then extract the survivor team. New city feature: Beacon cycle yard 1: numbered pylons emphasize checking 15 before 3 or 5.
190	thornton_co	Thornton	CO	Samantha	Latin Metro	Radio briefing: Thornton, CO is stop 190 on the national route. Secure the Thornton Command Obelisk in the Latin Metro, finish the array filtering with predicates lesson, then extract the survivor team. New city feature: Triage sorter 2: even-number lanes lead to rescue while odd lanes become decoys.
191	waco_tx	Waco	TX	Daniel	Desert Solar Grid	Radio briefing: Waco, TX is stop 191 on the national route. Secure the Waco Relay Bridge in the Desert Solar Grid, finish the stateful traversal through linked rescue nodes lesson, then extract the survivor team. New city feature: Evacuation chain 3: node markers show current, next, and stop sentinel movement.
192	visalia_ca	Visalia	CA	Samantha	Coastal Port	Radio briefing: Visalia, CA is stop 192 on the national route. Secure the Visalia Power Crown in the Coastal Port, finish the mirror checks and edge cases lesson, then extract the survivor team. New city feature: Mirror-code walk 4: paired light posts teach left/right character comparisons.
193	syracuse_ny	Syracuse	NY	Victoria	Coastal Port	Radio briefing: Syracuse, NY is stop 193 on the national route. Secure the Syracuse Signal Spire in the Coastal Port, finish the halving a sorted search space with bounds lesson, then extract the survivor team. New city feature: Sorted-cache vault 1: shrinking light bands show low, mid, and high bounds.
194	columbia_sc	Columbia	SC	Daniel	Coastal Port	Radio briefing: Columbia, SC is stop 194 on the national route. Secure the Columbia Rescue Arch in the Coastal Port, finish the loops, divisibility, and ordered branches lesson, then extract the survivor team. New city feature: Beacon cycle yard 2: numbered pylons emphasize checking 15 before 3 or 5.
195	midland_tx	Midland	TX	Daniel	Desert Solar Grid	Radio briefing: Midland, TX is stop 195 on the national route. Secure the Midland Data Beacon in the Desert Solar Grid, finish the array filtering with predicates lesson, then extract the survivor team. New city feature: Triage sorter 3: even-number lanes lead to rescue while odd lanes become decoys.
196	miramar_fl	Miramar	FL	Daniel	Coastal Port	Radio briefing: Miramar, FL is stop 196 on the national route. Secure the Miramar Command Obelisk in the Coastal Port, finish the stateful traversal through linked rescue nodes lesson, then extract the survivor team. New city feature: Evacuation chain 4: node markers show current, next, and stop sentinel movement.
197	palm_bay_fl	Palm Bay	FL	Daniel	Coastal Port	Radio briefing: Palm Bay, FL is stop 197 on the national route. Secure the Palm Bay Relay Bridge in the Coastal Port, finish the mirror checks and edge cases lesson, then extract the survivor team. New city feature: Mirror-code walk 1: paired light posts teach left/right character comparisons.
198	jackson_ms	Jackson	MS	Daniel	River Lockworks	Radio briefing: Jackson, MS is stop 198 on the national route. Secure the Jackson Power Crown in the River Lockworks, finish the halving a sorted search space with bounds lesson, then extract the survivor team. New city feature: Sorted-cache vault 2: shrinking light bands show low, mid, and high bounds.
199	coral_springs_fl	Coral Springs	FL	Daniel	Coastal Port	Radio briefing: Coral Springs, FL is stop 199 on the national route. Secure the Coral Springs Signal Spire in the Coastal Port, finish the loops, divisibility, and ordered branches lesson, then extract the survivor team. New city feature: Beacon cycle yard 3: numbered pylons emphasize checking 15 before 3 or 5.
200	victorville_ca	Victorville	CA	Samantha	Coastal Port	Radio briefing: Victorville, CA is stop 200 on the national route. Secure the Victorville Rescue Arch in the Coastal Port, finish the array filtering with predicates lesson, then extract the survivor team. New city feature: Triage sorter 4: even-number lanes lead to rescue while odd lanes become decoys.
201	elizabeth_nj	Elizabeth	NJ	Victoria	Coastal Port	Radio briefing: Elizabeth, NJ is stop 201 on the national route. Secure the Elizabeth Data Beacon in the Coastal Port, finish the stateful traversal through linked rescue nodes lesson, then extract the survivor team. New city feature: Evacuation chain 1: node markers show current, next, and stop sentinel movement.
202	fullerton_ca	Fullerton	CA	Samantha	Coastal Port	Radio briefing: Fullerton, CA is stop 202 on the national route. Secure the Fullerton Command Obelisk in the Coastal Port, finish the mirror checks and edge cases lesson, then extract the survivor team. New city feature: Mirror-code walk 2: paired light posts teach left/right character comparisons.
203	meridian_id	Meridian	ID	Samantha	Monsoon Port	Radio briefing: Meridian, ID is stop 203 on the national route. Secure the Meridian Relay Bridge in the Monsoon Port, finish the halving a sorted search space with bounds lesson, then extract the survivor team. New city feature: Sorted-cache vault 3: shrinking light bands show low, mid, and high bounds.
204	torrance_ca	Torrance	CA	Samantha	Coastal Port	Radio briefing: Torrance, CA is stop 204 on the national route. Secure the Torrance Power Crown in the Coastal Port, finish the loops, divisibility, and ordered branches lesson, then extract the survivor team. New city feature: Beacon cycle yard 4: numbered pylons emphasize checking 15 before 3 or 5.
205	stamford_ct	Stamford	CT	Victoria	Coastal Port	Radio briefing: Stamford, CT is stop 205 on the national route. Secure the Stamford Signal Spire in the Coastal Port, finish the array filtering with predicates lesson, then extract the survivor team. New city feature: Triage sorter 1: even-number lanes lead to rescue while odd lanes become decoys.
206	west_valley_city_ut	West Valley City	UT	Samantha	Mountain Relay	Radio briefing: West Valley City, UT is stop 206 on the national route. Secure the West Valley City Rescue Arch in the Mountain Relay, finish the stateful traversal through linked rescue nodes lesson, then extract the survivor team. New city feature: Evacuation chain 2: node markers show current, next, and stop sentinel movement.
207	orange_ca	Orange	CA	Samantha	Coastal Port	Radio briefing: Orange, CA is stop 207 on the national route. Secure the Orange Data Beacon in the Coastal Port, finish the mirror checks and edge cases lesson, then extract the survivor team. New city feature: Mirror-code walk 3: paired light posts teach left/right character comparisons.
208	cedar_rapids_ia	Cedar Rapids	IA	Alex	River Lockworks	Radio briefing: Cedar Rapids, IA is stop 208 on the national route. Secure the Cedar Rapids Command Obelisk in the River Lockworks, finish the halving a sorted search space with bounds lesson, then extract the survivor team. New city feature: Sorted-cache vault 4: shrinking light bands show low, mid, and high bounds.
209	warren_mi	Warren	MI	Alex	Great Lakes Industrial	Radio briefing: Warren, MI is stop 209 on the national route. Secure the Warren Relay Bridge in the Great Lakes Industrial, finish the loops, divisibility, and ordered branches lesson, then extract the survivor team. New city feature: Beacon cycle yard 1: numbered pylons emphasize checking 15 before 3 or 5.
210	hampton_va	Hampton	VA	Daniel	Coastal Port	Radio briefing: Hampton, VA is stop 210 on the national route. Secure the Hampton Power Crown in the Coastal Port, finish the array filtering with predicates lesson, then extract the survivor team. New city feature: Triage sorter 2: even-number lanes lead to rescue while odd lanes become decoys.
211	new_haven_ct	New Haven	CT	Victoria	Coastal Port	Radio briefing: New Haven, CT is stop 211 on the national route. Secure the New Haven Signal Spire in the Coastal Port, finish the stateful traversal through linked rescue nodes lesson, then extract the survivor team. New city feature: Evacuation chain 3: node markers show current, next, and stop sentinel movement.
212	pasadena_ca	Pasadena	CA	Samantha	Coastal Port	Radio briefing: Pasadena, CA is stop 212 on the national route. Secure the Pasadena Rescue Arch in the Coastal Port, finish the mirror checks and edge cases lesson, then extract the survivor team. New city feature: Mirror-code walk 4: paired light posts teach left/right character comparisons.
213	kent_wa	Kent	WA	Samantha	Coastal Port	Radio briefing: Kent, WA is stop 213 on the national route. Secure the Kent Data Beacon in the Coastal Port, finish the halving a sorted search space with bounds lesson, then extract the survivor team. New city feature: Sorted-cache vault 1: shrinking light bands show low, mid, and high bounds.
214	dayton_oh	Dayton	OH	Alex	Great Lakes Industrial	Radio briefing: Dayton, OH is stop 214 on the national route. Secure the Dayton Command Obelisk in the Great Lakes Industrial, finish the loops, divisibility, and ordered branches lesson, then extract the survivor team. New city feature: Beacon cycle yard 2: numbered pylons emphasize checking 15 before 3 or 5.
215	fargo_nd	Fargo	ND	Alex	Rail Yard	Radio briefing: Fargo, ND is stop 215 on the national route. Secure the Fargo Relay Bridge in the Rail Yard, finish the array filtering with predicates lesson, then extract the survivor team. New city feature: Triage sorter 3: even-number lanes lead to rescue while odd lanes become decoys.
216	lewisville_tx	Lewisville	TX	Daniel	Desert Solar Grid	Radio briefing: Lewisville, TX is stop 216 on the national route. Secure the Lewisville Power Crown in the Desert Solar Grid, finish the stateful traversal through linked rescue nodes lesson, then extract the survivor team. New city feature: Evacuation chain 4: node markers show current, next, and stop sentinel movement.
217	carrollton_tx	Carrollton	TX	Daniel	Desert Solar Grid	Radio briefing: Carrollton, TX is stop 217 on the national route. Secure the Carrollton Signal Spire in the Desert Solar Grid, finish the mirror checks and edge cases lesson, then extract the survivor team. New city feature: Mirror-code walk 1: paired light posts teach left/right character comparisons.
218	round_rock_tx	Round Rock	TX	Daniel	Desert Solar Grid	Radio briefing: Round Rock, TX is stop 218 on the national route. Secure the Round Rock Rescue Arch in the Desert Solar Grid, finish the halving a sorted search space with bounds lesson, then extract the survivor team. New city feature: Sorted-cache vault 2: shrinking light bands show low, mid, and high bounds.
219	sterling_heights_mi	Sterling Heights	MI	Alex	Great Lakes Industrial	Radio briefing: Sterling Heights, MI is stop 219 on the national route. Secure the Sterling Heights Data Beacon in the Great Lakes Industrial, finish the loops, divisibility, and ordered branches lesson, then extract the survivor team. New city feature: Beacon cycle yard 3: numbered pylons emphasize checking 15 before 3 or 5.
220	santa_clara_ca	Santa Clara	CA	Samantha	Coastal Port	Radio briefing: Santa Clara, CA is stop 220 on the national route. Secure the Santa Clara Command Obelisk in the Coastal Port, finish the array filtering with predicates lesson, then extract the survivor team. New city feature: Triage sorter 4: even-number lanes lead to rescue while odd lanes become decoys.
221	norman_ok	Norman	OK	Daniel	Metro Core	Radio briefing: Norman, OK is stop 221 on the national route. Secure the Norman Relay Bridge in the Metro Core, finish the stateful traversal through linked rescue nodes lesson, then extract the survivor team. New city feature: Evacuation chain 1: node markers show current, next, and stop sentinel movement.
222	columbia_mo	Columbia	MO	Alex	River Lockworks	Radio briefing: Columbia, MO is stop 222 on the national route. Secure the Columbia Power Crown in the River Lockworks, finish the mirror checks and edge cases lesson, then extract the survivor team. New city feature: Mirror-code walk 2: paired light posts teach left/right character comparisons.
223	abilene_tx	Abilene	TX	Daniel	Desert Solar Grid	Radio briefing: Abilene, TX is stop 223 on the national route. Secure the Abilene Signal Spire in the Desert Solar Grid, finish the halving a sorted search space with bounds lesson, then extract the survivor team. New city feature: Sorted-cache vault 3: shrinking light bands show low, mid, and high bounds.
224	pearland_tx	Pearland	TX	Daniel	Desert Solar Grid	Radio briefing: Pearland, TX is stop 224 on the national route. Secure the Pearland Rescue Arch in the Desert Solar Grid, finish the loops, divisibility, and ordered branches lesson, then extract the survivor team. New city feature: Beacon cycle yard 4: numbered pylons emphasize checking 15 before 3 or 5.
225	athens_clarke_county_ga	Athens-Clarke County	GA	Daniel	Coastal Port	Radio briefing: Athens-Clarke County, GA is stop 225 on the national route. Secure the Athens-Clarke County Data Beacon in the Coastal Port, finish the array filtering with predicates lesson, then extract the survivor team. New city feature: Triage sorter 1: even-number lanes lead to rescue while odd lanes become decoys.
226	college_station_tx	College Station	TX	Daniel	Desert Solar Grid	Radio briefing: College Station, TX is stop 226 on the national route. Secure the College Station Command Obelisk in the Desert Solar Grid, finish the stateful traversal through linked rescue nodes lesson, then extract the survivor team. New city feature: Evacuation chain 2: node markers show current, next, and stop sentinel movement.
227	clovis_ca	Clovis	CA	Samantha	Coastal Port	Radio briefing: Clovis, CA is stop 227 on the national route. Secure the Clovis Relay Bridge in the Coastal Port, finish the mirror checks and edge cases lesson, then extract the survivor team. New city feature: Mirror-code walk 3: paired light posts teach left/right character comparisons.
228	west_palm_beach_fl	West Palm Beach	FL	Daniel	Coastal Port	Radio briefing: West Palm Beach, FL is stop 228 on the national route. Secure the West Palm Beach Power Crown in the Coastal Port, finish the halving a sorted search space with bounds lesson, then extract the survivor team. New city feature: Sorted-cache vault 4: shrinking light bands show low, mid, and high bounds.
229	allentown_pa	Allentown	PA	Victoria	Latin Metro	Radio briefing: Allentown, PA is stop 229 on the national route. Secure the Allentown Signal Spire in the Latin Metro, finish the loops, divisibility, and ordered branches lesson, then extract the survivor team. New city feature: Beacon cycle yard 1: numbered pylons emphasize checking 15 before 3 or 5.
230	north_charleston_sc	North Charleston	SC	Daniel	Coastal Port	Radio briefing: North Charleston, SC is stop 230 on the national route. Secure the North Charleston Rescue Arch in the Coastal Port, finish the array filtering with predicates lesson, then extract the survivor team. New city feature: Triage sorter 2: even-number lanes lead to rescue while odd lanes become decoys.
231	simi_valley_ca	Simi Valley	CA	Samantha	Coastal Port	Radio briefing: Simi Valley, CA is stop 231 on the national route. Secure the Simi Valley Data Beacon in the Coastal Port, finish the stateful traversal through linked rescue nodes lesson, then extract the survivor team. New city feature: Evacuation chain 3: node markers show current, next, and stop sentinel movement.
232	topeka_ks	Topeka	KS	Alex	Rail Yard	Radio briefing: Topeka, KS is stop 232 on the national route. Secure the Topeka Command Obelisk in the Rail Yard, finish the mirror checks and edge cases lesson, then extract the survivor team. New city feature: Mirror-code walk 4: paired light posts teach left/right character comparisons.
233	wilmington_nc	Wilmington	NC	Daniel	Coastal Port	Radio briefing: Wilmington, NC is stop 233 on the national route. Secure the Wilmington Relay Bridge in the Coastal Port, finish the halving a sorted search space with bounds lesson, then extract the survivor team. New city feature: Sorted-cache vault 1: shrinking light bands show low, mid, and high bounds.
234	lakeland_fl	Lakeland	FL	Daniel	Coastal Port	Radio briefing: Lakeland, FL is stop 234 on the national route. Secure the Lakeland Power Crown in the Coastal Port, finish the loops, divisibility, and ordered branches lesson, then extract the survivor team. New city feature: Beacon cycle yard 2: numbered pylons emphasize checking 15 before 3 or 5.
235	thousand_oaks_ca	Thousand Oaks	CA	Samantha	Coastal Port	Radio briefing: Thousand Oaks, CA is stop 235 on the national route. Secure the Thousand Oaks Signal Spire in the Coastal Port, finish the array filtering with predicates lesson, then extract the survivor team. New city feature: Triage sorter 3: even-number lanes lead to rescue while odd lanes become decoys.
236	concord_ca	Concord	CA	Samantha	Coastal Port	Radio briefing: Concord, CA is stop 236 on the national route. Secure the Concord Rescue Arch in the Coastal Port, finish the stateful traversal through linked rescue nodes lesson, then extract the survivor team. New city feature: Evacuation chain 4: node markers show current, next, and stop sentinel movement.
237	rochester_mn	Rochester	MN	Alex	Great Lakes Industrial	Radio briefing: Rochester, MN is stop 237 on the national route. Secure the Rochester Data Beacon in the Great Lakes Industrial, finish the mirror checks and edge cases lesson, then extract the survivor team. New city feature: Mirror-code walk 1: paired light posts teach left/right character comparisons.
238	vallejo_ca	Vallejo	CA	Samantha	Coastal Port	Radio briefing: Vallejo, CA is stop 238 on the national route. Secure the Vallejo Command Obelisk in the Coastal Port, finish the halving a sorted search space with bounds lesson, then extract the survivor team. New city feature: Sorted-cache vault 2: shrinking light bands show low, mid, and high bounds.
239	ann_arbor_mi	Ann Arbor	MI	Alex	Great Lakes Industrial	Radio briefing: Ann Arbor, MI is stop 239 on the national route. Secure the Ann Arbor Relay Bridge in the Great Lakes Industrial, finish the loops, divisibility, and ordered branches lesson, then extract the survivor team. New city feature: Beacon cycle yard 3: numbered pylons emphasize checking 15 before 3 or 5.
240	broken_arrow_ok	Broken Arrow	OK	Daniel	Metro Core	Radio briefing: Broken Arrow, OK is stop 240 on the national route. Secure the Broken Arrow Power Crown in the Metro Core, finish the array filtering with predicates lesson, then extract the survivor team. New city feature: Triage sorter 4: even-number lanes lead to rescue while odd lanes become decoys.
241	fairfield_ca	Fairfield	CA	Samantha	Coastal Port	Radio briefing: Fairfield, CA is stop 241 on the national route. Secure the Fairfield Signal Spire in the Coastal Port, finish the stateful traversal through linked rescue nodes lesson, then extract the survivor team. New city feature: Evacuation chain 1: node markers show current, next, and stop sentinel movement.
242	lafayette_la	Lafayette	LA	Daniel	Coastal Port	Radio briefing: Lafayette, LA is stop 242 on the national route. Secure the Lafayette Rescue Arch in the Coastal Port, finish the mirror checks and edge cases lesson, then extract the survivor team. New city feature: Mirror-code walk 2: paired light posts teach left/right character comparisons.
243	hartford_ct	Hartford	CT	Victoria	Coastal Port	Radio briefing: Hartford, CT is stop 243 on the national route. Secure the Hartford Data Beacon in the Coastal Port, finish the halving a sorted search space with bounds lesson, then extract the survivor team. New city feature: Sorted-cache vault 3: shrinking light bands show low, mid, and high bounds.
244	arvada_co	Arvada	CO	Samantha	Latin Metro	Radio briefing: Arvada, CO is stop 244 on the national route. Secure the Arvada Command Obelisk in the Latin Metro, finish the loops, divisibility, and ordered branches lesson, then extract the survivor team. New city feature: Beacon cycle yard 4: numbered pylons emphasize checking 15 before 3 or 5.
245	berkeley_ca	Berkeley	CA	Samantha	Coastal Port	Radio briefing: Berkeley, CA is stop 245 on the national route. Secure the Berkeley Relay Bridge in the Coastal Port, finish the array filtering with predicates lesson, then extract the survivor team. New city feature: Triage sorter 1: even-number lanes lead to rescue while odd lanes become decoys.
246	independence_mo	Independence	MO	Alex	River Lockworks	Radio briefing: Independence, MO is stop 246 on the national route. Secure the Independence Power Crown in the River Lockworks, finish the stateful traversal through linked rescue nodes lesson, then extract the survivor team. New city feature: Evacuation chain 2: node markers show current, next, and stop sentinel movement.
247	billings_mt	Billings	MT	Samantha	Mountain Relay	Radio briefing: Billings, MT is stop 247 on the national route. Secure the Billings Signal Spire in the Mountain Relay, finish the mirror checks and edge cases lesson, then extract the survivor team. New city feature: Mirror-code walk 3: paired light posts teach left/right character comparisons.
248	cambridge_ma	Cambridge	MA	Victoria	African Urban Relay	Radio briefing: Cambridge, MA is stop 248 on the national route. Secure the Cambridge Rescue Arch in the African Urban Relay, finish the halving a sorted search space with bounds lesson, then extract the survivor team. New city feature: Sorted-cache vault 4: shrinking light bands show low, mid, and high bounds.
249	lowell_ma	Lowell	MA	Victoria	African Urban Relay	Radio briefing: Lowell, MA is stop 249 on the national route. Secure the Lowell Data Beacon in the African Urban Relay, finish the loops, divisibility, and ordered branches lesson, then extract the survivor team. New city feature: Beacon cycle yard 1: numbered pylons emphasize checking 15 before 3 or 5.
250	odessa_tx	Odessa	TX	Daniel	Desert Solar Grid	Radio briefing: Odessa, TX is stop 250 on the national route. Secure the Odessa Command Obelisk in the Desert Solar Grid, finish the array filtering with predicates lesson, then extract the survivor team. New city feature: Triage sorter 2: even-number lanes lead to rescue while odd lanes become decoys.
251	high_point_nc	High Point	NC	Daniel	Coastal Port	Radio briefing: High Point, NC is stop 251 on the national route. Secure the High Point Relay Bridge in the Coastal Port, finish the stateful traversal through linked rescue nodes lesson, then extract the survivor team. New city feature: Evacuation chain 3: node markers show current, next, and stop sentinel movement.
252	league_city_tx	League City	TX	Daniel	Desert Solar Grid	Radio briefing: League City, TX is stop 252 on the national route. Secure the League City Power Crown in the Desert Solar Grid, finish the mirror checks and edge cases lesson, then extract the survivor team. New city feature: Mirror-code walk 4: paired light posts teach left/right character comparisons.
253	antioch_ca	Antioch	CA	Samantha	Coastal Port	Radio briefing: Antioch, CA is stop 253 on the national route. Secure the Antioch Signal Spire in the Coastal Port, finish the halving a sorted search space with bounds lesson, then extract the survivor team. New city feature: Sorted-cache vault 1: shrinking light bands show low, mid, and high bounds.
254	richardson_tx	Richardson	TX	Daniel	Desert Solar Grid	Radio briefing: Richardson, TX is stop 254 on the national route. Secure the Richardson Rescue Arch in the Desert Solar Grid, finish the loops, divisibility, and ordered branches lesson, then extract the survivor team. New city feature: Beacon cycle yard 2: numbered pylons emphasize checking 15 before 3 or 5.
255	goodyear_az	Goodyear	AZ	Samantha	Desert Solar Grid	Radio briefing: Goodyear, AZ is stop 255 on the national route. Secure the Goodyear Data Beacon in the Desert Solar Grid, finish the array filtering with predicates lesson, then extract the survivor team. New city feature: Triage sorter 3: even-number lanes lead to rescue while odd lanes become decoys.
256	pompano_beach_fl	Pompano Beach	FL	Daniel	Coastal Port	Radio briefing: Pompano Beach, FL is stop 256 on the national route. Secure the Pompano Beach Command Obelisk in the Coastal Port, finish the stateful traversal through linked rescue nodes lesson, then extract the survivor team. New city feature: Evacuation chain 4: node markers show current, next, and stop sentinel movement.
257	nampa_id	Nampa	ID	Samantha	Monsoon Port	Radio briefing: Nampa, ID is stop 257 on the national route. Secure the Nampa Relay Bridge in the Monsoon Port, finish the mirror checks and edge cases lesson, then extract the survivor team. New city feature: Mirror-code walk 1: paired light posts teach left/right character comparisons.
258	menifee_ca	Menifee	CA	Samantha	Coastal Port	Radio briefing: Menifee, CA is stop 258 on the national route. Secure the Menifee Power Crown in the Coastal Port, finish the halving a sorted search space with bounds lesson, then extract the survivor team. New city feature: Sorted-cache vault 2: shrinking light bands show low, mid, and high bounds.
259	las_cruces_nm	Las Cruces	NM	Samantha	Desert Solar Grid	Radio briefing: Las Cruces, NM is stop 259 on the national route. Secure the Las Cruces Signal Spire in the Desert Solar Grid, finish the loops, divisibility, and ordered branches lesson, then extract the survivor team. New city feature: Beacon cycle yard 3: numbered pylons emphasize checking 15 before 3 or 5.
260	clearwater_fl	Clearwater	FL	Daniel	Coastal Port	Radio briefing: Clearwater, FL is stop 260 on the national route. Secure the Clearwater Rescue Arch in the Coastal Port, finish the array filtering with predicates lesson, then extract the survivor team. New city feature: Triage sorter 4: even-number lanes lead to rescue while odd lanes become decoys.
261	west_jordan_ut	West Jordan	UT	Samantha	Mountain Relay	Radio briefing: West Jordan, UT is stop 261 on the national route. Secure the West Jordan Data Beacon in the Mountain Relay, finish the stateful traversal through linked rescue nodes lesson, then extract the survivor team. New city feature: Evacuation chain 1: node markers show current, next, and stop sentinel movement.
262	new_braunfels_tx	New Braunfels	TX	Daniel	Desert Solar Grid	Radio briefing: New Braunfels, TX is stop 262 on the national route. Secure the New Braunfels Command Obelisk in the Desert Solar Grid, finish the mirror checks and edge cases lesson, then extract the survivor team. New city feature: Mirror-code walk 2: paired light posts teach left/right character comparisons.
263	manchester_nh	Manchester	NH	Victoria	Metro Core	Radio briefing: Manchester, NH is stop 263 on the national route. Secure the Manchester Relay Bridge in the Metro Core, finish the halving a sorted search space with bounds lesson, then extract the survivor team. New city feature: Sorted-cache vault 3: shrinking light bands show low, mid, and high bounds.
264	miami_gardens_fl	Miami Gardens	FL	Daniel	Coastal Port	Radio briefing: Miami Gardens, FL is stop 264 on the national route. Secure the Miami Gardens Power Crown in the Coastal Port, finish the loops, divisibility, and ordered branches lesson, then extract the survivor team. New city feature: Beacon cycle yard 4: numbered pylons emphasize checking 15 before 3 or 5.
265	waterbury_ct	Waterbury	CT	Victoria	Coastal Port	Radio briefing: Waterbury, CT is stop 265 on the national route. Secure the Waterbury Signal Spire in the Coastal Port, finish the array filtering with predicates lesson, then extract the survivor team. New city feature: Triage sorter 1: even-number lanes lead to rescue while odd lanes become decoys.
266	provo_ut	Provo	UT	Samantha	Mountain Relay	Radio briefing: Provo, UT is stop 266 on the national route. Secure the Provo Rescue Arch in the Mountain Relay, finish the stateful traversal through linked rescue nodes lesson, then extract the survivor team. New city feature: Evacuation chain 2: node markers show current, next, and stop sentinel movement.
267	evansville_in	Evansville	IN	Alex	Monsoon Megacity	Radio briefing: Evansville, IN is stop 267 on the national route. Secure the Evansville Data Beacon in the Monsoon Megacity, finish the mirror checks and edge cases lesson, then extract the survivor team. New city feature: Mirror-code walk 3: paired light posts teach left/right character comparisons.
268	richmond_ca	Richmond	CA	Samantha	Coastal Port	Radio briefing: Richmond, CA is stop 268 on the national route. Secure the Richmond Command Obelisk in the Coastal Port, finish the halving a sorted search space with bounds lesson, then extract the survivor team. New city feature: Sorted-cache vault 4: shrinking light bands show low, mid, and high bounds.
269	westminster_co	Westminster	CO	Samantha	Latin Metro	Radio briefing: Westminster, CO is stop 269 on the national route. Secure the Westminster Relay Bridge in the Latin Metro, finish the loops, divisibility, and ordered branches lesson, then extract the survivor team. New city feature: Beacon cycle yard 1: numbered pylons emphasize checking 15 before 3 or 5.
270	elgin_il	Elgin	IL	Alex	Great Lakes Industrial	Radio briefing: Elgin, IL is stop 270 on the national route. Secure the Elgin Power Crown in the Great Lakes Industrial, finish the array filtering with predicates lesson, then extract the survivor team. New city feature: Triage sorter 2: even-number lanes lead to rescue while odd lanes become decoys.
271	conroe_tx	Conroe	TX	Daniel	Desert Solar Grid	Radio briefing: Conroe, TX is stop 271 on the national route. Secure the Conroe Signal Spire in the Desert Solar Grid, finish the stateful traversal through linked rescue nodes lesson, then extract the survivor team. New city feature: Evacuation chain 3: node markers show current, next, and stop sentinel movement.
272	greeley_co	Greeley	CO	Samantha	Latin Metro	Radio briefing: Greeley, CO is stop 272 on the national route. Secure the Greeley Rescue Arch in the Latin Metro, finish the mirror checks and edge cases lesson, then extract the survivor team. New city feature: Mirror-code walk 4: paired light posts teach left/right character comparisons.
273	lansing_mi	Lansing	MI	Alex	Great Lakes Industrial	Radio briefing: Lansing, MI is stop 273 on the national route. Secure the Lansing Data Beacon in the Great Lakes Industrial, finish the halving a sorted search space with bounds lesson, then extract the survivor team. New city feature: Sorted-cache vault 1: shrinking light bands show low, mid, and high bounds.
274	buckeye_az	Buckeye	AZ	Samantha	Desert Solar Grid	Radio briefing: Buckeye, AZ is stop 274 on the national route. Secure the Buckeye Command Obelisk in the Desert Solar Grid, finish the loops, divisibility, and ordered branches lesson, then extract the survivor team. New city feature: Beacon cycle yard 2: numbered pylons emphasize checking 15 before 3 or 5.
275	tuscaloosa_al	Tuscaloosa	AL	Daniel	Metro Core	Radio briefing: Tuscaloosa, AL is stop 275 on the national route. Secure the Tuscaloosa Relay Bridge in the Metro Core, finish the array filtering with predicates lesson, then extract the survivor team. New city feature: Triage sorter 3: even-number lanes lead to rescue while odd lanes become decoys.
276	allen_tx	Allen	TX	Daniel	Desert Solar Grid	Radio briefing: Allen, TX is stop 276 on the national route. Secure the Allen Power Crown in the Desert Solar Grid, finish the stateful traversal through linked rescue nodes lesson, then extract the survivor team. New city feature: Evacuation chain 4: node markers show current, next, and stop sentinel movement.
277	carlsbad_ca	Carlsbad	CA	Samantha	Coastal Port	Radio briefing: Carlsbad, CA is stop 277 on the national route. Secure the Carlsbad Signal Spire in the Coastal Port, finish the mirror checks and edge cases lesson, then extract the survivor team. New city feature: Mirror-code walk 1: paired light posts teach left/right character comparisons.
278	everett_wa	Everett	WA	Samantha	Coastal Port	Radio briefing: Everett, WA is stop 278 on the national route. Secure the Everett Rescue Arch in the Coastal Port, finish the halving a sorted search space with bounds lesson, then extract the survivor team. New city feature: Sorted-cache vault 2: shrinking light bands show low, mid, and high bounds.
279	springfield_il	Springfield	IL	Alex	Great Lakes Industrial	Radio briefing: Springfield, IL is stop 279 on the national route. Secure the Springfield Data Beacon in the Great Lakes Industrial, finish the loops, divisibility, and ordered branches lesson, then extract the survivor team. New city feature: Beacon cycle yard 3: numbered pylons emphasize checking 15 before 3 or 5.
280	beaumont_tx	Beaumont	TX	Daniel	Desert Solar Grid	Radio briefing: Beaumont, TX is stop 280 on the national route. Secure the Beaumont Command Obelisk in the Desert Solar Grid, finish the array filtering with predicates lesson, then extract the survivor team. New city feature: Triage sorter 4: even-number lanes lead to rescue while odd lanes become decoys.
281	murrieta_ca	Murrieta	CA	Samantha	Coastal Port	Radio briefing: Murrieta, CA is stop 281 on the national route. Secure the Murrieta Relay Bridge in the Coastal Port, finish the stateful traversal through linked rescue nodes lesson, then extract the survivor team. New city feature: Evacuation chain 1: node markers show current, next, and stop sentinel movement.
282	rio_rancho_nm	Rio Rancho	NM	Samantha	Desert Solar Grid	Radio briefing: Rio Rancho, NM is stop 282 on the national route. Secure the Rio Rancho Power Crown in the Desert Solar Grid, finish the mirror checks and edge cases lesson, then extract the survivor team. New city feature: Mirror-code walk 2: paired light posts teach left/right character comparisons.
283	temecula_ca	Temecula	CA	Samantha	Coastal Port	Radio briefing: Temecula, CA is stop 283 on the national route. Secure the Temecula Signal Spire in the Coastal Port, finish the halving a sorted search space with bounds lesson, then extract the survivor team. New city feature: Sorted-cache vault 3: shrinking light bands show low, mid, and high bounds.
284	concord_nc	Concord	NC	Daniel	Coastal Port	Radio briefing: Concord, NC is stop 284 on the national route. Secure the Concord Rescue Arch in the Coastal Port, finish the loops, divisibility, and ordered branches lesson, then extract the survivor team. New city feature: Beacon cycle yard 4: numbered pylons emphasize checking 15 before 3 or 5.
285	tyler_tx	Tyler	TX	Daniel	Desert Solar Grid	Radio briefing: Tyler, TX is stop 285 on the national route. Secure the Tyler Data Beacon in the Desert Solar Grid, finish the array filtering with predicates lesson, then extract the survivor team. New city feature: Triage sorter 1: even-number lanes lead to rescue while odd lanes become decoys.
286	davie_fl	Davie	FL	Daniel	Coastal Port	Radio briefing: Davie, FL is stop 286 on the national route. Secure the Davie Command Obelisk in the Coastal Port, finish the stateful traversal through linked rescue nodes lesson, then extract the survivor team. New city feature: Evacuation chain 2: node markers show current, next, and stop sentinel movement.
287	south_fulton_ga	South Fulton	GA	Daniel	Coastal Port	Radio briefing: South Fulton, GA is stop 287 on the national route. Secure the South Fulton Relay Bridge in the Coastal Port, finish the mirror checks and edge cases lesson, then extract the survivor team. New city feature: Mirror-code walk 3: paired light posts teach left/right character comparisons.
288	peoria_il	Peoria	IL	Alex	Great Lakes Industrial	Radio briefing: Peoria, IL is stop 288 on the national route. Secure the Peoria Power Crown in the Great Lakes Industrial, finish the halving a sorted search space with bounds lesson, then extract the survivor team. New city feature: Sorted-cache vault 4: shrinking light bands show low, mid, and high bounds.
289	sparks_nv	Sparks	NV	Samantha	Desert Solar Grid	Radio briefing: Sparks, NV is stop 289 on the national route. Secure the Sparks Signal Spire in the Desert Solar Grid, finish the loops, divisibility, and ordered branches lesson, then extract the survivor team. New city feature: Beacon cycle yard 1: numbered pylons emphasize checking 15 before 3 or 5.
290	gresham_or	Gresham	OR	Samantha	Coastal Port	Radio briefing: Gresham, OR is stop 290 on the national route. Secure the Gresham Rescue Arch in the Coastal Port, finish the array filtering with predicates lesson, then extract the survivor team. New city feature: Triage sorter 2: even-number lanes lead to rescue while odd lanes become decoys.
291	santa_maria_ca	Santa Maria	CA	Samantha	Coastal Port	Radio briefing: Santa Maria, CA is stop 291 on the national route. Secure the Santa Maria Data Beacon in the Coastal Port, finish the stateful traversal through linked rescue nodes lesson, then extract the survivor team. New city feature: Evacuation chain 3: node markers show current, next, and stop sentinel movement.
292	pueblo_co	Pueblo	CO	Samantha	Latin Metro	Radio briefing: Pueblo, CO is stop 292 on the national route. Secure the Pueblo Command Obelisk in the Latin Metro, finish the mirror checks and edge cases lesson, then extract the survivor team. New city feature: Mirror-code walk 4: paired light posts teach left/right character comparisons.
293	hillsboro_or	Hillsboro	OR	Samantha	Coastal Port	Radio briefing: Hillsboro, OR is stop 293 on the national route. Secure the Hillsboro Relay Bridge in the Coastal Port, finish the halving a sorted search space with bounds lesson, then extract the survivor team. New city feature: Sorted-cache vault 1: shrinking light bands show low, mid, and high bounds.
294	sugar_land_tx	Sugar Land	TX	Daniel	Desert Solar Grid	Radio briefing: Sugar Land, TX is stop 294 on the national route. Secure the Sugar Land Power Crown in the Desert Solar Grid, finish the loops, divisibility, and ordered branches lesson, then extract the survivor team. New city feature: Beacon cycle yard 2: numbered pylons emphasize checking 15 before 3 or 5.
295	san_buenaventura_ventura_ca	San Buenaventura (Ventura)	CA	Samantha	Coastal Port	Radio briefing: San Buenaventura (Ventura), CA is stop 295 on the national route. Secure the San Buenaventura (Ventura) Signal Spire in the Coastal Port, finish the stateful traversal through linked rescue nodes lesson, then extract the survivor team. New city feature: Evacuation chain 3: node markers show current, next, and stop sentinel movement.
296	downey_ca	Downey	CA	Samantha	Coastal Port	Radio briefing: Downey, CA is stop 296 on the national route. Secure the Downey Rescue Arch in the Coastal Port, finish the halving a sorted search space with bounds lesson, then extract the survivor team. New city feature: Sorted-cache vault 4: shrinking light bands show low, mid, and high bounds.
297	costa_mesa_ca	Costa Mesa	CA	Samantha	Coastal Port	Radio briefing: Costa Mesa, CA is stop 297 on the national route. Secure the Costa Mesa Data Beacon in the Coastal Port, finish the array filtering with predicates lesson, then extract the survivor team. New city feature: Triage sorter 1: even-number lanes lead to rescue while odd lanes become decoys.
298	centennial_co	Centennial	CO	Samantha	Latin Metro	Radio briefing: Centennial, CO is stop 298 on the national route. Secure the Centennial Command Obelisk in the Latin Metro, finish the loops, divisibility, and ordered branches lesson, then extract the survivor team. New city feature: Beacon cycle yard 2: numbered pylons emphasize checking 15 before 3 or 5.
299	edinburg_tx	Edinburg	TX	Daniel	Desert Solar Grid	Radio briefing: Edinburg, TX is stop 299 on the national route. Secure the Edinburg Relay Bridge in the Desert Solar Grid, finish the mirror checks and edge cases lesson, then extract the survivor team. New city feature: Mirror-code walk 3: paired light posts teach left/right character comparisons.
300	spokane_valley_wa	Spokane Valley	WA	Samantha	Coastal Port	Radio briefing: Spokane Valley, WA is stop 300 on the national route. Secure the Spokane Valley Power Crown in the Coastal Port, finish the halving a sorted search space with bounds lesson, then extract the survivor team. New city feature: Sorted-cache vault 4: shrinking light bands show low, mid, and high bounds.
301	jurupa_valley_ca	Jurupa Valley	CA	Samantha	Coastal Port	Radio briefing: Jurupa Valley, CA is stop 301 on the national route. Secure the Jurupa Valley Signal Spire in the Coastal Port, finish the stateful traversal through linked rescue nodes lesson, then extract the survivor team. New city feature: Evacuation chain 1: node markers show current, next, and stop sentinel movement.
302	bend_or	Bend	OR	Samantha	Coastal Port	Radio briefing: Bend, OR is stop 302 on the national route. Secure the Bend Rescue Arch in the Coastal Port, finish the halving a sorted search space with bounds lesson, then extract the survivor team. New city feature: Sorted-cache vault 2: shrinking light bands show low, mid, and high bounds.
303	west_covina_ca	West Covina	CA	Samantha	Coastal Port	Radio briefing: West Covina, CA is stop 303 on the national route. Secure the West Covina Data Beacon in the Coastal Port, finish the array filtering with predicates lesson, then extract the survivor team. New city feature: Triage sorter 3: even-number lanes lead to rescue while odd lanes become decoys.
304	boulder_co	Boulder	CO	Samantha	Latin Metro	Radio briefing: Boulder, CO is stop 304 on the national route. Secure the Boulder Command Obelisk in the Latin Metro, finish the loops, divisibility, and ordered branches lesson, then extract the survivor team. New city feature: Beacon cycle yard 4: numbered pylons emphasize checking 15 before 3 or 5.
305	palm_coast_fl	Palm Coast	FL	Daniel	Coastal Port	Radio briefing: Palm Coast, FL is stop 305 on the national route. Secure the Palm Coast Relay Bridge in the Coastal Port, finish the mirror checks and edge cases lesson, then extract the survivor team. New city feature: Mirror-code walk 1: paired light posts teach left/right character comparisons.
306	lee_s_summit_mo	Lee's Summit	MO	Alex	River Lockworks	Radio briefing: Lee's Summit, MO is stop 306 on the national route. Secure the Lee's Summit Power Crown in the River Lockworks, finish the halving a sorted search space with bounds lesson, then extract the survivor team. New city feature: Sorted-cache vault 2: shrinking light bands show low, mid, and high bounds.
307	dearborn_mi	Dearborn	MI	Alex	Great Lakes Industrial	Radio briefing: Dearborn, MI is stop 307 on the national route. Secure the Dearborn Signal Spire in the Great Lakes Industrial, finish the stateful traversal through linked rescue nodes lesson, then extract the survivor team. New city feature: Evacuation chain 3: node markers show current, next, and stop sentinel movement.
308	green_bay_wi	Green Bay	WI	Alex	Great Lakes Industrial	Radio briefing: Green Bay, WI is stop 308 on the national route. Secure the Green Bay Rescue Arch in the Great Lakes Industrial, finish the halving a sorted search space with bounds lesson, then extract the survivor team. New city feature: Sorted-cache vault 4: shrinking light bands show low, mid, and high bounds.
309	st_george_ut	St. George	UT	Samantha	Mountain Relay	Radio briefing: St. George, UT is stop 309 on the national route. Secure the St. George Data Beacon in the Mountain Relay, finish the array filtering with predicates lesson, then extract the survivor team. New city feature: Triage sorter 1: even-number lanes lead to rescue while odd lanes become decoys.
310	brockton_ma	Brockton	MA	Victoria	African Urban Relay	Radio briefing: Brockton, MA is stop 310 on the national route. Secure the Brockton Command Obelisk in the African Urban Relay, finish the loops, divisibility, and ordered branches lesson, then extract the survivor team. New city feature: Beacon cycle yard 2: numbered pylons emphasize checking 15 before 3 or 5.
311	renton_wa	Renton	WA	Samantha	Coastal Port	Radio briefing: Renton, WA is stop 311 on the national route. Secure the Renton Relay Bridge in the Coastal Port, finish the mirror checks and edge cases lesson, then extract the survivor team. New city feature: Mirror-code walk 3: paired light posts teach left/right character comparisons.
312	sandy_springs_ga	Sandy Springs	GA	Daniel	Coastal Port	Radio briefing: Sandy Springs, GA is stop 312 on the national route. Secure the Sandy Springs Power Crown in the Coastal Port, finish the halving a sorted search space with bounds lesson, then extract the survivor team. New city feature: Sorted-cache vault 4: shrinking light bands show low, mid, and high bounds.
313	rialto_ca	Rialto	CA	Samantha	Coastal Port	Radio briefing: Rialto, CA is stop 313 on the national route. Secure the Rialto Signal Spire in the Coastal Port, finish the stateful traversal through linked rescue nodes lesson, then extract the survivor team. New city feature: Evacuation chain 1: node markers show current, next, and stop sentinel movement.
314	el_monte_ca	El Monte	CA	Samantha	Coastal Port	Radio briefing: El Monte, CA is stop 314 on the national route. Secure the El Monte Rescue Arch in the Coastal Port, finish the halving a sorted search space with bounds lesson, then extract the survivor team. New city feature: Sorted-cache vault 2: shrinking light bands show low, mid, and high bounds.
315	vacaville_ca	Vacaville	CA	Samantha	Coastal Port	Radio briefing: Vacaville, CA is stop 315 on the national route. Secure the Vacaville Data Beacon in the Coastal Port, finish the array filtering with predicates lesson, then extract the survivor team. New city feature: Triage sorter 3: even-number lanes lead to rescue while odd lanes become decoys.
316	fishers_in	Fishers	IN	Alex	Monsoon Megacity	Radio briefing: Fishers, IN is stop 316 on the national route. Secure the Fishers Command Obelisk in the Monsoon Megacity, finish the loops, divisibility, and ordered branches lesson, then extract the survivor team. New city feature: Beacon cycle yard 4: numbered pylons emphasize checking 15 before 3 or 5.
317	south_bend_in	South Bend	IN	Alex	Monsoon Megacity	Radio briefing: South Bend, IN is stop 317 on the national route. Secure the South Bend Relay Bridge in the Monsoon Megacity, finish the mirror checks and edge cases lesson, then extract the survivor team. New city feature: Mirror-code walk 1: paired light posts teach left/right character comparisons.
318	carmel_in	Carmel	IN	Alex	Monsoon Megacity	Radio briefing: Carmel, IN is stop 318 on the national route. Secure the Carmel Power Crown in the Monsoon Megacity, finish the halving a sorted search space with bounds lesson, then extract the survivor team. New city feature: Sorted-cache vault 2: shrinking light bands show low, mid, and high bounds.
319	yuma_az	Yuma	AZ	Samantha	Desert Solar Grid	Radio briefing: Yuma, AZ is stop 319 on the national route. Secure the Yuma Signal Spire in the Desert Solar Grid, finish the stateful traversal through linked rescue nodes lesson, then extract the survivor team. New city feature: Evacuation chain 3: node markers show current, next, and stop sentinel movement.
320	burbank_ca	Burbank	CA	Samantha	Coastal Port	Radio briefing: Burbank, CA is stop 320 on the national route. Secure the Burbank Rescue Arch in the Coastal Port, finish the halving a sorted search space with bounds lesson, then extract the survivor team. New city feature: Sorted-cache vault 4: shrinking light bands show low, mid, and high bounds.
321	lynn_ma	Lynn	MA	Victoria	African Urban Relay	Radio briefing: Lynn, MA is stop 321 on the national route. Secure the Lynn Data Beacon in the African Urban Relay, finish the array filtering with predicates lesson, then extract the survivor team. New city feature: Triage sorter 1: even-number lanes lead to rescue while odd lanes become decoys.
322	quincy_ma	Quincy	MA	Victoria	African Urban Relay	Radio briefing: Quincy, MA is stop 322 on the national route. Secure the Quincy Command Obelisk in the African Urban Relay, finish the loops, divisibility, and ordered branches lesson, then extract the survivor team. New city feature: Beacon cycle yard 2: numbered pylons emphasize checking 15 before 3 or 5.
323	el_cajon_ca	El Cajon	CA	Samantha	Coastal Port	Radio briefing: El Cajon, CA is stop 323 on the national route. Secure the El Cajon Relay Bridge in the Coastal Port, finish the mirror checks and edge cases lesson, then extract the survivor team. New city feature: Mirror-code walk 3: paired light posts teach left/right character comparisons.
324	fayetteville_ar	Fayetteville	AR	Daniel	Latin Metro	Radio briefing: Fayetteville, AR is stop 324 on the national route. Secure the Fayetteville Power Crown in the Latin Metro, finish the halving a sorted search space with bounds lesson, then extract the survivor team. New city feature: Sorted-cache vault 4: shrinking light bands show low, mid, and high bounds.
325	suffolk_va	Suffolk	VA	Daniel	Coastal Port	Radio briefing: Suffolk, VA is stop 325 on the national route. Secure the Suffolk Signal Spire in the Coastal Port, finish the stateful traversal through linked rescue nodes lesson, then extract the survivor team. New city feature: Evacuation chain 1: node markers show current, next, and stop sentinel movement.
326	san_mateo_ca	San Mateo	CA	Samantha	Coastal Port	Radio briefing: San Mateo, CA is stop 326 on the national route. Secure the San Mateo Rescue Arch in the Coastal Port, finish the halving a sorted search space with bounds lesson, then extract the survivor team. New city feature: Sorted-cache vault 2: shrinking light bands show low, mid, and high bounds.
327	chico_ca	Chico	CA	Samantha	Coastal Port	Radio briefing: Chico, CA is stop 327 on the national route. Secure the Chico Data Beacon in the Coastal Port, finish the array filtering with predicates lesson, then extract the survivor team. New city feature: Triage sorter 3: even-number lanes lead to rescue while odd lanes become decoys.
328	inglewood_ca	Inglewood	CA	Samantha	Coastal Port	Radio briefing: Inglewood, CA is stop 328 on the national route. Secure the Inglewood Command Obelisk in the Coastal Port, finish the loops, divisibility, and ordered branches lesson, then extract the survivor team. New city feature: Beacon cycle yard 4: numbered pylons emphasize checking 15 before 3 or 5.
329	wichita_falls_tx	Wichita Falls	TX	Daniel	Desert Solar Grid	Radio briefing: Wichita Falls, TX is stop 329 on the national route. Secure the Wichita Falls Relay Bridge in the Desert Solar Grid, finish the mirror checks and edge cases lesson, then extract the survivor team. New city feature: Mirror-code walk 1: paired light posts teach left/right character comparisons.
330	boca_raton_fl	Boca Raton	FL	Daniel	Coastal Port	Radio briefing: Boca Raton, FL is stop 330 on the national route. Secure the Boca Raton Power Crown in the Coastal Port, finish the halving a sorted search space with bounds lesson, then extract the survivor team. New city feature: Sorted-cache vault 2: shrinking light bands show low, mid, and high bounds.
331	hesperia_ca	Hesperia	CA	Samantha	Coastal Port	Radio briefing: Hesperia, CA is stop 331 on the national route. Secure the Hesperia Signal Spire in the Coastal Port, finish the stateful traversal through linked rescue nodes lesson, then extract the survivor team. New city feature: Evacuation chain 3: node markers show current, next, and stop sentinel movement.
332	daly_city_ca	Daly City	CA	Samantha	Coastal Port	Radio briefing: Daly City, CA is stop 332 on the national route. Secure the Daly City Rescue Arch in the Coastal Port, finish the halving a sorted search space with bounds lesson, then extract the survivor team. New city feature: Sorted-cache vault 4: shrinking light bands show low, mid, and high bounds.
333	georgetown_tx	Georgetown	TX	Daniel	Desert Solar Grid	Radio briefing: Georgetown, TX is stop 333 on the national route. Secure the Georgetown Data Beacon in the Desert Solar Grid, finish the array filtering with predicates lesson, then extract the survivor team. New city feature: Triage sorter 1: even-number lanes lead to rescue while odd lanes become decoys.
334	new_bedford_ma	New Bedford	MA	Victoria	African Urban Relay	Radio briefing: New Bedford, MA is stop 334 on the national route. Secure the New Bedford Command Obelisk in the African Urban Relay, finish the loops, divisibility, and ordered branches lesson, then extract the survivor team. New city feature: Beacon cycle yard 2: numbered pylons emphasize checking 15 before 3 or 5.
335	albany_ny	Albany	NY	Victoria	Coastal Port	Radio briefing: Albany, NY is stop 335 on the national route. Secure the Albany Relay Bridge in the Coastal Port, finish the mirror checks and edge cases lesson, then extract the survivor team. New city feature: Mirror-code walk 3: paired light posts teach left/right character comparisons.
336	davenport_ia	Davenport	IA	Alex	River Lockworks	Radio briefing: Davenport, IA is stop 336 on the national route. Secure the Davenport Power Crown in the River Lockworks, finish the halving a sorted search space with bounds lesson, then extract the survivor team. New city feature: Sorted-cache vault 4: shrinking light bands show low, mid, and high bounds.
337	plantation_fl	Plantation	FL	Daniel	Coastal Port	Radio briefing: Plantation, FL is stop 337 on the national route. Secure the Plantation Signal Spire in the Coastal Port, finish the stateful traversal through linked rescue nodes lesson, then extract the survivor team. New city feature: Evacuation chain 1: node markers show current, next, and stop sentinel movement.
338	deltona_fl	Deltona	FL	Daniel	Coastal Port	Radio briefing: Deltona, FL is stop 338 on the national route. Secure the Deltona Rescue Arch in the Coastal Port, finish the halving a sorted search space with bounds lesson, then extract the survivor team. New city feature: Sorted-cache vault 2: shrinking light bands show low, mid, and high bounds.
339	federal_way_wa	Federal Way	WA	Samantha	Coastal Port	Radio briefing: Federal Way, WA is stop 339 on the national route. Secure the Federal Way Data Beacon in the Coastal Port, finish the array filtering with predicates lesson, then extract the survivor team. New city feature: Triage sorter 3: even-number lanes lead to rescue while odd lanes become decoys.
340	san_angelo_tx	San Angelo	TX	Daniel	Desert Solar Grid	Radio briefing: San Angelo, TX is stop 340 on the national route. Secure the San Angelo Command Obelisk in the Desert Solar Grid, finish the loops, divisibility, and ordered branches lesson, then extract the survivor team. New city feature: Beacon cycle yard 4: numbered pylons emphasize checking 15 before 3 or 5.
341	tracy_ca	Tracy	CA	Samantha	Coastal Port	Radio briefing: Tracy, CA is stop 341 on the national route. Secure the Tracy Relay Bridge in the Coastal Port, finish the mirror checks and edge cases lesson, then extract the survivor team. New city feature: Mirror-code walk 1: paired light posts teach left/right character comparisons.
342	sunrise_fl	Sunrise	FL	Daniel	Coastal Port	Radio briefing: Sunrise, FL is stop 342 on the national route. Secure the Sunrise Power Crown in the Coastal Port, finish the halving a sorted search space with bounds lesson, then extract the survivor team. New city feature: Sorted-cache vault 2: shrinking light bands show low, mid, and high bounds.
343	tokyo_jp	Tokyo	JP	Kyoko	Neon Megacity	Radio briefing: Tokyo, JP is stop 343 on the national route. Secure the Tokyo Signal Spire in the Neon Megacity, finish the stateful traversal through linked rescue nodes lesson, then extract the survivor team. New city feature: Evacuation chain 3: node markers show current, next, and stop sentinel movement.
344	delhi_in	Delhi	IN	Alex	Monsoon Megacity	Radio briefing: Delhi, IN is stop 344 on the national route. Secure the Delhi Rescue Arch in the Monsoon Megacity, finish the halving a sorted search space with bounds lesson, then extract the survivor team. New city feature: Sorted-cache vault 4: shrinking light bands show low, mid, and high bounds.
345	shanghai_cn	Shanghai	CN	Kyoko	Neon Megacity	Radio briefing: Shanghai, CN is stop 345 on the national route. Secure the Shanghai Data Beacon in the Neon Megacity, finish the array filtering with predicates lesson, then extract the survivor team. New city feature: Triage sorter 1: even-number lanes lead to rescue while odd lanes become decoys.
346	sao_paulo_br	Sao Paulo	BR	Diego	Latin Metro	Radio briefing: Sao Paulo, BR is stop 346 on the national route. Secure the Sao Paulo Command Obelisk in the Latin Metro, finish the loops, divisibility, and ordered branches lesson, then extract the survivor team. New city feature: Beacon cycle yard 2: numbered pylons emphasize checking 15 before 3 or 5.
347	mexico_city_mx	Mexico City	MX	Diego	Latin Metro	Radio briefing: Mexico City, MX is stop 347 on the national route. Secure the Mexico City Relay Bridge in the Latin Metro, finish the mirror checks and edge cases lesson, then extract the survivor team. New city feature: Mirror-code walk 3: paired light posts teach left/right character comparisons.
348	cairo_eg	Cairo	EG	Tessa	African Urban Relay	Radio briefing: Cairo, EG is stop 348 on the national route. Secure the Cairo Power Crown in the African Urban Relay, finish the halving a sorted search space with bounds lesson, then extract the survivor team. New city feature: Sorted-cache vault 4: shrinking light bands show low, mid, and high bounds.
349	mumbai_in	Mumbai	IN	Alex	Monsoon Megacity	Radio briefing: Mumbai, IN is stop 349 on the national route. Secure the Mumbai Signal Spire in the Monsoon Megacity, finish the stateful traversal through linked rescue nodes lesson, then extract the survivor team. New city feature: Evacuation chain 1: node markers show current, next, and stop sentinel movement.
350	beijing_cn	Beijing	CN	Kyoko	Neon Megacity	Radio briefing: Beijing, CN is stop 350 on the national route. Secure the Beijing Rescue Arch in the Neon Megacity, finish the halving a sorted search space with bounds lesson, then extract the survivor team. New city feature: Sorted-cache vault 2: shrinking light bands show low, mid, and high bounds.
351	dhaka_bd	Dhaka	BD	Rishi	Monsoon Megacity	Radio briefing: Dhaka, BD is stop 351 on the national route. Secure the Dhaka Data Beacon in the Monsoon Megacity, finish the array filtering with predicates lesson, then extract the survivor team. New city feature: Triage sorter 3: even-number lanes lead to rescue while odd lanes become decoys.
352	osaka_jp	Osaka	JP	Kyoko	Neon Megacity	Radio briefing: Osaka, JP is stop 352 on the national route. Secure the Osaka Command Obelisk in the Neon Megacity, finish the loops, divisibility, and ordered branches lesson, then extract the survivor team. New city feature: Beacon cycle yard 4: numbered pylons emphasize checking 15 before 3 or 5.
353	karachi_pk	Karachi	PK	Rishi	Monsoon Megacity	Radio briefing: Karachi, PK is stop 353 on the national route. Secure the Karachi Relay Bridge in the Monsoon Megacity, finish the mirror checks and edge cases lesson, then extract the survivor team. New city feature: Mirror-code walk 1: paired light posts teach left/right character comparisons.
354	buenos_aires_ar	Buenos Aires	AR	Daniel	Latin Metro	Radio briefing: Buenos Aires, AR is stop 354 on the national route. Secure the Buenos Aires Power Crown in the Latin Metro, finish the halving a sorted search space with bounds lesson, then extract the survivor team. New city feature: Sorted-cache vault 2: shrinking light bands show low, mid, and high bounds.
355	istanbul_tr	Istanbul	TR	Maged	Historic Core	Radio briefing: Istanbul, TR is stop 355 on the national route. Secure the Istanbul Signal Spire in the Historic Core, finish the stateful traversal through linked rescue nodes lesson, then extract the survivor team. New city feature: Evacuation chain 3: node markers show current, next, and stop sentinel movement.
356	kolkata_in	Kolkata	IN	Alex	Monsoon Megacity	Radio briefing: Kolkata, IN is stop 356 on the national route. Secure the Kolkata Rescue Arch in the Monsoon Megacity, finish the halving a sorted search space with bounds lesson, then extract the survivor team. New city feature: Sorted-cache vault 4: shrinking light bands show low, mid, and high bounds.
357	manila_ph	Manila	PH	Kyoko	Monsoon Port	Radio briefing: Manila, PH is stop 357 on the national route. Secure the Manila Data Beacon in the Monsoon Port, finish the array filtering with predicates lesson, then extract the survivor team. New city feature: Triage sorter 1: even-number lanes lead to rescue while odd lanes become decoys.
358	lagos_ng	Lagos	NG	Tessa	African Urban Relay	Radio briefing: Lagos, NG is stop 358 on the national route. Secure the Lagos Command Obelisk in the African Urban Relay, finish the loops, divisibility, and ordered branches lesson, then extract the survivor team. New city feature: Beacon cycle yard 2: numbered pylons emphasize checking 15 before 3 or 5.
359	rio_de_janeiro_br	Rio de Janeiro	BR	Diego	Latin Metro	Radio briefing: Rio de Janeiro, BR is stop 359 on the national route. Secure the Rio de Janeiro Relay Bridge in the Latin Metro, finish the mirror checks and edge cases lesson, then extract the survivor team. New city feature: Mirror-code walk 3: paired light posts teach left/right character comparisons.
360	tianjin_cn	Tianjin	CN	Kyoko	Neon Megacity	Radio briefing: Tianjin, CN is stop 360 on the national route. Secure the Tianjin Power Crown in the Neon Megacity, finish the halving a sorted search space with bounds lesson, then extract the survivor team. New city feature: Sorted-cache vault 4: shrinking light bands show low, mid, and high bounds.
361	kinshasa_cd	Kinshasa	CD	Tessa	African Urban Relay	Radio briefing: Kinshasa, CD is stop 361 on the national route. Secure the Kinshasa Signal Spire in the African Urban Relay, finish the stateful traversal through linked rescue nodes lesson, then extract the survivor team. New city feature: Evacuation chain 1: node markers show current, next, and stop sentinel movement.
362	guangzhou_cn	Guangzhou	CN	Kyoko	Neon Megacity	Radio briefing: Guangzhou, CN is stop 362 on the national route. Secure the Guangzhou Rescue Arch in the Neon Megacity, finish the halving a sorted search space with bounds lesson, then extract the survivor team. New city feature: Sorted-cache vault 2: shrinking light bands show low, mid, and high bounds.
363	shenzhen_cn	Shenzhen	CN	Kyoko	Neon Megacity	Radio briefing: Shenzhen, CN is stop 363 on the national route. Secure the Shenzhen Data Beacon in the Neon Megacity, finish the array filtering with predicates lesson, then extract the survivor team. New city feature: Triage sorter 3: even-number lanes lead to rescue while odd lanes become decoys.
364	lahore_pk	Lahore	PK	Rishi	Monsoon Megacity	Radio briefing: Lahore, PK is stop 364 on the national route. Secure the Lahore Command Obelisk in the Monsoon Megacity, finish the loops, divisibility, and ordered branches lesson, then extract the survivor team. New city feature: Beacon cycle yard 4: numbered pylons emphasize checking 15 before 3 or 5.
365	bangalore_in	Bangalore	IN	Alex	Monsoon Megacity	Radio briefing: Bangalore, IN is stop 365 on the national route. Secure the Bangalore Relay Bridge in the Monsoon Megacity, finish the mirror checks and edge cases lesson, then extract the survivor team. New city feature: Mirror-code walk 1: paired light posts teach left/right character comparisons.
366	paris_fr	Paris	FR	Daniel	Historic Core	Radio briefing: Paris, FR is stop 366 on the national route. Secure the Paris Power Crown in the Historic Core, finish the halving a sorted search space with bounds lesson, then extract the survivor team. New city feature: Sorted-cache vault 2: shrinking light bands show low, mid, and high bounds.
367	bogota_co	Bogota	CO	Samantha	Latin Metro	Radio briefing: Bogota, CO is stop 367 on the national route. Secure the Bogota Signal Spire in the Latin Metro, finish the stateful traversal through linked rescue nodes lesson, then extract the survivor team. New city feature: Evacuation chain 3: node markers show current, next, and stop sentinel movement.
368	jakarta_id	Jakarta	ID	Samantha	Monsoon Port	Radio briefing: Jakarta, ID is stop 368 on the national route. Secure the Jakarta Rescue Arch in the Monsoon Port, finish the halving a sorted search space with bounds lesson, then extract the survivor team. New city feature: Sorted-cache vault 4: shrinking light bands show low, mid, and high bounds.
369	chennai_in	Chennai	IN	Alex	Monsoon Megacity	Radio briefing: Chennai, IN is stop 369 on the national route. Secure the Chennai Data Beacon in the Monsoon Megacity, finish the array filtering with predicates lesson, then extract the survivor team. New city feature: Triage sorter 1: even-number lanes lead to rescue while odd lanes become decoys.
370	lima_pe	Lima	PE	Diego	Latin Metro	Radio briefing: Lima, PE is stop 370 on the national route. Secure the Lima Command Obelisk in the Latin Metro, finish the loops, divisibility, and ordered branches lesson, then extract the survivor team. New city feature: Beacon cycle yard 2: numbered pylons emphasize checking 15 before 3 or 5.
371	bangkok_th	Bangkok	TH	Kyoko	Monsoon Port	Radio briefing: Bangkok, TH is stop 371 on the national route. Secure the Bangkok Relay Bridge in the Monsoon Port, finish the mirror checks and edge cases lesson, then extract the survivor team. New city feature: Mirror-code walk 3: paired light posts teach left/right character comparisons.
372	seoul_kr	Seoul	KR	Kyoko	Neon Megacity	Radio briefing: Seoul, KR is stop 372 on the national route. Secure the Seoul Power Crown in the Neon Megacity, finish the halving a sorted search space with bounds lesson, then extract the survivor team. New city feature: Sorted-cache vault 4: shrinking light bands show low, mid, and high bounds.
373	nagoya_jp	Nagoya	JP	Kyoko	Neon Megacity	Radio briefing: Nagoya, JP is stop 373 on the national route. Secure the Nagoya Signal Spire in the Neon Megacity, finish the stateful traversal through linked rescue nodes lesson, then extract the survivor team. New city feature: Evacuation chain 1: node markers show current, next, and stop sentinel movement.
374	hyderabad_in	Hyderabad	IN	Alex	Monsoon Megacity	Radio briefing: Hyderabad, IN is stop 374 on the national route. Secure the Hyderabad Rescue Arch in the Monsoon Megacity, finish the halving a sorted search space with bounds lesson, then extract the survivor team. New city feature: Sorted-cache vault 2: shrinking light bands show low, mid, and high bounds.
375	london_gb	London	GB	Daniel	Historic Core	Radio briefing: London, GB is stop 375 on the national route. Secure the London Data Beacon in the Historic Core, finish the array filtering with predicates lesson, then extract the survivor team. New city feature: Triage sorter 3: even-number lanes lead to rescue while odd lanes become decoys.
376	tehran_ir	Tehran	IR	Maged	Middle East Solar Hub	Radio briefing: Tehran, IR is stop 376 on the national route. Secure the Tehran Command Obelisk in the Middle East Solar Hub, finish the loops, divisibility, and ordered branches lesson, then extract the survivor team. New city feature: Beacon cycle yard 4: numbered pylons emphasize checking 15 before 3 or 5.
377	chengdu_cn	Chengdu	CN	Kyoko	Neon Megacity	Radio briefing: Chengdu, CN is stop 377 on the national route. Secure the Chengdu Relay Bridge in the Neon Megacity, finish the mirror checks and edge cases lesson, then extract the survivor team. New city feature: Mirror-code walk 1: paired light posts teach left/right character comparisons.
378	nanjing_cn	Nanjing	CN	Kyoko	Neon Megacity	Radio briefing: Nanjing, CN is stop 378 on the national route. Secure the Nanjing Power Crown in the Neon Megacity, finish the halving a sorted search space with bounds lesson, then extract the survivor team. New city feature: Sorted-cache vault 2: shrinking light bands show low, mid, and high bounds.
379	wuhan_cn	Wuhan	CN	Kyoko	Neon Megacity	Radio briefing: Wuhan, CN is stop 379 on the national route. Secure the Wuhan Signal Spire in the Neon Megacity, finish the stateful traversal through linked rescue nodes lesson, then extract the survivor team. New city feature: Evacuation chain 3: node markers show current, next, and stop sentinel movement.
380	ho_chi_minh_city_vn	Ho Chi Minh City	VN	Kyoko	Monsoon Port	Radio briefing: Ho Chi Minh City, VN is stop 380 on the national route. Secure the Ho Chi Minh City Rescue Arch in the Monsoon Port, finish the halving a sorted search space with bounds lesson, then extract the survivor team. New city feature: Sorted-cache vault 4: shrinking light bands show low, mid, and high bounds.
381	luanda_ao	Luanda	AO	Tessa	African Urban Relay	Radio briefing: Luanda, AO is stop 381 on the national route. Secure the Luanda Data Beacon in the African Urban Relay, finish the array filtering with predicates lesson, then extract the survivor team. New city feature: Triage sorter 1: even-number lanes lead to rescue while odd lanes become decoys.
382	ahmedabad_in	Ahmedabad	IN	Alex	Monsoon Megacity	Radio briefing: Ahmedabad, IN is stop 382 on the national route. Secure the Ahmedabad Command Obelisk in the Monsoon Megacity, finish the loops, divisibility, and ordered branches lesson, then extract the survivor team. New city feature: Beacon cycle yard 2: numbered pylons emphasize checking 15 before 3 or 5.
383	kuala_lumpur_my	Kuala Lumpur	MY	Kyoko	Monsoon Port	Radio briefing: Kuala Lumpur, MY is stop 383 on the national route. Secure the Kuala Lumpur Relay Bridge in the Monsoon Port, finish the mirror checks and edge cases lesson, then extract the survivor team. New city feature: Mirror-code walk 3: paired light posts teach left/right character comparisons.
384	xi_an_cn	Xi'an	CN	Kyoko	Neon Megacity	Radio briefing: Xi'an, CN is stop 384 on the national route. Secure the Xi'an Power Crown in the Neon Megacity, finish the halving a sorted search space with bounds lesson, then extract the survivor team. New city feature: Sorted-cache vault 4: shrinking light bands show low, mid, and high bounds.
385	hong_kong_hk	Hong Kong	HK	Kyoko	Neon Megacity	Radio briefing: Hong Kong, HK is stop 385 on the national route. Secure the Hong Kong Signal Spire in the Neon Megacity, finish the stateful traversal through linked rescue nodes lesson, then extract the survivor team. New city feature: Evacuation chain 1: node markers show current, next, and stop sentinel movement.
386	hangzhou_cn	Hangzhou	CN	Kyoko	Neon Megacity	Radio briefing: Hangzhou, CN is stop 386 on the national route. Secure the Hangzhou Rescue Arch in the Neon Megacity, finish the halving a sorted search space with bounds lesson, then extract the survivor team. New city feature: Sorted-cache vault 2: shrinking light bands show low, mid, and high bounds.
387	foshan_cn	Foshan	CN	Kyoko	Neon Megacity	Radio briefing: Foshan, CN is stop 387 on the national route. Secure the Foshan Data Beacon in the Neon Megacity, finish the array filtering with predicates lesson, then extract the survivor team. New city feature: Triage sorter 3: even-number lanes lead to rescue while odd lanes become decoys.
388	shenyang_cn	Shenyang	CN	Kyoko	Neon Megacity	Radio briefing: Shenyang, CN is stop 388 on the national route. Secure the Shenyang Command Obelisk in the Neon Megacity, finish the loops, divisibility, and ordered branches lesson, then extract the survivor team. New city feature: Beacon cycle yard 4: numbered pylons emphasize checking 15 before 3 or 5.
389	riyadh_sa	Riyadh	SA	Maged	Middle East Solar Hub	Radio briefing: Riyadh, SA is stop 389 on the national route. Secure the Riyadh Relay Bridge in the Middle East Solar Hub, finish the mirror checks and edge cases lesson, then extract the survivor team. New city feature: Mirror-code walk 1: paired light posts teach left/right character comparisons.
390	baghdad_iq	Baghdad	IQ	Maged	Middle East Solar Hub	Radio briefing: Baghdad, IQ is stop 390 on the national route. Secure the Baghdad Power Crown in the Middle East Solar Hub, finish the halving a sorted search space with bounds lesson, then extract the survivor team. New city feature: Sorted-cache vault 2: shrinking light bands show low, mid, and high bounds.
391	santiago_cl	Santiago	CL	Diego	Latin Metro	Radio briefing: Santiago, CL is stop 391 on the national route. Secure the Santiago Signal Spire in the Latin Metro, finish the stateful traversal through linked rescue nodes lesson, then extract the survivor team. New city feature: Evacuation chain 3: node markers show current, next, and stop sentinel movement.
392	surat_in	Surat	IN	Alex	Monsoon Megacity	Radio briefing: Surat, IN is stop 392 on the national route. Secure the Surat Rescue Arch in the Monsoon Megacity, finish the halving a sorted search space with bounds lesson, then extract the survivor team. New city feature: Sorted-cache vault 4: shrinking light bands show low, mid, and high bounds.
393	madrid_es	Madrid	ES	Daniel	Historic Core	Radio briefing: Madrid, ES is stop 393 on the national route. Secure the Madrid Data Beacon in the Historic Core, finish the array filtering with predicates lesson, then extract the survivor team. New city feature: Triage sorter 1: even-number lanes lead to rescue while odd lanes become decoys.
394	toronto_ca_on	Toronto	CA-ON	Samantha	Great Lakes Industrial	Radio briefing: Toronto, CA-ON is stop 394 on the national route. Secure the Toronto Command Obelisk in the Great Lakes Industrial, finish the loops, divisibility, and ordered branches lesson, then extract the survivor team. New city feature: Beacon cycle yard 2: numbered pylons emphasize checking 15 before 3 or 5.
395	belo_horizonte_br	Belo Horizonte	BR	Diego	Latin Metro	Radio briefing: Belo Horizonte, BR is stop 395 on the national route. Secure the Belo Horizonte Relay Bridge in the Latin Metro, finish the mirror checks and edge cases lesson, then extract the survivor team. New city feature: Mirror-code walk 3: paired light posts teach left/right character comparisons.
396	singapore_sg	Singapore	SG	Kyoko	Neon Megacity	Radio briefing: Singapore, SG is stop 396 on the national route. Secure the Singapore Power Crown in the Neon Megacity, finish the halving a sorted search space with bounds lesson, then extract the survivor team. New city feature: Sorted-cache vault 4: shrinking light bands show low, mid, and high bounds.
397	barcelona_es	Barcelona	ES	Daniel	Historic Core	Radio briefing: Barcelona, ES is stop 397 on the national route. Secure the Barcelona Signal Spire in the Historic Core, finish the stateful traversal through linked rescue nodes lesson, then extract the survivor team. New city feature: Evacuation chain 1: node markers show current, next, and stop sentinel movement.
398	alexandria_eg	Alexandria	EG	Tessa	African Urban Relay	Radio briefing: Alexandria, EG is stop 398 on the national route. Secure the Alexandria Rescue Arch in the African Urban Relay, finish the halving a sorted search space with bounds lesson, then extract the survivor team. New city feature: Sorted-cache vault 2: shrinking light bands show low, mid, and high bounds.
399	casablanca_ma	Casablanca	MA	Victoria	African Urban Relay	Radio briefing: Casablanca, MA is stop 399 on the national route. Secure the Casablanca Data Beacon in the African Urban Relay, finish the array filtering with predicates lesson, then extract the survivor team. New city feature: Triage sorter 3: even-number lanes lead to rescue while odd lanes become decoys.
400	melbourne_au	Melbourne	AU	Karen	Oceania Harbor	Radio briefing: Melbourne, AU is stop 400 on the national route. Secure the Melbourne Command Obelisk in the Oceania Harbor, finish the loops, divisibility, and ordered branches lesson, then extract the survivor team. New city feature: Beacon cycle yard 4: numbered pylons emphasize checking 15 before 3 or 5.
401	sydney_au	Sydney	AU	Karen	Oceania Harbor	Radio briefing: Sydney, AU is stop 401 on the national route. Secure the Sydney Relay Bridge in the Oceania Harbor, finish the mirror checks and edge cases lesson, then extract the survivor team. New city feature: Mirror-code walk 1: paired light posts teach left/right character comparisons.
402	berlin_de	Berlin	DE	Daniel	Historic Core	Radio briefing: Berlin, DE is stop 402 on the national route. Secure the Berlin Power Crown in the Historic Core, finish the halving a sorted search space with bounds lesson, then extract the survivor team. New city feature: Sorted-cache vault 2: shrinking light bands show low, mid, and high bounds.
403	rome_it	Rome	IT	Daniel	Historic Core	Radio briefing: Rome, IT is stop 403 on the national route. Secure the Rome Signal Spire in the Historic Core, finish the stateful traversal through linked rescue nodes lesson, then extract the survivor team. New city feature: Evacuation chain 3: node markers show current, next, and stop sentinel movement.
404	dubai_ae	Dubai	AE	Maged	Middle East Solar Hub	Radio briefing: Dubai, AE is stop 404 on the national route. Secure the Dubai Rescue Arch in the Middle East Solar Hub, finish the halving a sorted search space with bounds lesson, then extract the survivor team. New city feature: Sorted-cache vault 4: shrinking light bands show low, mid, and high bounds.
405	abu_dhabi_ae	Abu Dhabi	AE	Maged	Middle East Solar Hub	Radio briefing: Abu Dhabi, AE is stop 405 on the national route. Secure the Abu Dhabi Data Beacon in the Middle East Solar Hub, finish the array filtering with predicates lesson, then extract the survivor team. New city feature: Triage sorter 1: even-number lanes lead to rescue while odd lanes become decoys.
406	nairobi_ke	Nairobi	KE	Tessa	African Urban Relay	Radio briefing: Nairobi, KE is stop 406 on the national route. Secure the Nairobi Command Obelisk in the African Urban Relay, finish the loops, divisibility, and ordered branches lesson, then extract the survivor team. New city feature: Beacon cycle yard 2: numbered pylons emphasize checking 15 before 3 or 5.
407	johannesburg_za	Johannesburg	ZA	Tessa	African Urban Relay	Radio briefing: Johannesburg, ZA is stop 407 on the national route. Secure the Johannesburg Relay Bridge in the African Urban Relay, finish the mirror checks and edge cases lesson, then extract the survivor team. New city feature: Mirror-code walk 3: paired light posts teach left/right character comparisons.
408	cape_town_za	Cape Town	ZA	Tessa	African Urban Relay	Radio briefing: Cape Town, ZA is stop 408 on the national route. Secure the Cape Town Power Crown in the African Urban Relay, finish the halving a sorted search space with bounds lesson, then extract the survivor team. New city feature: Sorted-cache vault 4: shrinking light bands show low, mid, and high bounds.
409	addis_ababa_et	Addis Ababa	ET	Tessa	African Urban Relay	Radio briefing: Addis Ababa, ET is stop 409 on the national route. Secure the Addis Ababa Signal Spire in the African Urban Relay, finish the stateful traversal through linked rescue nodes lesson, then extract the survivor team. New city feature: Evacuation chain 1: node markers show current, next, and stop sentinel movement.
410	dar_es_salaam_tz	Dar es Salaam	TZ	Tessa	African Urban Relay	Radio briefing: Dar es Salaam, TZ is stop 410 on the national route. Secure the Dar es Salaam Rescue Arch in the African Urban Relay, finish the halving a sorted search space with bounds lesson, then extract the survivor team. New city feature: Sorted-cache vault 2: shrinking light bands show low, mid, and high bounds.
411	accra_gh	Accra	GH	Tessa	African Urban Relay	Radio briefing: Accra, GH is stop 411 on the national route. Secure the Accra Data Beacon in the African Urban Relay, finish the array filtering with predicates lesson, then extract the survivor team. New city feature: Triage sorter 3: even-number lanes lead to rescue while odd lanes become decoys.
412	abidjan_ci	Abidjan	CI	Tessa	African Urban Relay	Radio briefing: Abidjan, CI is stop 412 on the national route. Secure the Abidjan Command Obelisk in the African Urban Relay, finish the loops, divisibility, and ordered branches lesson, then extract the survivor team. New city feature: Beacon cycle yard 4: numbered pylons emphasize checking 15 before 3 or 5.
413	algiers_dz	Algiers	DZ	Tessa	African Urban Relay	Radio briefing: Algiers, DZ is stop 413 on the national route. Secure the Algiers Relay Bridge in the African Urban Relay, finish the mirror checks and edge cases lesson, then extract the survivor team. New city feature: Mirror-code walk 1: paired light posts teach left/right character comparisons.
414	tunis_tn	Tunis	TN	Daniel	African Urban Relay	Radio briefing: Tunis, TN is stop 414 on the national route. Secure the Tunis Power Crown in the African Urban Relay, finish the halving a sorted search space with bounds lesson, then extract the survivor team. New city feature: Sorted-cache vault 2: shrinking light bands show low, mid, and high bounds.
415	rabat_ma	Rabat	MA	Victoria	African Urban Relay	Radio briefing: Rabat, MA is stop 415 on the national route. Secure the Rabat Signal Spire in the African Urban Relay, finish the stateful traversal through linked rescue nodes lesson, then extract the survivor team. New city feature: Evacuation chain 3: node markers show current, next, and stop sentinel movement.
416	montreal_ca_qc	Montreal	CA-QC	Samantha	Great Lakes Industrial	Radio briefing: Montreal, CA-QC is stop 416 on the national route. Secure the Montreal Rescue Arch in the Great Lakes Industrial, finish the halving a sorted search space with bounds lesson, then extract the survivor team. New city feature: Sorted-cache vault 4: shrinking light bands show low, mid, and high bounds.
417	vancouver_ca_bc	Vancouver	CA-BC	Samantha	Great Lakes Industrial	Radio briefing: Vancouver, CA-BC is stop 417 on the national route. Secure the Vancouver Data Beacon in the Great Lakes Industrial, finish the array filtering with predicates lesson, then extract the survivor team. New city feature: Triage sorter 1: even-number lanes lead to rescue while odd lanes become decoys.
418	calgary_ca_ab	Calgary	CA-AB	Samantha	Great Lakes Industrial	Radio briefing: Calgary, CA-AB is stop 418 on the national route. Secure the Calgary Command Obelisk in the Great Lakes Industrial, finish the loops, divisibility, and ordered branches lesson, then extract the survivor team. New city feature: Beacon cycle yard 2: numbered pylons emphasize checking 15 before 3 or 5.
419	ottawa_ca_on	Ottawa	CA-ON	Samantha	Great Lakes Industrial	Radio briefing: Ottawa, CA-ON is stop 419 on the national route. Secure the Ottawa Relay Bridge in the Great Lakes Industrial, finish the mirror checks and edge cases lesson, then extract the survivor team. New city feature: Mirror-code walk 3: paired light posts teach left/right character comparisons.
420	havana_cu	Havana	CU	Diego	Latin Metro	Radio briefing: Havana, CU is stop 420 on the national route. Secure the Havana Power Crown in the Latin Metro, finish the halving a sorted search space with bounds lesson, then extract the survivor team. New city feature: Sorted-cache vault 4: shrinking light bands show low, mid, and high bounds.
421	santo_domingo_do	Santo Domingo	DO	Diego	Latin Metro	Radio briefing: Santo Domingo, DO is stop 421 on the national route. Secure the Santo Domingo Signal Spire in the Latin Metro, finish the stateful traversal through linked rescue nodes lesson, then extract the survivor team. New city feature: Evacuation chain 1: node markers show current, next, and stop sentinel movement.
422	guatemala_city_gt	Guatemala City	GT	Diego	Latin Metro	Radio briefing: Guatemala City, GT is stop 422 on the national route. Secure the Guatemala City Rescue Arch in the Latin Metro, finish the halving a sorted search space with bounds lesson, then extract the survivor team. New city feature: Sorted-cache vault 2: shrinking light bands show low, mid, and high bounds.
423	san_salvador_sv	San Salvador	SV	Diego	Latin Metro	Radio briefing: San Salvador, SV is stop 423 on the national route. Secure the San Salvador Data Beacon in the Latin Metro, finish the array filtering with predicates lesson, then extract the survivor team. New city feature: Triage sorter 3: even-number lanes lead to rescue while odd lanes become decoys.
424	panama_city_pa	Panama City	PA	Victoria	Latin Metro	Radio briefing: Panama City, PA is stop 424 on the national route. Secure the Panama City Command Obelisk in the Latin Metro, finish the loops, divisibility, and ordered branches lesson, then extract the survivor team. New city feature: Beacon cycle yard 4: numbered pylons emphasize checking 15 before 3 or 5.
425	quito_ec	Quito	EC	Diego	Latin Metro	Radio briefing: Quito, EC is stop 425 on the national route. Secure the Quito Relay Bridge in the Latin Metro, finish the mirror checks and edge cases lesson, then extract the survivor team. New city feature: Mirror-code walk 1: paired light posts teach left/right character comparisons.
426	caracas_ve	Caracas	VE	Diego	Latin Metro	Radio briefing: Caracas, VE is stop 426 on the national route. Secure the Caracas Power Crown in the Latin Metro, finish the halving a sorted search space with bounds lesson, then extract the survivor team. New city feature: Sorted-cache vault 2: shrinking light bands show low, mid, and high bounds.
427	medellin_co	Medellin	CO	Samantha	Latin Metro	Radio briefing: Medellin, CO is stop 427 on the national route. Secure the Medellin Signal Spire in the Latin Metro, finish the stateful traversal through linked rescue nodes lesson, then extract the survivor team. New city feature: Evacuation chain 3: node markers show current, next, and stop sentinel movement.
428	montevideo_uy	Montevideo	UY	Diego	Latin Metro	Radio briefing: Montevideo, UY is stop 428 on the national route. Secure the Montevideo Rescue Arch in the Latin Metro, finish the halving a sorted search space with bounds lesson, then extract the survivor team. New city feature: Sorted-cache vault 4: shrinking light bands show low, mid, and high bounds.
429	la_paz_bo	La Paz	BO	Diego	Latin Metro	Radio briefing: La Paz, BO is stop 429 on the national route. Secure the La Paz Data Beacon in the Latin Metro, finish the array filtering with predicates lesson, then extract the survivor team. New city feature: Triage sorter 1: even-number lanes lead to rescue while odd lanes become decoys.
430	asuncion_py	Asuncion	PY	Diego	Latin Metro	Radio briefing: Asuncion, PY is stop 430 on the national route. Secure the Asuncion Command Obelisk in the Latin Metro, finish the loops, divisibility, and ordered branches lesson, then extract the survivor team. New city feature: Beacon cycle yard 2: numbered pylons emphasize checking 15 before 3 or 5.
431	brasilia_br	Brasilia	BR	Diego	Latin Metro	Radio briefing: Brasilia, BR is stop 431 on the national route. Secure the Brasilia Relay Bridge in the Latin Metro, finish the mirror checks and edge cases lesson, then extract the survivor team. New city feature: Mirror-code walk 3: paired light posts teach left/right character comparisons.
432	recife_br	Recife	BR	Diego	Latin Metro	Radio briefing: Recife, BR is stop 432 on the national route. Secure the Recife Power Crown in the Latin Metro, finish the halving a sorted search space with bounds lesson, then extract the survivor team. New city feature: Sorted-cache vault 4: shrinking light bands show low, mid, and high bounds.
433	salvador_br	Salvador	BR	Diego	Latin Metro	Radio briefing: Salvador, BR is stop 433 on the national route. Secure the Salvador Signal Spire in the Latin Metro, finish the stateful traversal through linked rescue nodes lesson, then extract the survivor team. New city feature: Evacuation chain 1: node markers show current, next, and stop sentinel movement.
434	fortaleza_br	Fortaleza	BR	Diego	Latin Metro	Radio briefing: Fortaleza, BR is stop 434 on the national route. Secure the Fortaleza Rescue Arch in the Latin Metro, finish the halving a sorted search space with bounds lesson, then extract the survivor team. New city feature: Sorted-cache vault 2: shrinking light bands show low, mid, and high bounds.
435	manaus_br	Manaus	BR	Diego	Latin Metro	Radio briefing: Manaus, BR is stop 435 on the national route. Secure the Manaus Data Beacon in the Latin Metro, finish the array filtering with predicates lesson, then extract the survivor team. New city feature: Triage sorter 3: even-number lanes lead to rescue while odd lanes become decoys.
436	curitiba_br	Curitiba	BR	Diego	Latin Metro	Radio briefing: Curitiba, BR is stop 436 on the national route. Secure the Curitiba Command Obelisk in the Latin Metro, finish the loops, divisibility, and ordered branches lesson, then extract the survivor team. New city feature: Beacon cycle yard 4: numbered pylons emphasize checking 15 before 3 or 5.
437	porto_alegre_br	Porto Alegre	BR	Diego	Latin Metro	Radio briefing: Porto Alegre, BR is stop 437 on the national route. Secure the Porto Alegre Relay Bridge in the Latin Metro, finish the mirror checks and edge cases lesson, then extract the survivor team. New city feature: Mirror-code walk 1: paired light posts teach left/right character comparisons.
438	yokohama_jp	Yokohama	JP	Kyoko	Neon Megacity	Radio briefing: Yokohama, JP is stop 438 on the national route. Secure the Yokohama Power Crown in the Neon Megacity, finish the halving a sorted search space with bounds lesson, then extract the survivor team. New city feature: Sorted-cache vault 2: shrinking light bands show low, mid, and high bounds.
439	fukuoka_jp	Fukuoka	JP	Kyoko	Neon Megacity	Radio briefing: Fukuoka, JP is stop 439 on the national route. Secure the Fukuoka Signal Spire in the Neon Megacity, finish the stateful traversal through linked rescue nodes lesson, then extract the survivor team. New city feature: Evacuation chain 3: node markers show current, next, and stop sentinel movement.
440	sapporo_jp	Sapporo	JP	Kyoko	Neon Megacity	Radio briefing: Sapporo, JP is stop 440 on the national route. Secure the Sapporo Rescue Arch in the Neon Megacity, finish the halving a sorted search space with bounds lesson, then extract the survivor team. New city feature: Sorted-cache vault 4: shrinking light bands show low, mid, and high bounds.
441	taipei_tw	Taipei	TW	Kyoko	Neon Megacity	Radio briefing: Taipei, TW is stop 441 on the national route. Secure the Taipei Data Beacon in the Neon Megacity, finish the array filtering with predicates lesson, then extract the survivor team. New city feature: Triage sorter 1: even-number lanes lead to rescue while odd lanes become decoys.
442	kaohsiung_tw	Kaohsiung	TW	Kyoko	Neon Megacity	Radio briefing: Kaohsiung, TW is stop 442 on the national route. Secure the Kaohsiung Command Obelisk in the Neon Megacity, finish the loops, divisibility, and ordered branches lesson, then extract the survivor team. New city feature: Beacon cycle yard 2: numbered pylons emphasize checking 15 before 3 or 5.
443	quezon_city_ph	Quezon City	PH	Kyoko	Monsoon Port	Radio briefing: Quezon City, PH is stop 443 on the national route. Secure the Quezon City Relay Bridge in the Monsoon Port, finish the mirror checks and edge cases lesson, then extract the survivor team. New city feature: Mirror-code walk 3: paired light posts teach left/right character comparisons.
444	davao_city_ph	Davao City	PH	Kyoko	Monsoon Port	Radio briefing: Davao City, PH is stop 444 on the national route. Secure the Davao City Power Crown in the Monsoon Port, finish the halving a sorted search space with bounds lesson, then extract the survivor team. New city feature: Sorted-cache vault 4: shrinking light bands show low, mid, and high bounds.
445	hanoi_vn	Hanoi	VN	Kyoko	Monsoon Port	Radio briefing: Hanoi, VN is stop 445 on the national route. Secure the Hanoi Signal Spire in the Monsoon Port, finish the stateful traversal through linked rescue nodes lesson, then extract the survivor team. New city feature: Evacuation chain 1: node markers show current, next, and stop sentinel movement.
446	phnom_penh_kh	Phnom Penh	KH	Kyoko	Monsoon Port	Radio briefing: Phnom Penh, KH is stop 446 on the national route. Secure the Phnom Penh Rescue Arch in the Monsoon Port, finish the halving a sorted search space with bounds lesson, then extract the survivor team. New city feature: Sorted-cache vault 2: shrinking light bands show low, mid, and high bounds.
447	yangon_mm	Yangon	MM	Kyoko	Monsoon Port	Radio briefing: Yangon, MM is stop 447 on the national route. Secure the Yangon Data Beacon in the Monsoon Port, finish the array filtering with predicates lesson, then extract the survivor team. New city feature: Triage sorter 3: even-number lanes lead to rescue while odd lanes become decoys.
448	mandalay_mm	Mandalay	MM	Kyoko	Monsoon Port	Radio briefing: Mandalay, MM is stop 448 on the national route. Secure the Mandalay Command Obelisk in the Monsoon Port, finish the loops, divisibility, and ordered branches lesson, then extract the survivor team. New city feature: Beacon cycle yard 4: numbered pylons emphasize checking 15 before 3 or 5.
449	vientiane_lao	Vientiane	LAO	Kyoko	Monsoon Port	Radio briefing: Vientiane, LAO is stop 449 on the national route. Secure the Vientiane Relay Bridge in the Monsoon Port, finish the mirror checks and edge cases lesson, then extract the survivor team. New city feature: Mirror-code walk 1: paired light posts teach left/right character comparisons.
450	bandung_id	Bandung	ID	Samantha	Monsoon Port	Radio briefing: Bandung, ID is stop 450 on the national route. Secure the Bandung Power Crown in the Monsoon Port, finish the halving a sorted search space with bounds lesson, then extract the survivor team. New city feature: Sorted-cache vault 2: shrinking light bands show low, mid, and high bounds.
451	surabaya_id	Surabaya	ID	Samantha	Monsoon Port	Radio briefing: Surabaya, ID is stop 451 on the national route. Secure the Surabaya Signal Spire in the Monsoon Port, finish the stateful traversal through linked rescue nodes lesson, then extract the survivor team. New city feature: Evacuation chain 3: node markers show current, next, and stop sentinel movement.
452	medan_id	Medan	ID	Samantha	Monsoon Port	Radio briefing: Medan, ID is stop 452 on the national route. Secure the Medan Rescue Arch in the Monsoon Port, finish the halving a sorted search space with bounds lesson, then extract the survivor team. New city feature: Sorted-cache vault 4: shrinking light bands show low, mid, and high bounds.
453	denpasar_id	Denpasar	ID	Samantha	Monsoon Port	Radio briefing: Denpasar, ID is stop 453 on the national route. Secure the Denpasar Data Beacon in the Monsoon Port, finish the array filtering with predicates lesson, then extract the survivor team. New city feature: Triage sorter 1: even-number lanes lead to rescue while odd lanes become decoys.
454	auckland_nz	Auckland	NZ	Karen	Oceania Harbor	Radio briefing: Auckland, NZ is stop 454 on the national route. Secure the Auckland Command Obelisk in the Oceania Harbor, finish the loops, divisibility, and ordered branches lesson, then extract the survivor team. New city feature: Beacon cycle yard 2: numbered pylons emphasize checking 15 before 3 or 5.
455	warsaw_pl	Warsaw	PL	Daniel	Historic Core	Radio briefing: Warsaw, PL is stop 455 on the national route. Secure the Warsaw Relay Bridge in the Historic Core, finish the mirror checks and edge cases lesson, then extract the survivor team. New city feature: Mirror-code walk 3: paired light posts teach left/right character comparisons.
456	amsterdam_nl	Amsterdam	NL	Daniel	Historic Core	Radio briefing: Amsterdam, NL is stop 456 on the national route. Secure the Amsterdam Power Crown in the Historic Core, finish the halving a sorted search space with bounds lesson, then extract the survivor team. New city feature: Sorted-cache vault 4: shrinking light bands show low, mid, and high bounds.
457	lisbon_pt	Lisbon	PT	Daniel	Historic Core	Radio briefing: Lisbon, PT is stop 457 on the national route. Secure the Lisbon Signal Spire in the Historic Core, finish the stateful traversal through linked rescue nodes lesson, then extract the survivor team. New city feature: Evacuation chain 1: node markers show current, next, and stop sentinel movement.
458	rotterdam_nl	Rotterdam	NL	Daniel	Historic Core	Radio briefing: Rotterdam, NL is stop 458 on the national route. Secure the Rotterdam Rescue Arch in the Historic Core, finish the halving a sorted search space with bounds lesson, then extract the survivor team. New city feature: Sorted-cache vault 2: shrinking light bands show low, mid, and high bounds.
459	manchester_gb	Manchester	GB	Daniel	Historic Core	Radio briefing: Manchester, GB is stop 459 on the national route. Secure the Manchester Data Beacon in the Historic Core, finish the array filtering with predicates lesson, then extract the survivor team. New city feature: Triage sorter 3: even-number lanes lead to rescue while odd lanes become decoys.
460	birmingham_gb	Birmingham	GB	Daniel	Historic Core	Radio briefing: Birmingham, GB is stop 460 on the national route. Secure the Birmingham Command Obelisk in the Historic Core, finish the loops, divisibility, and ordered branches lesson, then extract the survivor team. New city feature: Beacon cycle yard 4: numbered pylons emphasize checking 15 before 3 or 5.
461	saint_petersburg_ru	Saint Petersburg	RU	Daniel	Historic Core	Radio briefing: Saint Petersburg, RU is stop 461 on the national route. Secure the Saint Petersburg Relay Bridge in the Historic Core, finish the mirror checks and edge cases lesson, then extract the survivor team. New city feature: Mirror-code walk 1: paired light posts teach left/right character comparisons.
462	moscow_ru	Moscow	RU	Daniel	Historic Core	Radio briefing: Moscow, RU is stop 462 on the national route. Secure the Moscow Power Crown in the Historic Core, finish the halving a sorted search space with bounds lesson, then extract the survivor team. New city feature: Sorted-cache vault 2: shrinking light bands show low, mid, and high bounds.
463	kyiv_ua	Kyiv	UA	Daniel	Historic Core	Radio briefing: Kyiv, UA is stop 463 on the national route. Secure the Kyiv Signal Spire in the Historic Core, finish the stateful traversal through linked rescue nodes lesson, then extract the survivor team. New city feature: Evacuation chain 3: node markers show current, next, and stop sentinel movement.
464	prague_cz	Prague	CZ	Daniel	Historic Core	Radio briefing: Prague, CZ is stop 464 on the national route. Secure the Prague Rescue Arch in the Historic Core, finish the halving a sorted search space with bounds lesson, then extract the survivor team. New city feature: Sorted-cache vault 4: shrinking light bands show low, mid, and high bounds.
465	vienna_at	Vienna	AT	Daniel	Historic Core	Radio briefing: Vienna, AT is stop 465 on the national route. Secure the Vienna Data Beacon in the Historic Core, finish the array filtering with predicates lesson, then extract the survivor team. New city feature: Triage sorter 1: even-number lanes lead to rescue while odd lanes become decoys.
