rank	slug	city	review_route	required_checks
1	new_york_ny	New York	spawn_pad > language_stations > mission_terminal > landmark > animation_stage > production_plaza > survivor_camp	no blocking entry rails; terminal readable; city identity visible; radio subtitle appears; character clips animate; production plaza readable; survivor route clear
2	los_angeles_ca	Los Angeles	spawn_pad > language_stations > mission_terminal > landmark > animation_stage > production_plaza > survivor_camp	no blocking entry rails; terminal readable; city identity visible; radio subtitle appears; character clips animate; production plaza readable; survivor route clear
3	chicago_il	Chicago	spawn_pad > language_stations > mission_terminal > landmark > animation_stage > production_plaza > survivor_camp	no blocking entry rails; terminal readable; city identity visible; radio subtitle appears; character clips animate; production plaza readable; survivor route clear
4	houston_tx	Houston	spawn_pad > language_stations > mission_terminal > landmark > animation_stage > production_plaza > survivor_camp	no blocking entry rails; terminal readable; city identity visible; radio subtitle appears; character clips animate; production plaza readable; survivor route clear
5	phoenix_az	Phoenix	spawn_pad > language_stations > mission_terminal > landmark > animation_stage > production_plaza > survivor_camp	no blocking entry rails; terminal readable; city identity visible; radio subtitle appears; character clips animate; production plaza readable; survivor route clear
6	philadelphia_pa	Philadelphia	spawn_pad > language_stations > mission_terminal > landmark > animation_stage > production_plaza > survivor_camp	no blocking entry rails; terminal readable; city identity visible; radio subtitle appears; character clips animate; production plaza readable; survivor route clear
7	san_antonio_tx	San Antonio	spawn_pad > language_stations > mission_terminal > landmark > animation_stage > production_plaza > survivor_camp	no blocking entry rails; terminal readable; city identity visible; radio subtitle appears; character clips animate; production plaza readable; survivor route clear
8	san_diego_ca	San Diego	spawn_pad > language_stations > mission_terminal > landmark > animation_stage > production_plaza > survivor_camp	no blocking entry rails; terminal readable; city identity visible; radio subtitle appears; character clips animate; production plaza readable; survivor route clear
9	dallas_tx	Dallas	spawn_pad > language_stations > mission_terminal > landmark > animation_stage > production_plaza > survivor_camp	no blocking entry rails; terminal readable; city identity visible; radio subtitle appears; character clips animate; production plaza readable; survivor route clear
10	jacksonville_fl	Jacksonville	spawn_pad > language_stations > mission_terminal > landmark > animation_stage > production_plaza > survivor_camp	no blocking entry rails; terminal readable; city identity visible; radio subtitle appears; character clips animate; production plaza readable; survivor route clear
11	fort_worth_tx	Fort Worth	spawn_pad > language_stations > mission_terminal > landmark > animation_stage > production_plaza > survivor_camp	no blocking entry rails; terminal readable; city identity visible; radio subtitle appears; character clips animate; production plaza readable; survivor route clear
12	san_jose_ca	San Jose	spawn_pad > language_stations > mission_terminal > landmark > animation_stage > production_plaza > survivor_camp	no blocking entry rails; terminal readable; city identity visible; radio subtitle appears; character clips animate; production plaza readable; survivor route clear
13	austin_tx	Austin	spawn_pad > language_stations > mission_terminal > landmark > animation_stage > production_plaza > survivor_camp	no blocking entry rails; terminal readable; city identity visible; radio subtitle appears; character clips animate; production plaza readable; survivor route clear
14	charlotte_nc	Charlotte	spawn_pad > language_stations > mission_terminal > landmark > animation_stage > production_plaza > survivor_camp	no blocking entry rails; terminal readable; city identity visible; radio subtitle appears; character clips animate; production plaza readable; survivor route clear
15	columbus_oh	Columbus	spawn_pad > language_stations > mission_terminal > landmark > animation_stage > production_plaza > survivor_camp	no blocking entry rails; terminal readable; city identity visible; radio subtitle appears; character clips animate; production plaza readable; survivor route clear
16	indianapolis_in	Indianapolis	spawn_pad > language_stations > mission_terminal > landmark > animation_stage > production_plaza > survivor_camp	no blocking entry rails; terminal readable; city identity visible; radio subtitle appears; character clips animate; production plaza readable; survivor route clear
17	san_francisco_ca	San Francisco	spawn_pad > language_stations > mission_terminal > landmark > animation_stage > production_plaza > survivor_camp	no blocking entry rails; terminal readable; city identity visible; radio subtitle appears; character clips animate; production plaza readable; survivor route clear
18	seattle_wa	Seattle	spawn_pad > language_stations > mission_terminal > landmark > animation_stage > production_plaza > survivor_camp	no blocking entry rails; terminal readable; city identity visible; radio subtitle appears; character clips animate; production plaza readable; survivor route clear
19	denver_co	Denver	spawn_pad > language_stations > mission_terminal > landmark > animation_stage > production_plaza > survivor_camp	no blocking entry rails; terminal readable; city identity visible; radio subtitle appears; character clips animate; production plaza readable; survivor route clear
20	oklahoma_city_ok	Oklahoma City	spawn_pad > language_stations > mission_terminal > landmark > animation_stage > production_plaza > survivor_camp	no blocking entry rails; terminal readable; city identity visible; radio subtitle appears; character clips animate; production plaza readable; survivor route clear
21	nashville_davidson_tn	Nashville-Davidson	spawn_pad > language_stations > mission_terminal > landmark > animation_stage > production_plaza > survivor_camp	no blocking entry rails; terminal readable; city identity visible; radio subtitle appears; character clips animate; production plaza readable; survivor route clear
22	washington_dc	Washington	spawn_pad > language_stations > mission_terminal > landmark > animation_stage > production_plaza > survivor_camp	no blocking entry rails; terminal readable; city identity visible; radio subtitle appears; character clips animate; production plaza readable; survivor route clear
23	el_paso_tx	El Paso	spawn_pad > language_stations > mission_terminal > landmark > animation_stage > production_plaza > survivor_camp	no blocking entry rails; terminal readable; city identity visible; radio subtitle appears; character clips animate; production plaza readable; survivor route clear
24	las_vegas_nv	Las Vegas	spawn_pad > language_stations > mission_terminal > landmark > animation_stage > production_plaza > survivor_camp	no blocking entry rails; terminal readable; city identity visible; radio subtitle appears; character clips animate; production plaza readable; survivor route clear
25	boston_ma	Boston	spawn_pad > language_stations > mission_terminal > landmark > animation_stage > production_plaza > survivor_camp	no blocking entry rails; terminal readable; city identity visible; radio subtitle appears; character clips animate; production plaza readable; survivor route clear
26	detroit_mi	Detroit	spawn_pad > language_stations > mission_terminal > landmark > animation_stage > production_plaza > survivor_camp	no blocking entry rails; terminal readable; city identity visible; radio subtitle appears; character clips animate; production plaza readable; survivor route clear
27	louisville_jefferson_county_ky	Louisville/Jefferson County	spawn_pad > language_stations > mission_terminal > landmark > animation_stage > production_plaza > survivor_camp	no blocking entry rails; terminal readable; city identity visible; radio subtitle appears; character clips animate; production plaza readable; survivor route clear
28	portland_or	Portland	spawn_pad > language_stations > mission_terminal > landmark > animation_stage > production_plaza > survivor_camp	no blocking entry rails; terminal readable; city identity visible; radio subtitle appears; character clips animate; production plaza readable; survivor route clear
29	memphis_tn	Memphis	spawn_pad > language_stations > mission_terminal > landmark > animation_stage > production_plaza > survivor_camp	no blocking entry rails; terminal readable; city identity visible; radio subtitle appears; character clips animate; production plaza readable; survivor route clear
30	baltimore_md	Baltimore	spawn_pad > language_stations > mission_terminal > landmark > animation_stage > production_plaza > survivor_camp	no blocking entry rails; terminal readable; city identity visible; radio subtitle appears; character clips animate; production plaza readable; survivor route clear
31	milwaukee_wi	Milwaukee	spawn_pad > language_stations > mission_terminal > landmark > animation_stage > production_plaza > survivor_camp	no blocking entry rails; terminal readable; city identity visible; radio subtitle appears; character clips animate; production plaza readable; survivor route clear
32	albuquerque_nm	Albuquerque	spawn_pad > language_stations > mission_terminal > landmark > animation_stage > production_plaza > survivor_camp	no blocking entry rails; terminal readable; city identity visible; radio subtitle appears; character clips animate; production plaza readable; survivor route clear
33	tucson_az	Tucson	spawn_pad > language_stations > mission_terminal > landmark > animation_stage > production_plaza > survivor_camp	no blocking entry rails; terminal readable; city identity visible; radio subtitle appears; character clips animate; production plaza readable; survivor route clear
34	fresno_ca	Fresno	spawn_pad > language_stations > mission_terminal > landmark > animation_stage > production_plaza > survivor_camp	no blocking entry rails; terminal readable; city identity visible; radio subtitle appears; character clips animate; production plaza readable; survivor route clear
35	sacramento_ca	Sacramento	spawn_pad > language_stations > mission_terminal > landmark > animation_stage > production_plaza > survivor_camp	no blocking entry rails; terminal readable; city identity visible; radio subtitle appears; character clips animate; production plaza readable; survivor route clear
36	atlanta_ga	Atlanta	spawn_pad > language_stations > mission_terminal > landmark > animation_stage > production_plaza > survivor_camp	no blocking entry rails; terminal readable; city identity visible; radio subtitle appears; character clips animate; production plaza readable; survivor route clear
37	mesa_az	Mesa	spawn_pad > language_stations > mission_terminal > landmark > animation_stage > production_plaza > survivor_camp	no blocking entry rails; terminal readable; city identity visible; radio subtitle appears; character clips animate; production plaza readable; survivor route clear
38	kansas_city_mo	Kansas City	spawn_pad > language_stations > mission_terminal > landmark > animation_stage > production_plaza > survivor_camp	no blocking entry rails; terminal readable; city identity visible; radio subtitle appears; character clips animate; production plaza readable; survivor route clear
39	raleigh_nc	Raleigh	spawn_pad > language_stations > mission_terminal > landmark > animation_stage > production_plaza > survivor_camp	no blocking entry rails; terminal readable; city identity visible; radio subtitle appears; character clips animate; production plaza readable; survivor route clear
40	colorado_springs_co	Colorado Springs	spawn_pad > language_stations > mission_terminal > landmark > animation_stage > production_plaza > survivor_camp	no blocking entry rails; terminal readable; city identity visible; radio subtitle appears; character clips animate; production plaza readable; survivor route clear
41	omaha_ne	Omaha	spawn_pad > language_stations > mission_terminal > landmark > animation_stage > production_plaza > survivor_camp	no blocking entry rails; terminal readable; city identity visible; radio subtitle appears; character clips animate; production plaza readable; survivor route clear
42	miami_fl	Miami	spawn_pad > language_stations > mission_terminal > landmark > animation_stage > production_plaza > survivor_camp	no blocking entry rails; terminal readable; city identity visible; radio subtitle appears; character clips animate; production plaza readable; survivor route clear
43	virginia_beach_va	Virginia Beach	spawn_pad > language_stations > mission_terminal > landmark > animation_stage > production_plaza > survivor_camp	no blocking entry rails; terminal readable; city identity visible; radio subtitle appears; character clips animate; production plaza readable; survivor route clear
44	long_beach_ca	Long Beach	spawn_pad > language_stations > mission_terminal > landmark > animation_stage > production_plaza > survivor_camp	no blocking entry rails; terminal readable; city identity visible; radio subtitle appears; character clips animate; production plaza readable; survivor route clear
45	oakland_ca	Oakland	spawn_pad > language_stations > mission_terminal > landmark > animation_stage > production_plaza > survivor_camp	no blocking entry rails; terminal readable; city identity visible; radio subtitle appears; character clips animate; production plaza readable; survivor route clear
46	minneapolis_mn	Minneapolis	spawn_pad > language_stations > mission_terminal > landmark > animation_stage > production_plaza > survivor_camp	no blocking entry rails; terminal readable; city identity visible; radio subtitle appears; character clips animate; production plaza readable; survivor route clear
47	bakersfield_ca	Bakersfield	spawn_pad > language_stations > mission_terminal > landmark > animation_stage > production_plaza > survivor_camp	no blocking entry rails; terminal readable; city identity visible; radio subtitle appears; character clips animate; production plaza readable; survivor route clear
48	tulsa_ok	Tulsa	spawn_pad > language_stations > mission_terminal > landmark > animation_stage > production_plaza > survivor_camp	no blocking entry rails; terminal readable; city identity visible; radio subtitle appears; character clips animate; production plaza readable; survivor route clear
49	tampa_fl	Tampa	spawn_pad > language_stations > mission_terminal > landmark > animation_stage > production_plaza > survivor_camp	no blocking entry rails; terminal readable; city identity visible; radio subtitle appears; character clips animate; production plaza readable; survivor route clear
50	arlington_tx	Arlington	spawn_pad > language_stations > mission_terminal > landmark > animation_stage > production_plaza > survivor_camp	no blocking entry rails; terminal readable; city identity visible; radio subtitle appears; character clips animate; production plaza readable; survivor route clear
51	aurora_co	Aurora	spawn_pad > language_stations > mission_terminal > landmark > animation_stage > production_plaza > survivor_camp	no blocking entry rails; terminal readable; city identity visible; radio subtitle appears; character clips animate; production plaza readable; survivor route clear
52	wichita_ks	Wichita	spawn_pad > language_stations > mission_terminal > landmark > animation_stage > production_plaza > survivor_camp	no blocking entry rails; terminal readable; city identity visible; radio subtitle appears; character clips animate; production plaza readable; survivor route clear
53	cleveland_oh	Cleveland	spawn_pad > language_stations > mission_terminal > landmark > animation_stage > production_plaza > survivor_camp	no blocking entry rails; terminal readable; city identity visible; radio subtitle appears; character clips animate; production plaza readable; survivor route clear
54	new_orleans_la	New Orleans	spawn_pad > language_stations > mission_terminal > landmark > animation_stage > production_plaza > survivor_camp	no blocking entry rails; terminal readable; city identity visible; radio subtitle appears; character clips animate; production plaza readable; survivor route clear
55	henderson_nv	Henderson	spawn_pad > language_stations > mission_terminal > landmark > animation_stage > production_plaza > survivor_camp	no blocking entry rails; terminal readable; city identity visible; radio subtitle appears; character clips animate; production plaza readable; survivor route clear
56	urban_honolulu_hi	Urban Honolulu	spawn_pad > language_stations > mission_terminal > landmark > animation_stage > production_plaza > survivor_camp	no blocking entry rails; terminal readable; city identity visible; radio subtitle appears; character clips animate; production plaza readable; survivor route clear
57	anaheim_ca	Anaheim	spawn_pad > language_stations > mission_terminal > landmark > animation_stage > production_plaza > survivor_camp	no blocking entry rails; terminal readable; city identity visible; radio subtitle appears; character clips animate; production plaza readable; survivor route clear
58	orlando_fl	Orlando	spawn_pad > language_stations > mission_terminal > landmark > animation_stage > production_plaza > survivor_camp	no blocking entry rails; terminal readable; city identity visible; radio subtitle appears; character clips animate; production plaza readable; survivor route clear
59	lexington_fayette_ky	Lexington-Fayette	spawn_pad > language_stations > mission_terminal > landmark > animation_stage > production_plaza > survivor_camp	no blocking entry rails; terminal readable; city identity visible; radio subtitle appears; character clips animate; production plaza readable; survivor route clear
60	stockton_ca	Stockton	spawn_pad > language_stations > mission_terminal > landmark > animation_stage > production_plaza > survivor_camp	no blocking entry rails; terminal readable; city identity visible; radio subtitle appears; character clips animate; production plaza readable; survivor route clear
61	riverside_ca	Riverside	spawn_pad > language_stations > mission_terminal > landmark > animation_stage > production_plaza > survivor_camp	no blocking entry rails; terminal readable; city identity visible; radio subtitle appears; character clips animate; production plaza readable; survivor route clear
62	irvine_ca	Irvine	spawn_pad > language_stations > mission_terminal > landmark > animation_stage > production_plaza > survivor_camp	no blocking entry rails; terminal readable; city identity visible; radio subtitle appears; character clips animate; production plaza readable; survivor route clear
63	corpus_christi_tx	Corpus Christi	spawn_pad > language_stations > mission_terminal > landmark > animation_stage > production_plaza > survivor_camp	no blocking entry rails; terminal readable; city identity visible; radio subtitle appears; character clips animate; production plaza readable; survivor route clear
64	newark_nj	Newark	spawn_pad > language_stations > mission_terminal > landmark > animation_stage > production_plaza > survivor_camp	no blocking entry rails; terminal readable; city identity visible; radio subtitle appears; character clips animate; production plaza readable; survivor route clear
65	santa_ana_ca	Santa Ana	spawn_pad > language_stations > mission_terminal > landmark > animation_stage > production_plaza > survivor_camp	no blocking entry rails; terminal readable; city identity visible; radio subtitle appears; character clips animate; production plaza readable; survivor route clear
66	cincinnati_oh	Cincinnati	spawn_pad > language_stations > mission_terminal > landmark > animation_stage > production_plaza > survivor_camp	no blocking entry rails; terminal readable; city identity visible; radio subtitle appears; character clips animate; production plaza readable; survivor route clear
67	pittsburgh_pa	Pittsburgh	spawn_pad > language_stations > mission_terminal > landmark > animation_stage > production_plaza > survivor_camp	no blocking entry rails; terminal readable; city identity visible; radio subtitle appears; character clips animate; production plaza readable; survivor route clear
68	st_paul_mn	St. Paul	spawn_pad > language_stations > mission_terminal > landmark > animation_stage > production_plaza > survivor_camp	no blocking entry rails; terminal readable; city identity visible; radio subtitle appears; character clips animate; production plaza readable; survivor route clear
69	greensboro_nc	Greensboro	spawn_pad > language_stations > mission_terminal > landmark > animation_stage > production_plaza > survivor_camp	no blocking entry rails; terminal readable; city identity visible; radio subtitle appears; character clips animate; production plaza readable; survivor route clear
70	jersey_city_nj	Jersey City	spawn_pad > language_stations > mission_terminal > landmark > animation_stage > production_plaza > survivor_camp	no blocking entry rails; terminal readable; city identity visible; radio subtitle appears; character clips animate; production plaza readable; survivor route clear
71	durham_nc	Durham	spawn_pad > language_stations > mission_terminal > landmark > animation_stage > production_plaza > survivor_camp	no blocking entry rails; terminal readable; city identity visible; radio subtitle appears; character clips animate; production plaza readable; survivor route clear
72	lincoln_ne	Lincoln	spawn_pad > language_stations > mission_terminal > landmark > animation_stage > production_plaza > survivor_camp	no blocking entry rails; terminal readable; city identity visible; radio subtitle appears; character clips animate; production plaza readable; survivor route clear
73	north_las_vegas_nv	North Las Vegas	spawn_pad > language_stations > mission_terminal > landmark > animation_stage > production_plaza > survivor_camp	no blocking entry rails; terminal readable; city identity visible; radio subtitle appears; character clips animate; production plaza readable; survivor route clear
74	plano_tx	Plano	spawn_pad > language_stations > mission_terminal > landmark > animation_stage > production_plaza > survivor_camp	no blocking entry rails; terminal readable; city identity visible; radio subtitle appears; character clips animate; production plaza readable; survivor route clear
75	anchorage_ak	Anchorage	spawn_pad > language_stations > mission_terminal > landmark > animation_stage > production_plaza > survivor_camp	no blocking entry rails; terminal readable; city identity visible; radio subtitle appears; character clips animate; production plaza readable; survivor route clear
76	gilbert_az	Gilbert	spawn_pad > language_stations > mission_terminal > landmark > animation_stage > production_plaza > survivor_camp	no blocking entry rails; terminal readable; city identity visible; radio subtitle appears; character clips animate; production plaza readable; survivor route clear
77	madison_wi	Madison	spawn_pad > language_stations > mission_terminal > landmark > animation_stage > production_plaza > survivor_camp	no blocking entry rails; terminal readable; city identity visible; radio subtitle appears; character clips animate; production plaza readable; survivor route clear
78	reno_nv	Reno	spawn_pad > language_stations > mission_terminal > landmark > animation_stage > production_plaza > survivor_camp	no blocking entry rails; terminal readable; city identity visible; radio subtitle appears; character clips animate; production plaza readable; survivor route clear
79	chandler_az	Chandler	spawn_pad > language_stations > mission_terminal > landmark > animation_stage > production_plaza > survivor_camp	no blocking entry rails; terminal readable; city identity visible; radio subtitle appears; character clips animate; production plaza readable; survivor route clear
80	st_louis_mo	St. Louis	spawn_pad > language_stations > mission_terminal > landmark > animation_stage > production_plaza > survivor_camp	no blocking entry rails; terminal readable; city identity visible; radio subtitle appears; character clips animate; production plaza readable; survivor route clear
81	chula_vista_ca	Chula Vista	spawn_pad > language_stations > mission_terminal > landmark > animation_stage > production_plaza > survivor_camp	no blocking entry rails; terminal readable; city identity visible; radio subtitle appears; character clips animate; production plaza readable; survivor route clear
82	buffalo_ny	Buffalo	spawn_pad > language_stations > mission_terminal > landmark > animation_stage > production_plaza > survivor_camp	no blocking entry rails; terminal readable; city identity visible; radio subtitle appears; character clips animate; production plaza readable; survivor route clear
83	fort_wayne_in	Fort Wayne	spawn_pad > language_stations > mission_terminal > landmark > animation_stage > production_plaza > survivor_camp	no blocking entry rails; terminal readable; city identity visible; radio subtitle appears; character clips animate; production plaza readable; survivor route clear
84	lubbock_tx	Lubbock	spawn_pad > language_stations > mission_terminal > landmark > animation_stage > production_plaza > survivor_camp	no blocking entry rails; terminal readable; city identity visible; radio subtitle appears; character clips animate; production plaza readable; survivor route clear
85	st_petersburg_fl	St. Petersburg	spawn_pad > language_stations > mission_terminal > landmark > animation_stage > production_plaza > survivor_camp	no blocking entry rails; terminal readable; city identity visible; radio subtitle appears; character clips animate; production plaza readable; survivor route clear
86	toledo_oh	Toledo	spawn_pad > language_stations > mission_terminal > landmark > animation_stage > production_plaza > survivor_camp	no blocking entry rails; terminal readable; city identity visible; radio subtitle appears; character clips animate; production plaza readable; survivor route clear
87	laredo_tx	Laredo	spawn_pad > language_stations > mission_terminal > landmark > animation_stage > production_plaza > survivor_camp	no blocking entry rails; terminal readable; city identity visible; radio subtitle appears; character clips animate; production plaza readable; survivor route clear
88	port_st_lucie_fl	Port St. Lucie	spawn_pad > language_stations > mission_terminal > landmark > animation_stage > production_plaza > survivor_camp	no blocking entry rails; terminal readable; city identity visible; radio subtitle appears; character clips animate; production plaza readable; survivor route clear
89	glendale_az	Glendale	spawn_pad > language_stations > mission_terminal > landmark > animation_stage > production_plaza > survivor_camp	no blocking entry rails; terminal readable; city identity visible; radio subtitle appears; character clips animate; production plaza readable; survivor route clear
90	irving_tx	Irving	spawn_pad > language_stations > mission_terminal > landmark > animation_stage > production_plaza > survivor_camp	no blocking entry rails; terminal readable; city identity visible; radio subtitle appears; character clips animate; production plaza readable; survivor route clear
91	winston_salem_nc	Winston-Salem	spawn_pad > language_stations > mission_terminal > landmark > animation_stage > production_plaza > survivor_camp	no blocking entry rails; terminal readable; city identity visible; radio subtitle appears; character clips animate; production plaza readable; survivor route clear
92	chesapeake_va	Chesapeake	spawn_pad > language_stations > mission_terminal > landmark > animation_stage > production_plaza > survivor_camp	no blocking entry rails; terminal readable; city identity visible; radio subtitle appears; character clips animate; production plaza readable; survivor route clear
93	garland_tx	Garland	spawn_pad > language_stations > mission_terminal > landmark > animation_stage > production_plaza > survivor_camp	no blocking entry rails; terminal readable; city identity visible; radio subtitle appears; character clips animate; production plaza readable; survivor route clear
94	scottsdale_az	Scottsdale	spawn_pad > language_stations > mission_terminal > landmark > animation_stage > production_plaza > survivor_camp	no blocking entry rails; terminal readable; city identity visible; radio subtitle appears; character clips animate; production plaza readable; survivor route clear
95	boise_city_id	Boise City	spawn_pad > language_stations > mission_terminal > landmark > animation_stage > production_plaza > survivor_camp	no blocking entry rails; terminal readable; city identity visible; radio subtitle appears; character clips animate; production plaza readable; survivor route clear
96	hialeah_fl	Hialeah	spawn_pad > language_stations > mission_terminal > landmark > animation_stage > production_plaza > survivor_camp	no blocking entry rails; terminal readable; city identity visible; radio subtitle appears; character clips animate; production plaza readable; survivor route clear
97	frisco_tx	Frisco	spawn_pad > language_stations > mission_terminal > landmark > animation_stage > production_plaza > survivor_camp	no blocking entry rails; terminal readable; city identity visible; radio subtitle appears; character clips animate; production plaza readable; survivor route clear
98	richmond_va	Richmond	spawn_pad > language_stations > mission_terminal > landmark > animation_stage > production_plaza > survivor_camp	no blocking entry rails; terminal readable; city identity visible; radio subtitle appears; character clips animate; production plaza readable; survivor route clear
99	cape_coral_fl	Cape Coral	spawn_pad > language_stations > mission_terminal > landmark > animation_stage > production_plaza > survivor_camp	no blocking entry rails; terminal readable; city identity visible; radio subtitle appears; character clips animate; production plaza readable; survivor route clear
100	norfolk_va	Norfolk	spawn_pad > language_stations > mission_terminal > landmark > animation_stage > production_plaza > survivor_camp	no blocking entry rails; terminal readable; city identity visible; radio subtitle appears; character clips animate; production plaza readable; survivor route clear
101	spokane_wa	Spokane	spawn_pad > language_stations > mission_terminal > landmark > animation_stage > production_plaza > survivor_camp	no blocking entry rails; terminal readable; city identity visible; radio subtitle appears; character clips animate; production plaza readable; survivor route clear
102	huntsville_al	Huntsville	spawn_pad > language_stations > mission_terminal > landmark > animation_stage > production_plaza > survivor_camp	no blocking entry rails; terminal readable; city identity visible; radio subtitle appears; character clips animate; production plaza readable; survivor route clear
103	santa_clarita_ca	Santa Clarita	spawn_pad > language_stations > mission_terminal > landmark > animation_stage > production_plaza > survivor_camp	no blocking entry rails; terminal readable; city identity visible; radio subtitle appears; character clips animate; production plaza readable; survivor route clear
104	tacoma_wa	Tacoma	spawn_pad > language_stations > mission_terminal > landmark > animation_stage > production_plaza > survivor_camp	no blocking entry rails; terminal readable; city identity visible; radio subtitle appears; character clips animate; production plaza readable; survivor route clear
105	fremont_ca	Fremont	spawn_pad > language_stations > mission_terminal > landmark > animation_stage > production_plaza > survivor_camp	no blocking entry rails; terminal readable; city identity visible; radio subtitle appears; character clips animate; production plaza readable; survivor route clear
106	mckinney_tx	McKinney	spawn_pad > language_stations > mission_terminal > landmark > animation_stage > production_plaza > survivor_camp	no blocking entry rails; terminal readable; city identity visible; radio subtitle appears; character clips animate; production plaza readable; survivor route clear
107	san_bernardino_ca	San Bernardino	spawn_pad > language_stations > mission_terminal > landmark > animation_stage > production_plaza > survivor_camp	no blocking entry rails; terminal readable; city identity visible; radio subtitle appears; character clips animate; production plaza readable; survivor route clear
108	baton_rouge_la	Baton Rouge	spawn_pad > language_stations > mission_terminal > landmark > animation_stage > production_plaza > survivor_camp	no blocking entry rails; terminal readable; city identity visible; radio subtitle appears; character clips animate; production plaza readable; survivor route clear
109	modesto_ca	Modesto	spawn_pad > language_stations > mission_terminal > landmark > animation_stage > production_plaza > survivor_camp	no blocking entry rails; terminal readable; city identity visible; radio subtitle appears; character clips animate; production plaza readable; survivor route clear
110	fontana_ca	Fontana	spawn_pad > language_stations > mission_terminal > landmark > animation_stage > production_plaza > survivor_camp	no blocking entry rails; terminal readable; city identity visible; radio subtitle appears; character clips animate; production plaza readable; survivor route clear
111	salt_lake_city_ut	Salt Lake City	spawn_pad > language_stations > mission_terminal > landmark > animation_stage > production_plaza > survivor_camp	no blocking entry rails; terminal readable; city identity visible; radio subtitle appears; character clips animate; production plaza readable; survivor route clear
112	moreno_valley_ca	Moreno Valley	spawn_pad > language_stations > mission_terminal > landmark > animation_stage > production_plaza > survivor_camp	no blocking entry rails; terminal readable; city identity visible; radio subtitle appears; character clips animate; production plaza readable; survivor route clear
113	des_moines_ia	Des Moines	spawn_pad > language_stations > mission_terminal > landmark > animation_stage > production_plaza > survivor_camp	no blocking entry rails; terminal readable; city identity visible; radio subtitle appears; character clips animate; production plaza readable; survivor route clear
114	worcester_ma	Worcester	spawn_pad > language_stations > mission_terminal > landmark > animation_stage > production_plaza > survivor_camp	no blocking entry rails; terminal readable; city identity visible; radio subtitle appears; character clips animate; production plaza readable; survivor route clear
115	yonkers_ny	Yonkers	spawn_pad > language_stations > mission_terminal > landmark > animation_stage > production_plaza > survivor_camp	no blocking entry rails; terminal readable; city identity visible; radio subtitle appears; character clips animate; production plaza readable; survivor route clear
116	fayetteville_nc	Fayetteville	spawn_pad > language_stations > mission_terminal > landmark > animation_stage > production_plaza > survivor_camp	no blocking entry rails; terminal readable; city identity visible; radio subtitle appears; character clips animate; production plaza readable; survivor route clear
117	sioux_falls_sd	Sioux Falls	spawn_pad > language_stations > mission_terminal > landmark > animation_stage > production_plaza > survivor_camp	no blocking entry rails; terminal readable; city identity visible; radio subtitle appears; character clips animate; production plaza readable; survivor route clear
118	grand_prairie_tx	Grand Prairie	spawn_pad > language_stations > mission_terminal > landmark > animation_stage > production_plaza > survivor_camp	no blocking entry rails; terminal readable; city identity visible; radio subtitle appears; character clips animate; production plaza readable; survivor route clear
119	rochester_ny	Rochester	spawn_pad > language_stations > mission_terminal > landmark > animation_stage > production_plaza > survivor_camp	no blocking entry rails; terminal readable; city identity visible; radio subtitle appears; character clips animate; production plaza readable; survivor route clear
120	tallahassee_fl	Tallahassee	spawn_pad > language_stations > mission_terminal > landmark > animation_stage > production_plaza > survivor_camp	no blocking entry rails; terminal readable; city identity visible; radio subtitle appears; character clips animate; production plaza readable; survivor route clear
121	little_rock_ar	Little Rock	spawn_pad > language_stations > mission_terminal > landmark > animation_stage > production_plaza > survivor_camp	no blocking entry rails; terminal readable; city identity visible; radio subtitle appears; character clips animate; production plaza readable; survivor route clear
122	amarillo_tx	Amarillo	spawn_pad > language_stations > mission_terminal > landmark > animation_stage > production_plaza > survivor_camp	no blocking entry rails; terminal readable; city identity visible; radio subtitle appears; character clips animate; production plaza readable; survivor route clear
123	overland_park_ks	Overland Park	spawn_pad > language_stations > mission_terminal > landmark > animation_stage > production_plaza > survivor_camp	no blocking entry rails; terminal readable; city identity visible; radio subtitle appears; character clips animate; production plaza readable; survivor route clear
124	columbus_ga	Columbus	spawn_pad > language_stations > mission_terminal > landmark > animation_stage > production_plaza > survivor_camp	no blocking entry rails; terminal readable; city identity visible; radio subtitle appears; character clips animate; production plaza readable; survivor route clear
125	augusta_richmond_county_ga	Augusta-Richmond County	spawn_pad > language_stations > mission_terminal > landmark > animation_stage > production_plaza > survivor_camp	no blocking entry rails; terminal readable; city identity visible; radio subtitle appears; character clips animate; production plaza readable; survivor route clear
126	mobile_al	Mobile	spawn_pad > language_stations > mission_terminal > landmark > animation_stage > production_plaza > survivor_camp	no blocking entry rails; terminal readable; city identity visible; radio subtitle appears; character clips animate; production plaza readable; survivor route clear
127	oxnard_ca	Oxnard	spawn_pad > language_stations > mission_terminal > landmark > animation_stage > production_plaza > survivor_camp	no blocking entry rails; terminal readable; city identity visible; radio subtitle appears; character clips animate; production plaza readable; survivor route clear
128	grand_rapids_mi	Grand Rapids	spawn_pad > language_stations > mission_terminal > landmark > animation_stage > production_plaza > survivor_camp	no blocking entry rails; terminal readable; city identity visible; radio subtitle appears; character clips animate; production plaza readable; survivor route clear
129	peoria_az	Peoria	spawn_pad > language_stations > mission_terminal > landmark > animation_stage > production_plaza > survivor_camp	no blocking entry rails; terminal readable; city identity visible; radio subtitle appears; character clips animate; production plaza readable; survivor route clear
130	vancouver_wa	Vancouver	spawn_pad > language_stations > mission_terminal > landmark > animation_stage > production_plaza > survivor_camp	no blocking entry rails; terminal readable; city identity visible; radio subtitle appears; character clips animate; production plaza readable; survivor route clear
131	knoxville_tn	Knoxville	spawn_pad > language_stations > mission_terminal > landmark > animation_stage > production_plaza > survivor_camp	no blocking entry rails; terminal readable; city identity visible; radio subtitle appears; character clips animate; production plaza readable; survivor route clear
132	birmingham_al	Birmingham	spawn_pad > language_stations > mission_terminal > landmark > animation_stage > production_plaza > survivor_camp	no blocking entry rails; terminal readable; city identity visible; radio subtitle appears; character clips animate; production plaza readable; survivor route clear
133	montgomery_al	Montgomery	spawn_pad > language_stations > mission_terminal > landmark > animation_stage > production_plaza > survivor_camp	no blocking entry rails; terminal readable; city identity visible; radio subtitle appears; character clips animate; production plaza readable; survivor route clear
134	providence_ri	Providence	spawn_pad > language_stations > mission_terminal > landmark > animation_stage > production_plaza > survivor_camp	no blocking entry rails; terminal readable; city identity visible; radio subtitle appears; character clips animate; production plaza readable; survivor route clear
135	huntington_beach_ca	Huntington Beach	spawn_pad > language_stations > mission_terminal > landmark > animation_stage > production_plaza > survivor_camp	no blocking entry rails; terminal readable; city identity visible; radio subtitle appears; character clips animate; production plaza readable; survivor route clear
136	brownsville_tx	Brownsville	spawn_pad > language_stations > mission_terminal > landmark > animation_stage > production_plaza > survivor_camp	no blocking entry rails; terminal readable; city identity visible; radio subtitle appears; character clips animate; production plaza readable; survivor route clear
137	chattanooga_tn	Chattanooga	spawn_pad > language_stations > mission_terminal > landmark > animation_stage > production_plaza > survivor_camp	no blocking entry rails; terminal readable; city identity visible; radio subtitle appears; character clips animate; production plaza readable; survivor route clear
138	fort_lauderdale_fl	Fort Lauderdale	spawn_pad > language_stations > mission_terminal > landmark > animation_stage > production_plaza > survivor_camp	no blocking entry rails; terminal readable; city identity visible; radio subtitle appears; character clips animate; production plaza readable; survivor route clear
139	tempe_az	Tempe	spawn_pad > language_stations > mission_terminal > landmark > animation_stage > production_plaza > survivor_camp	no blocking entry rails; terminal readable; city identity visible; radio subtitle appears; character clips animate; production plaza readable; survivor route clear
140	akron_oh	Akron	spawn_pad > language_stations > mission_terminal > landmark > animation_stage > production_plaza > survivor_camp	no blocking entry rails; terminal readable; city identity visible; radio subtitle appears; character clips animate; production plaza readable; survivor route clear
141	glendale_ca	Glendale	spawn_pad > language_stations > mission_terminal > landmark > animation_stage > production_plaza > survivor_camp	no blocking entry rails; terminal readable; city identity visible; radio subtitle appears; character clips animate; production plaza readable; survivor route clear
142	clarksville_tn	Clarksville	spawn_pad > language_stations > mission_terminal > landmark > animation_stage > production_plaza > survivor_camp	no blocking entry rails; terminal readable; city identity visible; radio subtitle appears; character clips animate; production plaza readable; survivor route clear
143	ontario_ca	Ontario	spawn_pad > language_stations > mission_terminal > landmark > animation_stage > production_plaza > survivor_camp	no blocking entry rails; terminal readable; city identity visible; radio subtitle appears; character clips animate; production plaza readable; survivor route clear
144	newport_news_va	Newport News	spawn_pad > language_stations > mission_terminal > landmark > animation_stage > production_plaza > survivor_camp	no blocking entry rails; terminal readable; city identity visible; radio subtitle appears; character clips animate; production plaza readable; survivor route clear
145	elk_grove_ca	Elk Grove	spawn_pad > language_stations > mission_terminal > landmark > animation_stage > production_plaza > survivor_camp	no blocking entry rails; terminal readable; city identity visible; radio subtitle appears; character clips animate; production plaza readable; survivor route clear
146	cary_nc	Cary	spawn_pad > language_stations > mission_terminal > landmark > animation_stage > production_plaza > survivor_camp	no blocking entry rails; terminal readable; city identity visible; radio subtitle appears; character clips animate; production plaza readable; survivor route clear
147	aurora_il	Aurora	spawn_pad > language_stations > mission_terminal > landmark > animation_stage > production_plaza > survivor_camp	no blocking entry rails; terminal readable; city identity visible; radio subtitle appears; character clips animate; production plaza readable; survivor route clear
148	salem_or	Salem	spawn_pad > language_stations > mission_terminal > landmark > animation_stage > production_plaza > survivor_camp	no blocking entry rails; terminal readable; city identity visible; radio subtitle appears; character clips animate; production plaza readable; survivor route clear
149	pembroke_pines_fl	Pembroke Pines	spawn_pad > language_stations > mission_terminal > landmark > animation_stage > production_plaza > survivor_camp	no blocking entry rails; terminal readable; city identity visible; radio subtitle appears; character clips animate; production plaza readable; survivor route clear
150	eugene_or	Eugene	spawn_pad > language_stations > mission_terminal > landmark > animation_stage > production_plaza > survivor_camp	no blocking entry rails; terminal readable; city identity visible; radio subtitle appears; character clips animate; production plaza readable; survivor route clear
151	santa_rosa_ca	Santa Rosa	spawn_pad > language_stations > mission_terminal > landmark > animation_stage > production_plaza > survivor_camp	no blocking entry rails; terminal readable; city identity visible; radio subtitle appears; character clips animate; production plaza readable; survivor route clear
152	rancho_cucamonga_ca	Rancho Cucamonga	spawn_pad > language_stations > mission_terminal > landmark > animation_stage > production_plaza > survivor_camp	no blocking entry rails; terminal readable; city identity visible; radio subtitle appears; character clips animate; production plaza readable; survivor route clear
153	shreveport_la	Shreveport	spawn_pad > language_stations > mission_terminal > landmark > animation_stage > production_plaza > survivor_camp	no blocking entry rails; terminal readable; city identity visible; radio subtitle appears; character clips animate; production plaza readable; survivor route clear
154	garden_grove_ca	Garden Grove	spawn_pad > language_stations > mission_terminal > landmark > animation_stage > production_plaza > survivor_camp	no blocking entry rails; terminal readable; city identity visible; radio subtitle appears; character clips animate; production plaza readable; survivor route clear
155	oceanside_ca	Oceanside	spawn_pad > language_stations > mission_terminal > landmark > animation_stage > production_plaza > survivor_camp	no blocking entry rails; terminal readable; city identity visible; radio subtitle appears; character clips animate; production plaza readable; survivor route clear
156	fort_collins_co	Fort Collins	spawn_pad > language_stations > mission_terminal > landmark > animation_stage > production_plaza > survivor_camp	no blocking entry rails; terminal readable; city identity visible; radio subtitle appears; character clips animate; production plaza readable; survivor route clear
157	springfield_mo	Springfield	spawn_pad > language_stations > mission_terminal > landmark > animation_stage > production_plaza > survivor_camp	no blocking entry rails; terminal readable; city identity visible; radio subtitle appears; character clips animate; production plaza readable; survivor route clear
158	murfreesboro_tn	Murfreesboro	spawn_pad > language_stations > mission_terminal > landmark > animation_stage > production_plaza > survivor_camp	no blocking entry rails; terminal readable; city identity visible; radio subtitle appears; character clips animate; production plaza readable; survivor route clear
159	surprise_az	Surprise	spawn_pad > language_stations > mission_terminal > landmark > animation_stage > production_plaza > survivor_camp	no blocking entry rails; terminal readable; city identity visible; radio subtitle appears; character clips animate; production plaza readable; survivor route clear
160	lancaster_ca	Lancaster	spawn_pad > language_stations > mission_terminal > landmark > animation_stage > production_plaza > survivor_camp	no blocking entry rails; terminal readable; city identity visible; radio subtitle appears; character clips animate; production plaza readable; survivor route clear
161	denton_tx	Denton	spawn_pad > language_stations > mission_terminal > landmark > animation_stage > production_plaza > survivor_camp	no blocking entry rails; terminal readable; city identity visible; radio subtitle appears; character clips animate; production plaza readable; survivor route clear
162	roseville_ca	Roseville	spawn_pad > language_stations > mission_terminal > landmark > animation_stage > production_plaza > survivor_camp	no blocking entry rails; terminal readable; city identity visible; radio subtitle appears; character clips animate; production plaza readable; survivor route clear
163	palmdale_ca	Palmdale	spawn_pad > language_stations > mission_terminal > landmark > animation_stage > production_plaza > survivor_camp	no blocking entry rails; terminal readable; city identity visible; radio subtitle appears; character clips animate; production plaza readable; survivor route clear
164	corona_ca	Corona	spawn_pad > language_stations > mission_terminal > landmark > animation_stage > production_plaza > survivor_camp	no blocking entry rails; terminal readable; city identity visible; radio subtitle appears; character clips animate; production plaza readable; survivor route clear
165	salinas_ca	Salinas	spawn_pad > language_stations > mission_terminal > landmark > animation_stage > production_plaza > survivor_camp	no blocking entry rails; terminal readable; city identity visible; radio subtitle appears; character clips animate; production plaza readable; survivor route clear
166	killeen_tx	Killeen	spawn_pad > language_stations > mission_terminal > landmark > animation_stage > production_plaza > survivor_camp	no blocking entry rails; terminal readable; city identity visible; radio subtitle appears; character clips animate; production plaza readable; survivor route clear
167	paterson_nj	Paterson	spawn_pad > language_stations > mission_terminal > landmark > animation_stage > production_plaza > survivor_camp	no blocking entry rails; terminal readable; city identity visible; radio subtitle appears; character clips animate; production plaza readable; survivor route clear
168	alexandria_va	Alexandria	spawn_pad > language_stations > mission_terminal > landmark > animation_stage > production_plaza > survivor_camp	no blocking entry rails; terminal readable; city identity visible; radio subtitle appears; character clips animate; production plaza readable; survivor route clear
169	hollywood_fl	Hollywood	spawn_pad > language_stations > mission_terminal > landmark > animation_stage > production_plaza > survivor_camp	no blocking entry rails; terminal readable; city identity visible; radio subtitle appears; character clips animate; production plaza readable; survivor route clear
170	hayward_ca	Hayward	spawn_pad > language_stations > mission_terminal > landmark > animation_stage > production_plaza > survivor_camp	no blocking entry rails; terminal readable; city identity visible; radio subtitle appears; character clips animate; production plaza readable; survivor route clear
171	charleston_sc	Charleston	spawn_pad > language_stations > mission_terminal > landmark > animation_stage > production_plaza > survivor_camp	no blocking entry rails; terminal readable; city identity visible; radio subtitle appears; character clips animate; production plaza readable; survivor route clear
172	macon_bibb_county_ga	Macon-Bibb County	spawn_pad > language_stations > mission_terminal > landmark > animation_stage > production_plaza > survivor_camp	no blocking entry rails; terminal readable; city identity visible; radio subtitle appears; character clips animate; production plaza readable; survivor route clear
173	lakewood_co	Lakewood	spawn_pad > language_stations > mission_terminal > landmark > animation_stage > production_plaza > survivor_camp	no blocking entry rails; terminal readable; city identity visible; radio subtitle appears; character clips animate; production plaza readable; survivor route clear
174	sunnyvale_ca	Sunnyvale	spawn_pad > language_stations > mission_terminal > landmark > animation_stage > production_plaza > survivor_camp	no blocking entry rails; terminal readable; city identity visible; radio subtitle appears; character clips animate; production plaza readable; survivor route clear
175	kansas_city_ks	Kansas City	spawn_pad > language_stations > mission_terminal > landmark > animation_stage > production_plaza > survivor_camp	no blocking entry rails; terminal readable; city identity visible; radio subtitle appears; character clips animate; production plaza readable; survivor route clear
176	springfield_ma	Springfield	spawn_pad > language_stations > mission_terminal > landmark > animation_stage > production_plaza > survivor_camp	no blocking entry rails; terminal readable; city identity visible; radio subtitle appears; character clips animate; production plaza readable; survivor route clear
177	bellevue_wa	Bellevue	spawn_pad > language_stations > mission_terminal > landmark > animation_stage > production_plaza > survivor_camp	no blocking entry rails; terminal readable; city identity visible; radio subtitle appears; character clips animate; production plaza readable; survivor route clear
178	naperville_il	Naperville	spawn_pad > language_stations > mission_terminal > landmark > animation_stage > production_plaza > survivor_camp	no blocking entry rails; terminal readable; city identity visible; radio subtitle appears; character clips animate; production plaza readable; survivor route clear
179	joliet_il	Joliet	spawn_pad > language_stations > mission_terminal > landmark > animation_stage > production_plaza > survivor_camp	no blocking entry rails; terminal readable; city identity visible; radio subtitle appears; character clips animate; production plaza readable; survivor route clear
180	bridgeport_ct	Bridgeport	spawn_pad > language_stations > mission_terminal > landmark > animation_stage > production_plaza > survivor_camp	no blocking entry rails; terminal readable; city identity visible; radio subtitle appears; character clips animate; production plaza readable; survivor route clear
181	mesquite_tx	Mesquite	spawn_pad > language_stations > mission_terminal > landmark > animation_stage > production_plaza > survivor_camp	no blocking entry rails; terminal readable; city identity visible; radio subtitle appears; character clips animate; production plaza readable; survivor route clear
182	pasadena_tx	Pasadena	spawn_pad > language_stations > mission_terminal > landmark > animation_stage > production_plaza > survivor_camp	no blocking entry rails; terminal readable; city identity visible; radio subtitle appears; character clips animate; production plaza readable; survivor route clear
183	olathe_ks	Olathe	spawn_pad > language_stations > mission_terminal > landmark > animation_stage > production_plaza > survivor_camp	no blocking entry rails; terminal readable; city identity visible; radio subtitle appears; character clips animate; production plaza readable; survivor route clear
184	escondido_ca	Escondido	spawn_pad > language_stations > mission_terminal > landmark > animation_stage > production_plaza > survivor_camp	no blocking entry rails; terminal readable; city identity visible; radio subtitle appears; character clips animate; production plaza readable; survivor route clear
185	savannah_ga	Savannah	spawn_pad > language_stations > mission_terminal > landmark > animation_stage > production_plaza > survivor_camp	no blocking entry rails; terminal readable; city identity visible; radio subtitle appears; character clips animate; production plaza readable; survivor route clear
186	mcallen_tx	McAllen	spawn_pad > language_stations > mission_terminal > landmark > animation_stage > production_plaza > survivor_camp	no blocking entry rails; terminal readable; city identity visible; radio subtitle appears; character clips animate; production plaza readable; survivor route clear
187	gainesville_fl	Gainesville	spawn_pad > language_stations > mission_terminal > landmark > animation_stage > production_plaza > survivor_camp	no blocking entry rails; terminal readable; city identity visible; radio subtitle appears; character clips animate; production plaza readable; survivor route clear
188	pomona_ca	Pomona	spawn_pad > language_stations > mission_terminal > landmark > animation_stage > production_plaza > survivor_camp	no blocking entry rails; terminal readable; city identity visible; radio subtitle appears; character clips animate; production plaza readable; survivor route clear
189	rockford_il	Rockford	spawn_pad > language_stations > mission_terminal > landmark > animation_stage > production_plaza > survivor_camp	no blocking entry rails; terminal readable; city identity visible; radio subtitle appears; character clips animate; production plaza readable; survivor route clear
190	thornton_co	Thornton	spawn_pad > language_stations > mission_terminal > landmark > animation_stage > production_plaza > survivor_camp	no blocking entry rails; terminal readable; city identity visible; radio subtitle appears; character clips animate; production plaza readable; survivor route clear
191	waco_tx	Waco	spawn_pad > language_stations > mission_terminal > landmark > animation_stage > production_plaza > survivor_camp	no blocking entry rails; terminal readable; city identity visible; radio subtitle appears; character clips animate; production plaza readable; survivor route clear
192	visalia_ca	Visalia	spawn_pad > language_stations > mission_terminal > landmark > animation_stage > production_plaza > survivor_camp	no blocking entry rails; terminal readable; city identity visible; radio subtitle appears; character clips animate; production plaza readable; survivor route clear
193	syracuse_ny	Syracuse	spawn_pad > language_stations > mission_terminal > landmark > animation_stage > production_plaza > survivor_camp	no blocking entry rails; terminal readable; city identity visible; radio subtitle appears; character clips animate; production plaza readable; survivor route clear
194	columbia_sc	Columbia	spawn_pad > language_stations > mission_terminal > landmark > animation_stage > production_plaza > survivor_camp	no blocking entry rails; terminal readable; city identity visible; radio subtitle appears; character clips animate; production plaza readable; survivor route clear
195	midland_tx	Midland	spawn_pad > language_stations > mission_terminal > landmark > animation_stage > production_plaza > survivor_camp	no blocking entry rails; terminal readable; city identity visible; radio subtitle appears; character clips animate; production plaza readable; survivor route clear
196	miramar_fl	Miramar	spawn_pad > language_stations > mission_terminal > landmark > animation_stage > production_plaza > survivor_camp	no blocking entry rails; terminal readable; city identity visible; radio subtitle appears; character clips animate; production plaza readable; survivor route clear
197	palm_bay_fl	Palm Bay	spawn_pad > language_stations > mission_terminal > landmark > animation_stage > production_plaza > survivor_camp	no blocking entry rails; terminal readable; city identity visible; radio subtitle appears; character clips animate; production plaza readable; survivor route clear
198	jackson_ms	Jackson	spawn_pad > language_stations > mission_terminal > landmark > animation_stage > production_plaza > survivor_camp	no blocking entry rails; terminal readable; city identity visible; radio subtitle appears; character clips animate; production plaza readable; survivor route clear
199	coral_springs_fl	Coral Springs	spawn_pad > language_stations > mission_terminal > landmark > animation_stage > production_plaza > survivor_camp	no blocking entry rails; terminal readable; city identity visible; radio subtitle appears; character clips animate; production plaza readable; survivor route clear
200	victorville_ca	Victorville	spawn_pad > language_stations > mission_terminal > landmark > animation_stage > production_plaza > survivor_camp	no blocking entry rails; terminal readable; city identity visible; radio subtitle appears; character clips animate; production plaza readable; survivor route clear
201	elizabeth_nj	Elizabeth	spawn_pad > language_stations > mission_terminal > landmark > animation_stage > production_plaza > survivor_camp	no blocking entry rails; terminal readable; city identity visible; radio subtitle appears; character clips animate; production plaza readable; survivor route clear
202	fullerton_ca	Fullerton	spawn_pad > language_stations > mission_terminal > landmark > animation_stage > production_plaza > survivor_camp	no blocking entry rails; terminal readable; city identity visible; radio subtitle appears; character clips animate; production plaza readable; survivor route clear
203	meridian_id	Meridian	spawn_pad > language_stations > mission_terminal > landmark > animation_stage > production_plaza > survivor_camp	no blocking entry rails; terminal readable; city identity visible; radio subtitle appears; character clips animate; production plaza readable; survivor route clear
204	torrance_ca	Torrance	spawn_pad > language_stations > mission_terminal > landmark > animation_stage > production_plaza > survivor_camp	no blocking entry rails; terminal readable; city identity visible; radio subtitle appears; character clips animate; production plaza readable; survivor route clear
205	stamford_ct	Stamford	spawn_pad > language_stations > mission_terminal > landmark > animation_stage > production_plaza > survivor_camp	no blocking entry rails; terminal readable; city identity visible; radio subtitle appears; character clips animate; production plaza readable; survivor route clear
206	west_valley_city_ut	West Valley City	spawn_pad > language_stations > mission_terminal > landmark > animation_stage > production_plaza > survivor_camp	no blocking entry rails; terminal readable; city identity visible; radio subtitle appears; character clips animate; production plaza readable; survivor route clear
207	orange_ca	Orange	spawn_pad > language_stations > mission_terminal > landmark > animation_stage > production_plaza > survivor_camp	no blocking entry rails; terminal readable; city identity visible; radio subtitle appears; character clips animate; production plaza readable; survivor route clear
208	cedar_rapids_ia	Cedar Rapids	spawn_pad > language_stations > mission_terminal > landmark > animation_stage > production_plaza > survivor_camp	no blocking entry rails; terminal readable; city identity visible; radio subtitle appears; character clips animate; production plaza readable; survivor route clear
209	warren_mi	Warren	spawn_pad > language_stations > mission_terminal > landmark > animation_stage > production_plaza > survivor_camp	no blocking entry rails; terminal readable; city identity visible; radio subtitle appears; character clips animate; production plaza readable; survivor route clear
210	hampton_va	Hampton	spawn_pad > language_stations > mission_terminal > landmark > animation_stage > production_plaza > survivor_camp	no blocking entry rails; terminal readable; city identity visible; radio subtitle appears; character clips animate; production plaza readable; survivor route clear
211	new_haven_ct	New Haven	spawn_pad > language_stations > mission_terminal > landmark > animation_stage > production_plaza > survivor_camp	no blocking entry rails; terminal readable; city identity visible; radio subtitle appears; character clips animate; production plaza readable; survivor route clear
212	pasadena_ca	Pasadena	spawn_pad > language_stations > mission_terminal > landmark > animation_stage > production_plaza > survivor_camp	no blocking entry rails; terminal readable; city identity visible; radio subtitle appears; character clips animate; production plaza readable; survivor route clear
213	kent_wa	Kent	spawn_pad > language_stations > mission_terminal > landmark > animation_stage > production_plaza > survivor_camp	no blocking entry rails; terminal readable; city identity visible; radio subtitle appears; character clips animate; production plaza readable; survivor route clear
214	dayton_oh	Dayton	spawn_pad > language_stations > mission_terminal > landmark > animation_stage > production_plaza > survivor_camp	no blocking entry rails; terminal readable; city identity visible; radio subtitle appears; character clips animate; production plaza readable; survivor route clear
215	fargo_nd	Fargo	spawn_pad > language_stations > mission_terminal > landmark > animation_stage > production_plaza > survivor_camp	no blocking entry rails; terminal readable; city identity visible; radio subtitle appears; character clips animate; production plaza readable; survivor route clear
216	lewisville_tx	Lewisville	spawn_pad > language_stations > mission_terminal > landmark > animation_stage > production_plaza > survivor_camp	no blocking entry rails; terminal readable; city identity visible; radio subtitle appears; character clips animate; production plaza readable; survivor route clear
217	carrollton_tx	Carrollton	spawn_pad > language_stations > mission_terminal > landmark > animation_stage > production_plaza > survivor_camp	no blocking entry rails; terminal readable; city identity visible; radio subtitle appears; character clips animate; production plaza readable; survivor route clear
218	round_rock_tx	Round Rock	spawn_pad > language_stations > mission_terminal > landmark > animation_stage > production_plaza > survivor_camp	no blocking entry rails; terminal readable; city identity visible; radio subtitle appears; character clips animate; production plaza readable; survivor route clear
219	sterling_heights_mi	Sterling Heights	spawn_pad > language_stations > mission_terminal > landmark > animation_stage > production_plaza > survivor_camp	no blocking entry rails; terminal readable; city identity visible; radio subtitle appears; character clips animate; production plaza readable; survivor route clear
220	santa_clara_ca	Santa Clara	spawn_pad > language_stations > mission_terminal > landmark > animation_stage > production_plaza > survivor_camp	no blocking entry rails; terminal readable; city identity visible; radio subtitle appears; character clips animate; production plaza readable; survivor route clear
221	norman_ok	Norman	spawn_pad > language_stations > mission_terminal > landmark > animation_stage > production_plaza > survivor_camp	no blocking entry rails; terminal readable; city identity visible; radio subtitle appears; character clips animate; production plaza readable; survivor route clear
222	columbia_mo	Columbia	spawn_pad > language_stations > mission_terminal > landmark > animation_stage > production_plaza > survivor_camp	no blocking entry rails; terminal readable; city identity visible; radio subtitle appears; character clips animate; production plaza readable; survivor route clear
223	abilene_tx	Abilene	spawn_pad > language_stations > mission_terminal > landmark > animation_stage > production_plaza > survivor_camp	no blocking entry rails; terminal readable; city identity visible; radio subtitle appears; character clips animate; production plaza readable; survivor route clear
224	pearland_tx	Pearland	spawn_pad > language_stations > mission_terminal > landmark > animation_stage > production_plaza > survivor_camp	no blocking entry rails; terminal readable; city identity visible; radio subtitle appears; character clips animate; production plaza readable; survivor route clear
225	athens_clarke_county_ga	Athens-Clarke County	spawn_pad > language_stations > mission_terminal > landmark > animation_stage > production_plaza > survivor_camp	no blocking entry rails; terminal readable; city identity visible; radio subtitle appears; character clips animate; production plaza readable; survivor route clear
226	college_station_tx	College Station	spawn_pad > language_stations > mission_terminal > landmark > animation_stage > production_plaza > survivor_camp	no blocking entry rails; terminal readable; city identity visible; radio subtitle appears; character clips animate; production plaza readable; survivor route clear
227	clovis_ca	Clovis	spawn_pad > language_stations > mission_terminal > landmark > animation_stage > production_plaza > survivor_camp	no blocking entry rails; terminal readable; city identity visible; radio subtitle appears; character clips animate; production plaza readable; survivor route clear
228	west_palm_beach_fl	West Palm Beach	spawn_pad > language_stations > mission_terminal > landmark > animation_stage > production_plaza > survivor_camp	no blocking entry rails; terminal readable; city identity visible; radio subtitle appears; character clips animate; production plaza readable; survivor route clear
229	allentown_pa	Allentown	spawn_pad > language_stations > mission_terminal > landmark > animation_stage > production_plaza > survivor_camp	no blocking entry rails; terminal readable; city identity visible; radio subtitle appears; character clips animate; production plaza readable; survivor route clear
230	north_charleston_sc	North Charleston	spawn_pad > language_stations > mission_terminal > landmark > animation_stage > production_plaza > survivor_camp	no blocking entry rails; terminal readable; city identity visible; radio subtitle appears; character clips animate; production plaza readable; survivor route clear
231	simi_valley_ca	Simi Valley	spawn_pad > language_stations > mission_terminal > landmark > animation_stage > production_plaza > survivor_camp	no blocking entry rails; terminal readable; city identity visible; radio subtitle appears; character clips animate; production plaza readable; survivor route clear
232	topeka_ks	Topeka	spawn_pad > language_stations > mission_terminal > landmark > animation_stage > production_plaza > survivor_camp	no blocking entry rails; terminal readable; city identity visible; radio subtitle appears; character clips animate; production plaza readable; survivor route clear
233	wilmington_nc	Wilmington	spawn_pad > language_stations > mission_terminal > landmark > animation_stage > production_plaza > survivor_camp	no blocking entry rails; terminal readable; city identity visible; radio subtitle appears; character clips animate; production plaza readable; survivor route clear
234	lakeland_fl	Lakeland	spawn_pad > language_stations > mission_terminal > landmark > animation_stage > production_plaza > survivor_camp	no blocking entry rails; terminal readable; city identity visible; radio subtitle appears; character clips animate; production plaza readable; survivor route clear
235	thousand_oaks_ca	Thousand Oaks	spawn_pad > language_stations > mission_terminal > landmark > animation_stage > production_plaza > survivor_camp	no blocking entry rails; terminal readable; city identity visible; radio subtitle appears; character clips animate; production plaza readable; survivor route clear
236	concord_ca	Concord	spawn_pad > language_stations > mission_terminal > landmark > animation_stage > production_plaza > survivor_camp	no blocking entry rails; terminal readable; city identity visible; radio subtitle appears; character clips animate; production plaza readable; survivor route clear
237	rochester_mn	Rochester	spawn_pad > language_stations > mission_terminal > landmark > animation_stage > production_plaza > survivor_camp	no blocking entry rails; terminal readable; city identity visible; radio subtitle appears; character clips animate; production plaza readable; survivor route clear
238	vallejo_ca	Vallejo	spawn_pad > language_stations > mission_terminal > landmark > animation_stage > production_plaza > survivor_camp	no blocking entry rails; terminal readable; city identity visible; radio subtitle appears; character clips animate; production plaza readable; survivor route clear
239	ann_arbor_mi	Ann Arbor	spawn_pad > language_stations > mission_terminal > landmark > animation_stage > production_plaza > survivor_camp	no blocking entry rails; terminal readable; city identity visible; radio subtitle appears; character clips animate; production plaza readable; survivor route clear
240	broken_arrow_ok	Broken Arrow	spawn_pad > language_stations > mission_terminal > landmark > animation_stage > production_plaza > survivor_camp	no blocking entry rails; terminal readable; city identity visible; radio subtitle appears; character clips animate; production plaza readable; survivor route clear
241	fairfield_ca	Fairfield	spawn_pad > language_stations > mission_terminal > landmark > animation_stage > production_plaza > survivor_camp	no blocking entry rails; terminal readable; city identity visible; radio subtitle appears; character clips animate; production plaza readable; survivor route clear
242	lafayette_la	Lafayette	spawn_pad > language_stations > mission_terminal > landmark > animation_stage > production_plaza > survivor_camp	no blocking entry rails; terminal readable; city identity visible; radio subtitle appears; character clips animate; production plaza readable; survivor route clear
243	hartford_ct	Hartford	spawn_pad > language_stations > mission_terminal > landmark > animation_stage > production_plaza > survivor_camp	no blocking entry rails; terminal readable; city identity visible; radio subtitle appears; character clips animate; production plaza readable; survivor route clear
244	arvada_co	Arvada	spawn_pad > language_stations > mission_terminal > landmark > animation_stage > production_plaza > survivor_camp	no blocking entry rails; terminal readable; city identity visible; radio subtitle appears; character clips animate; production plaza readable; survivor route clear
245	berkeley_ca	Berkeley	spawn_pad > language_stations > mission_terminal > landmark > animation_stage > production_plaza > survivor_camp	no blocking entry rails; terminal readable; city identity visible; radio subtitle appears; character clips animate; production plaza readable; survivor route clear
246	independence_mo	Independence	spawn_pad > language_stations > mission_terminal > landmark > animation_stage > production_plaza > survivor_camp	no blocking entry rails; terminal readable; city identity visible; radio subtitle appears; character clips animate; production plaza readable; survivor route clear
247	billings_mt	Billings	spawn_pad > language_stations > mission_terminal > landmark > animation_stage > production_plaza > survivor_camp	no blocking entry rails; terminal readable; city identity visible; radio subtitle appears; character clips animate; production plaza readable; survivor route clear
248	cambridge_ma	Cambridge	spawn_pad > language_stations > mission_terminal > landmark > animation_stage > production_plaza > survivor_camp	no blocking entry rails; terminal readable; city identity visible; radio subtitle appears; character clips animate; production plaza readable; survivor route clear
249	lowell_ma	Lowell	spawn_pad > language_stations > mission_terminal > landmark > animation_stage > production_plaza > survivor_camp	no blocking entry rails; terminal readable; city identity visible; radio subtitle appears; character clips animate; production plaza readable; survivor route clear
250	odessa_tx	Odessa	spawn_pad > language_stations > mission_terminal > landmark > animation_stage > production_plaza > survivor_camp	no blocking entry rails; terminal readable; city identity visible; radio subtitle appears; character clips animate; production plaza readable; survivor route clear
251	high_point_nc	High Point	spawn_pad > language_stations > mission_terminal > landmark > animation_stage > production_plaza > survivor_camp	no blocking entry rails; terminal readable; city identity visible; radio subtitle appears; character clips animate; production plaza readable; survivor route clear
252	league_city_tx	League City	spawn_pad > language_stations > mission_terminal > landmark > animation_stage > production_plaza > survivor_camp	no blocking entry rails; terminal readable; city identity visible; radio subtitle appears; character clips animate; production plaza readable; survivor route clear
253	antioch_ca	Antioch	spawn_pad > language_stations > mission_terminal > landmark > animation_stage > production_plaza > survivor_camp	no blocking entry rails; terminal readable; city identity visible; radio subtitle appears; character clips animate; production plaza readable; survivor route clear
254	richardson_tx	Richardson	spawn_pad > language_stations > mission_terminal > landmark > animation_stage > production_plaza > survivor_camp	no blocking entry rails; terminal readable; city identity visible; radio subtitle appears; character clips animate; production plaza readable; survivor route clear
255	goodyear_az	Goodyear	spawn_pad > language_stations > mission_terminal > landmark > animation_stage > production_plaza > survivor_camp	no blocking entry rails; terminal readable; city identity visible; radio subtitle appears; character clips animate; production plaza readable; survivor route clear
256	pompano_beach_fl	Pompano Beach	spawn_pad > language_stations > mission_terminal > landmark > animation_stage > production_plaza > survivor_camp	no blocking entry rails; terminal readable; city identity visible; radio subtitle appears; character clips animate; production plaza readable; survivor route clear
257	nampa_id	Nampa	spawn_pad > language_stations > mission_terminal > landmark > animation_stage > production_plaza > survivor_camp	no blocking entry rails; terminal readable; city identity visible; radio subtitle appears; character clips animate; production plaza readable; survivor route clear
258	menifee_ca	Menifee	spawn_pad > language_stations > mission_terminal > landmark > animation_stage > production_plaza > survivor_camp	no blocking entry rails; terminal readable; city identity visible; radio subtitle appears; character clips animate; production plaza readable; survivor route clear
259	las_cruces_nm	Las Cruces	spawn_pad > language_stations > mission_terminal > landmark > animation_stage > production_plaza > survivor_camp	no blocking entry rails; terminal readable; city identity visible; radio subtitle appears; character clips animate; production plaza readable; survivor route clear
260	clearwater_fl	Clearwater	spawn_pad > language_stations > mission_terminal > landmark > animation_stage > production_plaza > survivor_camp	no blocking entry rails; terminal readable; city identity visible; radio subtitle appears; character clips animate; production plaza readable; survivor route clear
261	west_jordan_ut	West Jordan	spawn_pad > language_stations > mission_terminal > landmark > animation_stage > production_plaza > survivor_camp	no blocking entry rails; terminal readable; city identity visible; radio subtitle appears; character clips animate; production plaza readable; survivor route clear
262	new_braunfels_tx	New Braunfels	spawn_pad > language_stations > mission_terminal > landmark > animation_stage > production_plaza > survivor_camp	no blocking entry rails; terminal readable; city identity visible; radio subtitle appears; character clips animate; production plaza readable; survivor route clear
263	manchester_nh	Manchester	spawn_pad > language_stations > mission_terminal > landmark > animation_stage > production_plaza > survivor_camp	no blocking entry rails; terminal readable; city identity visible; radio subtitle appears; character clips animate; production plaza readable; survivor route clear
264	miami_gardens_fl	Miami Gardens	spawn_pad > language_stations > mission_terminal > landmark > animation_stage > production_plaza > survivor_camp	no blocking entry rails; terminal readable; city identity visible; radio subtitle appears; character clips animate; production plaza readable; survivor route clear
265	waterbury_ct	Waterbury	spawn_pad > language_stations > mission_terminal > landmark > animation_stage > production_plaza > survivor_camp	no blocking entry rails; terminal readable; city identity visible; radio subtitle appears; character clips animate; production plaza readable; survivor route clear
266	provo_ut	Provo	spawn_pad > language_stations > mission_terminal > landmark > animation_stage > production_plaza > survivor_camp	no blocking entry rails; terminal readable; city identity visible; radio subtitle appears; character clips animate; production plaza readable; survivor route clear
267	evansville_in	Evansville	spawn_pad > language_stations > mission_terminal > landmark > animation_stage > production_plaza > survivor_camp	no blocking entry rails; terminal readable; city identity visible; radio subtitle appears; character clips animate; production plaza readable; survivor route clear
268	richmond_ca	Richmond	spawn_pad > language_stations > mission_terminal > landmark > animation_stage > production_plaza > survivor_camp	no blocking entry rails; terminal readable; city identity visible; radio subtitle appears; character clips animate; production plaza readable; survivor route clear
269	westminster_co	Westminster	spawn_pad > language_stations > mission_terminal > landmark > animation_stage > production_plaza > survivor_camp	no blocking entry rails; terminal readable; city identity visible; radio subtitle appears; character clips animate; production plaza readable; survivor route clear
270	elgin_il	Elgin	spawn_pad > language_stations > mission_terminal > landmark > animation_stage > production_plaza > survivor_camp	no blocking entry rails; terminal readable; city identity visible; radio subtitle appears; character clips animate; production plaza readable; survivor route clear
271	conroe_tx	Conroe	spawn_pad > language_stations > mission_terminal > landmark > animation_stage > production_plaza > survivor_camp	no blocking entry rails; terminal readable; city identity visible; radio subtitle appears; character clips animate; production plaza readable; survivor route clear
272	greeley_co	Greeley	spawn_pad > language_stations > mission_terminal > landmark > animation_stage > production_plaza > survivor_camp	no blocking entry rails; terminal readable; city identity visible; radio subtitle appears; character clips animate; production plaza readable; survivor route clear
273	lansing_mi	Lansing	spawn_pad > language_stations > mission_terminal > landmark > animation_stage > production_plaza > survivor_camp	no blocking entry rails; terminal readable; city identity visible; radio subtitle appears; character clips animate; production plaza readable; survivor route clear
274	buckeye_az	Buckeye	spawn_pad > language_stations > mission_terminal > landmark > animation_stage > production_plaza > survivor_camp	no blocking entry rails; terminal readable; city identity visible; radio subtitle appears; character clips animate; production plaza readable; survivor route clear
275	tuscaloosa_al	Tuscaloosa	spawn_pad > language_stations > mission_terminal > landmark > animation_stage > production_plaza > survivor_camp	no blocking entry rails; terminal readable; city identity visible; radio subtitle appears; character clips animate; production plaza readable; survivor route clear
276	allen_tx	Allen	spawn_pad > language_stations > mission_terminal > landmark > animation_stage > production_plaza > survivor_camp	no blocking entry rails; terminal readable; city identity visible; radio subtitle appears; character clips animate; production plaza readable; survivor route clear
277	carlsbad_ca	Carlsbad	spawn_pad > language_stations > mission_terminal > landmark > animation_stage > production_plaza > survivor_camp	no blocking entry rails; terminal readable; city identity visible; radio subtitle appears; character clips animate; production plaza readable; survivor route clear
278	everett_wa	Everett	spawn_pad > language_stations > mission_terminal > landmark > animation_stage > production_plaza > survivor_camp	no blocking entry rails; terminal readable; city identity visible; radio subtitle appears; character clips animate; production plaza readable; survivor route clear
279	springfield_il	Springfield	spawn_pad > language_stations > mission_terminal > landmark > animation_stage > production_plaza > survivor_camp	no blocking entry rails; terminal readable; city identity visible; radio subtitle appears; character clips animate; production plaza readable; survivor route clear
280	beaumont_tx	Beaumont	spawn_pad > language_stations > mission_terminal > landmark > animation_stage > production_plaza > survivor_camp	no blocking entry rails; terminal readable; city identity visible; radio subtitle appears; character clips animate; production plaza readable; survivor route clear
281	murrieta_ca	Murrieta	spawn_pad > language_stations > mission_terminal > landmark > animation_stage > production_plaza > survivor_camp	no blocking entry rails; terminal readable; city identity visible; radio subtitle appears; character clips animate; production plaza readable; survivor route clear
282	rio_rancho_nm	Rio Rancho	spawn_pad > language_stations > mission_terminal > landmark > animation_stage > production_plaza > survivor_camp	no blocking entry rails; terminal readable; city identity visible; radio subtitle appears; character clips animate; production plaza readable; survivor route clear
283	temecula_ca	Temecula	spawn_pad > language_stations > mission_terminal > landmark > animation_stage > production_plaza > survivor_camp	no blocking entry rails; terminal readable; city identity visible; radio subtitle appears; character clips animate; production plaza readable; survivor route clear
284	concord_nc	Concord	spawn_pad > language_stations > mission_terminal > landmark > animation_stage > production_plaza > survivor_camp	no blocking entry rails; terminal readable; city identity visible; radio subtitle appears; character clips animate; production plaza readable; survivor route clear
285	tyler_tx	Tyler	spawn_pad > language_stations > mission_terminal > landmark > animation_stage > production_plaza > survivor_camp	no blocking entry rails; terminal readable; city identity visible; radio subtitle appears; character clips animate; production plaza readable; survivor route clear
286	davie_fl	Davie	spawn_pad > language_stations > mission_terminal > landmark > animation_stage > production_plaza > survivor_camp	no blocking entry rails; terminal readable; city identity visible; radio subtitle appears; character clips animate; production plaza readable; survivor route clear
287	south_fulton_ga	South Fulton	spawn_pad > language_stations > mission_terminal > landmark > animation_stage > production_plaza > survivor_camp	no blocking entry rails; terminal readable; city identity visible; radio subtitle appears; character clips animate; production plaza readable; survivor route clear
288	peoria_il	Peoria	spawn_pad > language_stations > mission_terminal > landmark > animation_stage > production_plaza > survivor_camp	no blocking entry rails; terminal readable; city identity visible; radio subtitle appears; character clips animate; production plaza readable; survivor route clear
289	sparks_nv	Sparks	spawn_pad > language_stations > mission_terminal > landmark > animation_stage > production_plaza > survivor_camp	no blocking entry rails; terminal readable; city identity visible; radio subtitle appears; character clips animate; production plaza readable; survivor route clear
290	gresham_or	Gresham	spawn_pad > language_stations > mission_terminal > landmark > animation_stage > production_plaza > survivor_camp	no blocking entry rails; terminal readable; city identity visible; radio subtitle appears; character clips animate; production plaza readable; survivor route clear
291	santa_maria_ca	Santa Maria	spawn_pad > language_stations > mission_terminal > landmark > animation_stage > production_plaza > survivor_camp	no blocking entry rails; terminal readable; city identity visible; radio subtitle appears; character clips animate; production plaza readable; survivor route clear
292	pueblo_co	Pueblo	spawn_pad > language_stations > mission_terminal > landmark > animation_stage > production_plaza > survivor_camp	no blocking entry rails; terminal readable; city identity visible; radio subtitle appears; character clips animate; production plaza readable; survivor route clear
293	hillsboro_or	Hillsboro	spawn_pad > language_stations > mission_terminal > landmark > animation_stage > production_plaza > survivor_camp	no blocking entry rails; terminal readable; city identity visible; radio subtitle appears; character clips animate; production plaza readable; survivor route clear
294	sugar_land_tx	Sugar Land	spawn_pad > language_stations > mission_terminal > landmark > animation_stage > production_plaza > survivor_camp	no blocking entry rails; terminal readable; city identity visible; radio subtitle appears; character clips animate; production plaza readable; survivor route clear
295	san_buenaventura_ventura_ca	San Buenaventura (Ventura)	spawn_pad > language_stations > mission_terminal > landmark > animation_stage > production_plaza > survivor_camp	no blocking entry rails; terminal readable; city identity visible; radio subtitle appears; character clips animate; production plaza readable; survivor route clear
296	downey_ca	Downey	spawn_pad > language_stations > mission_terminal > landmark > animation_stage > production_plaza > survivor_camp	no blocking entry rails; terminal readable; city identity visible; radio subtitle appears; character clips animate; production plaza readable; survivor route clear
297	costa_mesa_ca	Costa Mesa	spawn_pad > language_stations > mission_terminal > landmark > animation_stage > production_plaza > survivor_camp	no blocking entry rails; terminal readable; city identity visible; radio subtitle appears; character clips animate; production plaza readable; survivor route clear
298	centennial_co	Centennial	spawn_pad > language_stations > mission_terminal > landmark > animation_stage > production_plaza > survivor_camp	no blocking entry rails; terminal readable; city identity visible; radio subtitle appears; character clips animate; production plaza readable; survivor route clear
299	edinburg_tx	Edinburg	spawn_pad > language_stations > mission_terminal > landmark > animation_stage > production_plaza > survivor_camp	no blocking entry rails; terminal readable; city identity visible; radio subtitle appears; character clips animate; production plaza readable; survivor route clear
300	spokane_valley_wa	Spokane Valley	spawn_pad > language_stations > mission_terminal > landmark > animation_stage > production_plaza > survivor_camp	no blocking entry rails; terminal readable; city identity visible; radio subtitle appears; character clips animate; production plaza readable; survivor route clear
301	jurupa_valley_ca	Jurupa Valley	spawn_pad > language_stations > mission_terminal > landmark > animation_stage > production_plaza > survivor_camp	no blocking entry rails; terminal readable; city identity visible; radio subtitle appears; character clips animate; production plaza readable; survivor route clear
302	bend_or	Bend	spawn_pad > language_stations > mission_terminal > landmark > animation_stage > production_plaza > survivor_camp	no blocking entry rails; terminal readable; city identity visible; radio subtitle appears; character clips animate; production plaza readable; survivor route clear
303	west_covina_ca	West Covina	spawn_pad > language_stations > mission_terminal > landmark > animation_stage > production_plaza > survivor_camp	no blocking entry rails; terminal readable; city identity visible; radio subtitle appears; character clips animate; production plaza readable; survivor route clear
304	boulder_co	Boulder	spawn_pad > language_stations > mission_terminal > landmark > animation_stage > production_plaza > survivor_camp	no blocking entry rails; terminal readable; city identity visible; radio subtitle appears; character clips animate; production plaza readable; survivor route clear
305	palm_coast_fl	Palm Coast	spawn_pad > language_stations > mission_terminal > landmark > animation_stage > production_plaza > survivor_camp	no blocking entry rails; terminal readable; city identity visible; radio subtitle appears; character clips animate; production plaza readable; survivor route clear
306	lee_s_summit_mo	Lee's Summit	spawn_pad > language_stations > mission_terminal > landmark > animation_stage > production_plaza > survivor_camp	no blocking entry rails; terminal readable; city identity visible; radio subtitle appears; character clips animate; production plaza readable; survivor route clear
307	dearborn_mi	Dearborn	spawn_pad > language_stations > mission_terminal > landmark > animation_stage > production_plaza > survivor_camp	no blocking entry rails; terminal readable; city identity visible; radio subtitle appears; character clips animate; production plaza readable; survivor route clear
308	green_bay_wi	Green Bay	spawn_pad > language_stations > mission_terminal > landmark > animation_stage > production_plaza > survivor_camp	no blocking entry rails; terminal readable; city identity visible; radio subtitle appears; character clips animate; production plaza readable; survivor route clear
309	st_george_ut	St. George	spawn_pad > language_stations > mission_terminal > landmark > animation_stage > production_plaza > survivor_camp	no blocking entry rails; terminal readable; city identity visible; radio subtitle appears; character clips animate; production plaza readable; survivor route clear
310	brockton_ma	Brockton	spawn_pad > language_stations > mission_terminal > landmark > animation_stage > production_plaza > survivor_camp	no blocking entry rails; terminal readable; city identity visible; radio subtitle appears; character clips animate; production plaza readable; survivor route clear
311	renton_wa	Renton	spawn_pad > language_stations > mission_terminal > landmark > animation_stage > production_plaza > survivor_camp	no blocking entry rails; terminal readable; city identity visible; radio subtitle appears; character clips animate; production plaza readable; survivor route clear
312	sandy_springs_ga	Sandy Springs	spawn_pad > language_stations > mission_terminal > landmark > animation_stage > production_plaza > survivor_camp	no blocking entry rails; terminal readable; city identity visible; radio subtitle appears; character clips animate; production plaza readable; survivor route clear
313	rialto_ca	Rialto	spawn_pad > language_stations > mission_terminal > landmark > animation_stage > production_plaza > survivor_camp	no blocking entry rails; terminal readable; city identity visible; radio subtitle appears; character clips animate; production plaza readable; survivor route clear
314	el_monte_ca	El Monte	spawn_pad > language_stations > mission_terminal > landmark > animation_stage > production_plaza > survivor_camp	no blocking entry rails; terminal readable; city identity visible; radio subtitle appears; character clips animate; production plaza readable; survivor route clear
315	vacaville_ca	Vacaville	spawn_pad > language_stations > mission_terminal > landmark > animation_stage > production_plaza > survivor_camp	no blocking entry rails; terminal readable; city identity visible; radio subtitle appears; character clips animate; production plaza readable; survivor route clear
316	fishers_in	Fishers	spawn_pad > language_stations > mission_terminal > landmark > animation_stage > production_plaza > survivor_camp	no blocking entry rails; terminal readable; city identity visible; radio subtitle appears; character clips animate; production plaza readable; survivor route clear
317	south_bend_in	South Bend	spawn_pad > language_stations > mission_terminal > landmark > animation_stage > production_plaza > survivor_camp	no blocking entry rails; terminal readable; city identity visible; radio subtitle appears; character clips animate; production plaza readable; survivor route clear
318	carmel_in	Carmel	spawn_pad > language_stations > mission_terminal > landmark > animation_stage > production_plaza > survivor_camp	no blocking entry rails; terminal readable; city identity visible; radio subtitle appears; character clips animate; production plaza readable; survivor route clear
319	yuma_az	Yuma	spawn_pad > language_stations > mission_terminal > landmark > animation_stage > production_plaza > survivor_camp	no blocking entry rails; terminal readable; city identity visible; radio subtitle appears; character clips animate; production plaza readable; survivor route clear
320	burbank_ca	Burbank	spawn_pad > language_stations > mission_terminal > landmark > animation_stage > production_plaza > survivor_camp	no blocking entry rails; terminal readable; city identity visible; radio subtitle appears; character clips animate; production plaza readable; survivor route clear
321	lynn_ma	Lynn	spawn_pad > language_stations > mission_terminal > landmark > animation_stage > production_plaza > survivor_camp	no blocking entry rails; terminal readable; city identity visible; radio subtitle appears; character clips animate; production plaza readable; survivor route clear
322	quincy_ma	Quincy	spawn_pad > language_stations > mission_terminal > landmark > animation_stage > production_plaza > survivor_camp	no blocking entry rails; terminal readable; city identity visible; radio subtitle appears; character clips animate; production plaza readable; survivor route clear
323	el_cajon_ca	El Cajon	spawn_pad > language_stations > mission_terminal > landmark > animation_stage > production_plaza > survivor_camp	no blocking entry rails; terminal readable; city identity visible; radio subtitle appears; character clips animate; production plaza readable; survivor route clear
324	fayetteville_ar	Fayetteville	spawn_pad > language_stations > mission_terminal > landmark > animation_stage > production_plaza > survivor_camp	no blocking entry rails; terminal readable; city identity visible; radio subtitle appears; character clips animate; production plaza readable; survivor route clear
325	suffolk_va	Suffolk	spawn_pad > language_stations > mission_terminal > landmark > animation_stage > production_plaza > survivor_camp	no blocking entry rails; terminal readable; city identity visible; radio subtitle appears; character clips animate; production plaza readable; survivor route clear
326	san_mateo_ca	San Mateo	spawn_pad > language_stations > mission_terminal > landmark > animation_stage > production_plaza > survivor_camp	no blocking entry rails; terminal readable; city identity visible; radio subtitle appears; character clips animate; production plaza readable; survivor route clear
327	chico_ca	Chico	spawn_pad > language_stations > mission_terminal > landmark > animation_stage > production_plaza > survivor_camp	no blocking entry rails; terminal readable; city identity visible; radio subtitle appears; character clips animate; production plaza readable; survivor route clear
328	inglewood_ca	Inglewood	spawn_pad > language_stations > mission_terminal > landmark > animation_stage > production_plaza > survivor_camp	no blocking entry rails; terminal readable; city identity visible; radio subtitle appears; character clips animate; production plaza readable; survivor route clear
329	wichita_falls_tx	Wichita Falls	spawn_pad > language_stations > mission_terminal > landmark > animation_stage > production_plaza > survivor_camp	no blocking entry rails; terminal readable; city identity visible; radio subtitle appears; character clips animate; production plaza readable; survivor route clear
330	boca_raton_fl	Boca Raton	spawn_pad > language_stations > mission_terminal > landmark > animation_stage > production_plaza > survivor_camp	no blocking entry rails; terminal readable; city identity visible; radio subtitle appears; character clips animate; production plaza readable; survivor route clear
331	hesperia_ca	Hesperia	spawn_pad > language_stations > mission_terminal > landmark > animation_stage > production_plaza > survivor_camp	no blocking entry rails; terminal readable; city identity visible; radio subtitle appears; character clips animate; production plaza readable; survivor route clear
332	daly_city_ca	Daly City	spawn_pad > language_stations > mission_terminal > landmark > animation_stage > production_plaza > survivor_camp	no blocking entry rails; terminal readable; city identity visible; radio subtitle appears; character clips animate; production plaza readable; survivor route clear
333	georgetown_tx	Georgetown	spawn_pad > language_stations > mission_terminal > landmark > animation_stage > production_plaza > survivor_camp	no blocking entry rails; terminal readable; city identity visible; radio subtitle appears; character clips animate; production plaza readable; survivor route clear
334	new_bedford_ma	New Bedford	spawn_pad > language_stations > mission_terminal > landmark > animation_stage > production_plaza > survivor_camp	no blocking entry rails; terminal readable; city identity visible; radio subtitle appears; character clips animate; production plaza readable; survivor route clear
335	albany_ny	Albany	spawn_pad > language_stations > mission_terminal > landmark > animation_stage > production_plaza > survivor_camp	no blocking entry rails; terminal readable; city identity visible; radio subtitle appears; character clips animate; production plaza readable; survivor route clear
336	davenport_ia	Davenport	spawn_pad > language_stations > mission_terminal > landmark > animation_stage > production_plaza > survivor_camp	no blocking entry rails; terminal readable; city identity visible; radio subtitle appears; character clips animate; production plaza readable; survivor route clear
337	plantation_fl	Plantation	spawn_pad > language_stations > mission_terminal > landmark > animation_stage > production_plaza > survivor_camp	no blocking entry rails; terminal readable; city identity visible; radio subtitle appears; character clips animate; production plaza readable; survivor route clear
338	deltona_fl	Deltona	spawn_pad > language_stations > mission_terminal > landmark > animation_stage > production_plaza > survivor_camp	no blocking entry rails; terminal readable; city identity visible; radio subtitle appears; character clips animate; production plaza readable; survivor route clear
339	federal_way_wa	Federal Way	spawn_pad > language_stations > mission_terminal > landmark > animation_stage > production_plaza > survivor_camp	no blocking entry rails; terminal readable; city identity visible; radio subtitle appears; character clips animate; production plaza readable; survivor route clear
340	san_angelo_tx	San Angelo	spawn_pad > language_stations > mission_terminal > landmark > animation_stage > production_plaza > survivor_camp	no blocking entry rails; terminal readable; city identity visible; radio subtitle appears; character clips animate; production plaza readable; survivor route clear
341	tracy_ca	Tracy	spawn_pad > language_stations > mission_terminal > landmark > animation_stage > production_plaza > survivor_camp	no blocking entry rails; terminal readable; city identity visible; radio subtitle appears; character clips animate; production plaza readable; survivor route clear
342	sunrise_fl	Sunrise	spawn_pad > language_stations > mission_terminal > landmark > animation_stage > production_plaza > survivor_camp	no blocking entry rails; terminal readable; city identity visible; radio subtitle appears; character clips animate; production plaza readable; survivor route clear
343	tokyo_jp	Tokyo	spawn_pad > language_stations > mission_terminal > landmark > animation_stage > production_plaza > survivor_camp	no blocking entry rails; terminal readable; city identity visible; radio subtitle appears; character clips animate; production plaza readable; survivor route clear
344	delhi_in	Delhi	spawn_pad > language_stations > mission_terminal > landmark > animation_stage > production_plaza > survivor_camp	no blocking entry rails; terminal readable; city identity visible; radio subtitle appears; character clips animate; production plaza readable; survivor route clear
345	shanghai_cn	Shanghai	spawn_pad > language_stations > mission_terminal > landmark > animation_stage > production_plaza > survivor_camp	no blocking entry rails; terminal readable; city identity visible; radio subtitle appears; character clips animate; production plaza readable; survivor route clear
346	sao_paulo_br	Sao Paulo	spawn_pad > language_stations > mission_terminal > landmark > animation_stage > production_plaza > survivor_camp	no blocking entry rails; terminal readable; city identity visible; radio subtitle appears; character clips animate; production plaza readable; survivor route clear
347	mexico_city_mx	Mexico City	spawn_pad > language_stations > mission_terminal > landmark > animation_stage > production_plaza > survivor_camp	no blocking entry rails; terminal readable; city identity visible; radio subtitle appears; character clips animate; production plaza readable; survivor route clear
348	cairo_eg	Cairo	spawn_pad > language_stations > mission_terminal > landmark > animation_stage > production_plaza > survivor_camp	no blocking entry rails; terminal readable; city identity visible; radio subtitle appears; character clips animate; production plaza readable; survivor route clear
349	mumbai_in	Mumbai	spawn_pad > language_stations > mission_terminal > landmark > animation_stage > production_plaza > survivor_camp	no blocking entry rails; terminal readable; city identity visible; radio subtitle appears; character clips animate; production plaza readable; survivor route clear
350	beijing_cn	Beijing	spawn_pad > language_stations > mission_terminal > landmark > animation_stage > production_plaza > survivor_camp	no blocking entry rails; terminal readable; city identity visible; radio subtitle appears; character clips animate; production plaza readable; survivor route clear
351	dhaka_bd	Dhaka	spawn_pad > language_stations > mission_terminal > landmark > animation_stage > production_plaza > survivor_camp	no blocking entry rails; terminal readable; city identity visible; radio subtitle appears; character clips animate; production plaza readable; survivor route clear
352	osaka_jp	Osaka	spawn_pad > language_stations > mission_terminal > landmark > animation_stage > production_plaza > survivor_camp	no blocking entry rails; terminal readable; city identity visible; radio subtitle appears; character clips animate; production plaza readable; survivor route clear
353	karachi_pk	Karachi	spawn_pad > language_stations > mission_terminal > landmark > animation_stage > production_plaza > survivor_camp	no blocking entry rails; terminal readable; city identity visible; radio subtitle appears; character clips animate; production plaza readable; survivor route clear
354	buenos_aires_ar	Buenos Aires	spawn_pad > language_stations > mission_terminal > landmark > animation_stage > production_plaza > survivor_camp	no blocking entry rails; terminal readable; city identity visible; radio subtitle appears; character clips animate; production plaza readable; survivor route clear
355	istanbul_tr	Istanbul	spawn_pad > language_stations > mission_terminal > landmark > animation_stage > production_plaza > survivor_camp	no blocking entry rails; terminal readable; city identity visible; radio subtitle appears; character clips animate; production plaza readable; survivor route clear
356	kolkata_in	Kolkata	spawn_pad > language_stations > mission_terminal > landmark > animation_stage > production_plaza > survivor_camp	no blocking entry rails; terminal readable; city identity visible; radio subtitle appears; character clips animate; production plaza readable; survivor route clear
357	manila_ph	Manila	spawn_pad > language_stations > mission_terminal > landmark > animation_stage > production_plaza > survivor_camp	no blocking entry rails; terminal readable; city identity visible; radio subtitle appears; character clips animate; production plaza readable; survivor route clear
358	lagos_ng	Lagos	spawn_pad > language_stations > mission_terminal > landmark > animation_stage > production_plaza > survivor_camp	no blocking entry rails; terminal readable; city identity visible; radio subtitle appears; character clips animate; production plaza readable; survivor route clear
359	rio_de_janeiro_br	Rio de Janeiro	spawn_pad > language_stations > mission_terminal > landmark > animation_stage > production_plaza > survivor_camp	no blocking entry rails; terminal readable; city identity visible; radio subtitle appears; character clips animate; production plaza readable; survivor route clear
360	tianjin_cn	Tianjin	spawn_pad > language_stations > mission_terminal > landmark > animation_stage > production_plaza > survivor_camp	no blocking entry rails; terminal readable; city identity visible; radio subtitle appears; character clips animate; production plaza readable; survivor route clear
361	kinshasa_cd	Kinshasa	spawn_pad > language_stations > mission_terminal > landmark > animation_stage > production_plaza > survivor_camp	no blocking entry rails; terminal readable; city identity visible; radio subtitle appears; character clips animate; production plaza readable; survivor route clear
362	guangzhou_cn	Guangzhou	spawn_pad > language_stations > mission_terminal > landmark > animation_stage > production_plaza > survivor_camp	no blocking entry rails; terminal readable; city identity visible; radio subtitle appears; character clips animate; production plaza readable; survivor route clear
363	shenzhen_cn	Shenzhen	spawn_pad > language_stations > mission_terminal > landmark > animation_stage > production_plaza > survivor_camp	no blocking entry rails; terminal readable; city identity visible; radio subtitle appears; character clips animate; production plaza readable; survivor route clear
364	lahore_pk	Lahore	spawn_pad > language_stations > mission_terminal > landmark > animation_stage > production_plaza > survivor_camp	no blocking entry rails; terminal readable; city identity visible; radio subtitle appears; character clips animate; production plaza readable; survivor route clear
365	bangalore_in	Bangalore	spawn_pad > language_stations > mission_terminal > landmark > animation_stage > production_plaza > survivor_camp	no blocking entry rails; terminal readable; city identity visible; radio subtitle appears; character clips animate; production plaza readable; survivor route clear
366	paris_fr	Paris	spawn_pad > language_stations > mission_terminal > landmark > animation_stage > production_plaza > survivor_camp	no blocking entry rails; terminal readable; city identity visible; radio subtitle appears; character clips animate; production plaza readable; survivor route clear
367	bogota_co	Bogota	spawn_pad > language_stations > mission_terminal > landmark > animation_stage > production_plaza > survivor_camp	no blocking entry rails; terminal readable; city identity visible; radio subtitle appears; character clips animate; production plaza readable; survivor route clear
368	jakarta_id	Jakarta	spawn_pad > language_stations > mission_terminal > landmark > animation_stage > production_plaza > survivor_camp	no blocking entry rails; terminal readable; city identity visible; radio subtitle appears; character clips animate; production plaza readable; survivor route clear
369	chennai_in	Chennai	spawn_pad > language_stations > mission_terminal > landmark > animation_stage > production_plaza > survivor_camp	no blocking entry rails; terminal readable; city identity visible; radio subtitle appears; character clips animate; production plaza readable; survivor route clear
370	lima_pe	Lima	spawn_pad > language_stations > mission_terminal > landmark > animation_stage > production_plaza > survivor_camp	no blocking entry rails; terminal readable; city identity visible; radio subtitle appears; character clips animate; production plaza readable; survivor route clear
371	bangkok_th	Bangkok	spawn_pad > language_stations > mission_terminal > landmark > animation_stage > production_plaza > survivor_camp	no blocking entry rails; terminal readable; city identity visible; radio subtitle appears; character clips animate; production plaza readable; survivor route clear
372	seoul_kr	Seoul	spawn_pad > language_stations > mission_terminal > landmark > animation_stage > production_plaza > survivor_camp	no blocking entry rails; terminal readable; city identity visible; radio subtitle appears; character clips animate; production plaza readable; survivor route clear
373	nagoya_jp	Nagoya	spawn_pad > language_stations > mission_terminal > landmark > animation_stage > production_plaza > survivor_camp	no blocking entry rails; terminal readable; city identity visible; radio subtitle appears; character clips animate; production plaza readable; survivor route clear
374	hyderabad_in	Hyderabad	spawn_pad > language_stations > mission_terminal > landmark > animation_stage > production_plaza > survivor_camp	no blocking entry rails; terminal readable; city identity visible; radio subtitle appears; character clips animate; production plaza readable; survivor route clear
375	london_gb	London	spawn_pad > language_stations > mission_terminal > landmark > animation_stage > production_plaza > survivor_camp	no blocking entry rails; terminal readable; city identity visible; radio subtitle appears; character clips animate; production plaza readable; survivor route clear
376	tehran_ir	Tehran	spawn_pad > language_stations > mission_terminal > landmark > animation_stage > production_plaza > survivor_camp	no blocking entry rails; terminal readable; city identity visible; radio subtitle appears; character clips animate; production plaza readable; survivor route clear
377	chengdu_cn	Chengdu	spawn_pad > language_stations > mission_terminal > landmark > animation_stage > production_plaza > survivor_camp	no blocking entry rails; terminal readable; city identity visible; radio subtitle appears; character clips animate; production plaza readable; survivor route clear
378	nanjing_cn	Nanjing	spawn_pad > language_stations > mission_terminal > landmark > animation_stage > production_plaza > survivor_camp	no blocking entry rails; terminal readable; city identity visible; radio subtitle appears; character clips animate; production plaza readable; survivor route clear
379	wuhan_cn	Wuhan	spawn_pad > language_stations > mission_terminal > landmark > animation_stage > production_plaza > survivor_camp	no blocking entry rails; terminal readable; city identity visible; radio subtitle appears; character clips animate; production plaza readable; survivor route clear
380	ho_chi_minh_city_vn	Ho Chi Minh City	spawn_pad > language_stations > mission_terminal > landmark > animation_stage > production_plaza > survivor_camp	no blocking entry rails; terminal readable; city identity visible; radio subtitle appears; character clips animate; production plaza readable; survivor route clear
381	luanda_ao	Luanda	spawn_pad > language_stations > mission_terminal > landmark > animation_stage > production_plaza > survivor_camp	no blocking entry rails; terminal readable; city identity visible; radio subtitle appears; character clips animate; production plaza readable; survivor route clear
382	ahmedabad_in	Ahmedabad	spawn_pad > language_stations > mission_terminal > landmark > animation_stage > production_plaza > survivor_camp	no blocking entry rails; terminal readable; city identity visible; radio subtitle appears; character clips animate; production plaza readable; survivor route clear
383	kuala_lumpur_my	Kuala Lumpur	spawn_pad > language_stations > mission_terminal > landmark > animation_stage > production_plaza > survivor_camp	no blocking entry rails; terminal readable; city identity visible; radio subtitle appears; character clips animate; production plaza readable; survivor route clear
384	xi_an_cn	Xi'an	spawn_pad > language_stations > mission_terminal > landmark > animation_stage > production_plaza > survivor_camp	no blocking entry rails; terminal readable; city identity visible; radio subtitle appears; character clips animate; production plaza readable; survivor route clear
385	hong_kong_hk	Hong Kong	spawn_pad > language_stations > mission_terminal > landmark > animation_stage > production_plaza > survivor_camp	no blocking entry rails; terminal readable; city identity visible; radio subtitle appears; character clips animate; production plaza readable; survivor route clear
386	hangzhou_cn	Hangzhou	spawn_pad > language_stations > mission_terminal > landmark > animation_stage > production_plaza > survivor_camp	no blocking entry rails; terminal readable; city identity visible; radio subtitle appears; character clips animate; production plaza readable; survivor route clear
387	foshan_cn	Foshan	spawn_pad > language_stations > mission_terminal > landmark > animation_stage > production_plaza > survivor_camp	no blocking entry rails; terminal readable; city identity visible; radio subtitle appears; character clips animate; production plaza readable; survivor route clear
388	shenyang_cn	Shenyang	spawn_pad > language_stations > mission_terminal > landmark > animation_stage > production_plaza > survivor_camp	no blocking entry rails; terminal readable; city identity visible; radio subtitle appears; character clips animate; production plaza readable; survivor route clear
389	riyadh_sa	Riyadh	spawn_pad > language_stations > mission_terminal > landmark > animation_stage > production_plaza > survivor_camp	no blocking entry rails; terminal readable; city identity visible; radio subtitle appears; character clips animate; production plaza readable; survivor route clear
390	baghdad_iq	Baghdad	spawn_pad > language_stations > mission_terminal > landmark > animation_stage > production_plaza > survivor_camp	no blocking entry rails; terminal readable; city identity visible; radio subtitle appears; character clips animate; production plaza readable; survivor route clear
391	santiago_cl	Santiago	spawn_pad > language_stations > mission_terminal > landmark > animation_stage > production_plaza > survivor_camp	no blocking entry rails; terminal readable; city identity visible; radio subtitle appears; character clips animate; production plaza readable; survivor route clear
392	surat_in	Surat	spawn_pad > language_stations > mission_terminal > landmark > animation_stage > production_plaza > survivor_camp	no blocking entry rails; terminal readable; city identity visible; radio subtitle appears; character clips animate; production plaza readable; survivor route clear
393	madrid_es	Madrid	spawn_pad > language_stations > mission_terminal > landmark > animation_stage > production_plaza > survivor_camp	no blocking entry rails; terminal readable; city identity visible; radio subtitle appears; character clips animate; production plaza readable; survivor route clear
394	toronto_ca_on	Toronto	spawn_pad > language_stations > mission_terminal > landmark > animation_stage > production_plaza > survivor_camp	no blocking entry rails; terminal readable; city identity visible; radio subtitle appears; character clips animate; production plaza readable; survivor route clear
395	belo_horizonte_br	Belo Horizonte	spawn_pad > language_stations > mission_terminal > landmark > animation_stage > production_plaza > survivor_camp	no blocking entry rails; terminal readable; city identity visible; radio subtitle appears; character clips animate; production plaza readable; survivor route clear
396	singapore_sg	Singapore	spawn_pad > language_stations > mission_terminal > landmark > animation_stage > production_plaza > survivor_camp	no blocking entry rails; terminal readable; city identity visible; radio subtitle appears; character clips animate; production plaza readable; survivor route clear
397	barcelona_es	Barcelona	spawn_pad > language_stations > mission_terminal > landmark > animation_stage > production_plaza > survivor_camp	no blocking entry rails; terminal readable; city identity visible; radio subtitle appears; character clips animate; production plaza readable; survivor route clear
398	alexandria_eg	Alexandria	spawn_pad > language_stations > mission_terminal > landmark > animation_stage > production_plaza > survivor_camp	no blocking entry rails; terminal readable; city identity visible; radio subtitle appears; character clips animate; production plaza readable; survivor route clear
399	casablanca_ma	Casablanca	spawn_pad > language_stations > mission_terminal > landmark > animation_stage > production_plaza > survivor_camp	no blocking entry rails; terminal readable; city identity visible; radio subtitle appears; character clips animate; production plaza readable; survivor route clear
400	melbourne_au	Melbourne	spawn_pad > language_stations > mission_terminal > landmark > animation_stage > production_plaza > survivor_camp	no blocking entry rails; terminal readable; city identity visible; radio subtitle appears; character clips animate; production plaza readable; survivor route clear
401	sydney_au	Sydney	spawn_pad > language_stations > mission_terminal > landmark > animation_stage > production_plaza > survivor_camp	no blocking entry rails; terminal readable; city identity visible; radio subtitle appears; character clips animate; production plaza readable; survivor route clear
402	berlin_de	Berlin	spawn_pad > language_stations > mission_terminal > landmark > animation_stage > production_plaza > survivor_camp	no blocking entry rails; terminal readable; city identity visible; radio subtitle appears; character clips animate; production plaza readable; survivor route clear
403	rome_it	Rome	spawn_pad > language_stations > mission_terminal > landmark > animation_stage > production_plaza > survivor_camp	no blocking entry rails; terminal readable; city identity visible; radio subtitle appears; character clips animate; production plaza readable; survivor route clear
404	dubai_ae	Dubai	spawn_pad > language_stations > mission_terminal > landmark > animation_stage > production_plaza > survivor_camp	no blocking entry rails; terminal readable; city identity visible; radio subtitle appears; character clips animate; production plaza readable; survivor route clear
405	abu_dhabi_ae	Abu Dhabi	spawn_pad > language_stations > mission_terminal > landmark > animation_stage > production_plaza > survivor_camp	no blocking entry rails; terminal readable; city identity visible; radio subtitle appears; character clips animate; production plaza readable; survivor route clear
406	nairobi_ke	Nairobi	spawn_pad > language_stations > mission_terminal > landmark > animation_stage > production_plaza > survivor_camp	no blocking entry rails; terminal readable; city identity visible; radio subtitle appears; character clips animate; production plaza readable; survivor route clear
407	johannesburg_za	Johannesburg	spawn_pad > language_stations > mission_terminal > landmark > animation_stage > production_plaza > survivor_camp	no blocking entry rails; terminal readable; city identity visible; radio subtitle appears; character clips animate; production plaza readable; survivor route clear
408	cape_town_za	Cape Town	spawn_pad > language_stations > mission_terminal > landmark > animation_stage > production_plaza > survivor_camp	no blocking entry rails; terminal readable; city identity visible; radio subtitle appears; character clips animate; production plaza readable; survivor route clear
409	addis_ababa_et	Addis Ababa	spawn_pad > language_stations > mission_terminal > landmark > animation_stage > production_plaza > survivor_camp	no blocking entry rails; terminal readable; city identity visible; radio subtitle appears; character clips animate; production plaza readable; survivor route clear
410	dar_es_salaam_tz	Dar es Salaam	spawn_pad > language_stations > mission_terminal > landmark > animation_stage > production_plaza > survivor_camp	no blocking entry rails; terminal readable; city identity visible; radio subtitle appears; character clips animate; production plaza readable; survivor route clear
411	accra_gh	Accra	spawn_pad > language_stations > mission_terminal > landmark > animation_stage > production_plaza > survivor_camp	no blocking entry rails; terminal readable; city identity visible; radio subtitle appears; character clips animate; production plaza readable; survivor route clear
412	abidjan_ci	Abidjan	spawn_pad > language_stations > mission_terminal > landmark > animation_stage > production_plaza > survivor_camp	no blocking entry rails; terminal readable; city identity visible; radio subtitle appears; character clips animate; production plaza readable; survivor route clear
413	algiers_dz	Algiers	spawn_pad > language_stations > mission_terminal > landmark > animation_stage > production_plaza > survivor_camp	no blocking entry rails; terminal readable; city identity visible; radio subtitle appears; character clips animate; production plaza readable; survivor route clear
414	tunis_tn	Tunis	spawn_pad > language_stations > mission_terminal > landmark > animation_stage > production_plaza > survivor_camp	no blocking entry rails; terminal readable; city identity visible; radio subtitle appears; character clips animate; production plaza readable; survivor route clear
415	rabat_ma	Rabat	spawn_pad > language_stations > mission_terminal > landmark > animation_stage > production_plaza > survivor_camp	no blocking entry rails; terminal readable; city identity visible; radio subtitle appears; character clips animate; production plaza readable; survivor route clear
416	montreal_ca_qc	Montreal	spawn_pad > language_stations > mission_terminal > landmark > animation_stage > production_plaza > survivor_camp	no blocking entry rails; terminal readable; city identity visible; radio subtitle appears; character clips animate; production plaza readable; survivor route clear
417	vancouver_ca_bc	Vancouver	spawn_pad > language_stations > mission_terminal > landmark > animation_stage > production_plaza > survivor_camp	no blocking entry rails; terminal readable; city identity visible; radio subtitle appears; character clips animate; production plaza readable; survivor route clear
418	calgary_ca_ab	Calgary	spawn_pad > language_stations > mission_terminal > landmark > animation_stage > production_plaza > survivor_camp	no blocking entry rails; terminal readable; city identity visible; radio subtitle appears; character clips animate; production plaza readable; survivor route clear
419	ottawa_ca_on	Ottawa	spawn_pad > language_stations > mission_terminal > landmark > animation_stage > production_plaza > survivor_camp	no blocking entry rails; terminal readable; city identity visible; radio subtitle appears; character clips animate; production plaza readable; survivor route clear
420	havana_cu	Havana	spawn_pad > language_stations > mission_terminal > landmark > animation_stage > production_plaza > survivor_camp	no blocking entry rails; terminal readable; city identity visible; radio subtitle appears; character clips animate; production plaza readable; survivor route clear
421	santo_domingo_do	Santo Domingo	spawn_pad > language_stations > mission_terminal > landmark > animation_stage > production_plaza > survivor_camp	no blocking entry rails; terminal readable; city identity visible; radio subtitle appears; character clips animate; production plaza readable; survivor route clear
422	guatemala_city_gt	Guatemala City	spawn_pad > language_stations > mission_terminal > landmark > animation_stage > production_plaza > survivor_camp	no blocking entry rails; terminal readable; city identity visible; radio subtitle appears; character clips animate; production plaza readable; survivor route clear
423	san_salvador_sv	San Salvador	spawn_pad > language_stations > mission_terminal > landmark > animation_stage > production_plaza > survivor_camp	no blocking entry rails; terminal readable; city identity visible; radio subtitle appears; character clips animate; production plaza readable; survivor route clear
424	panama_city_pa	Panama City	spawn_pad > language_stations > mission_terminal > landmark > animation_stage > production_plaza > survivor_camp	no blocking entry rails; terminal readable; city identity visible; radio subtitle appears; character clips animate; production plaza readable; survivor route clear
425	quito_ec	Quito	spawn_pad > language_stations > mission_terminal > landmark > animation_stage > production_plaza > survivor_camp	no blocking entry rails; terminal readable; city identity visible; radio subtitle appears; character clips animate; production plaza readable; survivor route clear
426	caracas_ve	Caracas	spawn_pad > language_stations > mission_terminal > landmark > animation_stage > production_plaza > survivor_camp	no blocking entry rails; terminal readable; city identity visible; radio subtitle appears; character clips animate; production plaza readable; survivor route clear
427	medellin_co	Medellin	spawn_pad > language_stations > mission_terminal > landmark > animation_stage > production_plaza > survivor_camp	no blocking entry rails; terminal readable; city identity visible; radio subtitle appears; character clips animate; production plaza readable; survivor route clear
428	montevideo_uy	Montevideo	spawn_pad > language_stations > mission_terminal > landmark > animation_stage > production_plaza > survivor_camp	no blocking entry rails; terminal readable; city identity visible; radio subtitle appears; character clips animate; production plaza readable; survivor route clear
429	la_paz_bo	La Paz	spawn_pad > language_stations > mission_terminal > landmark > animation_stage > production_plaza > survivor_camp	no blocking entry rails; terminal readable; city identity visible; radio subtitle appears; character clips animate; production plaza readable; survivor route clear
430	asuncion_py	Asuncion	spawn_pad > language_stations > mission_terminal > landmark > animation_stage > production_plaza > survivor_camp	no blocking entry rails; terminal readable; city identity visible; radio subtitle appears; character clips animate; production plaza readable; survivor route clear
431	brasilia_br	Brasilia	spawn_pad > language_stations > mission_terminal > landmark > animation_stage > production_plaza > survivor_camp	no blocking entry rails; terminal readable; city identity visible; radio subtitle appears; character clips animate; production plaza readable; survivor route clear
432	recife_br	Recife	spawn_pad > language_stations > mission_terminal > landmark > animation_stage > production_plaza > survivor_camp	no blocking entry rails; terminal readable; city identity visible; radio subtitle appears; character clips animate; production plaza readable; survivor route clear
433	salvador_br	Salvador	spawn_pad > language_stations > mission_terminal > landmark > animation_stage > production_plaza > survivor_camp	no blocking entry rails; terminal readable; city identity visible; radio subtitle appears; character clips animate; production plaza readable; survivor route clear
434	fortaleza_br	Fortaleza	spawn_pad > language_stations > mission_terminal > landmark > animation_stage > production_plaza > survivor_camp	no blocking entry rails; terminal readable; city identity visible; radio subtitle appears; character clips animate; production plaza readable; survivor route clear
435	manaus_br	Manaus	spawn_pad > language_stations > mission_terminal > landmark > animation_stage > production_plaza > survivor_camp	no blocking entry rails; terminal readable; city identity visible; radio subtitle appears; character clips animate; production plaza readable; survivor route clear
436	curitiba_br	Curitiba	spawn_pad > language_stations > mission_terminal > landmark > animation_stage > production_plaza > survivor_camp	no blocking entry rails; terminal readable; city identity visible; radio subtitle appears; character clips animate; production plaza readable; survivor route clear
437	porto_alegre_br	Porto Alegre	spawn_pad > language_stations > mission_terminal > landmark > animation_stage > production_plaza > survivor_camp	no blocking entry rails; terminal readable; city identity visible; radio subtitle appears; character clips animate; production plaza readable; survivor route clear
438	yokohama_jp	Yokohama	spawn_pad > language_stations > mission_terminal > landmark > animation_stage > production_plaza > survivor_camp	no blocking entry rails; terminal readable; city identity visible; radio subtitle appears; character clips animate; production plaza readable; survivor route clear
439	fukuoka_jp	Fukuoka	spawn_pad > language_stations > mission_terminal > landmark > animation_stage > production_plaza > survivor_camp	no blocking entry rails; terminal readable; city identity visible; radio subtitle appears; character clips animate; production plaza readable; survivor route clear
440	sapporo_jp	Sapporo	spawn_pad > language_stations > mission_terminal > landmark > animation_stage > production_plaza > survivor_camp	no blocking entry rails; terminal readable; city identity visible; radio subtitle appears; character clips animate; production plaza readable; survivor route clear
441	taipei_tw	Taipei	spawn_pad > language_stations > mission_terminal > landmark > animation_stage > production_plaza > survivor_camp	no blocking entry rails; terminal readable; city identity visible; radio subtitle appears; character clips animate; production plaza readable; survivor route clear
442	kaohsiung_tw	Kaohsiung	spawn_pad > language_stations > mission_terminal > landmark > animation_stage > production_plaza > survivor_camp	no blocking entry rails; terminal readable; city identity visible; radio subtitle appears; character clips animate; production plaza readable; survivor route clear
443	quezon_city_ph	Quezon City	spawn_pad > language_stations > mission_terminal > landmark > animation_stage > production_plaza > survivor_camp	no blocking entry rails; terminal readable; city identity visible; radio subtitle appears; character clips animate; production plaza readable; survivor route clear
444	davao_city_ph	Davao City	spawn_pad > language_stations > mission_terminal > landmark > animation_stage > production_plaza > survivor_camp	no blocking entry rails; terminal readable; city identity visible; radio subtitle appears; character clips animate; production plaza readable; survivor route clear
445	hanoi_vn	Hanoi	spawn_pad > language_stations > mission_terminal > landmark > animation_stage > production_plaza > survivor_camp	no blocking entry rails; terminal readable; city identity visible; radio subtitle appears; character clips animate; production plaza readable; survivor route clear
446	phnom_penh_kh	Phnom Penh	spawn_pad > language_stations > mission_terminal > landmark > animation_stage > production_plaza > survivor_camp	no blocking entry rails; terminal readable; city identity visible; radio subtitle appears; character clips animate; production plaza readable; survivor route clear
447	yangon_mm	Yangon	spawn_pad > language_stations > mission_terminal > landmark > animation_stage > production_plaza > survivor_camp	no blocking entry rails; terminal readable; city identity visible; radio subtitle appears; character clips animate; production plaza readable; survivor route clear
448	mandalay_mm	Mandalay	spawn_pad > language_stations > mission_terminal > landmark > animation_stage > production_plaza > survivor_camp	no blocking entry rails; terminal readable; city identity visible; radio subtitle appears; character clips animate; production plaza readable; survivor route clear
449	vientiane_lao	Vientiane	spawn_pad > language_stations > mission_terminal > landmark > animation_stage > production_plaza > survivor_camp	no blocking entry rails; terminal readable; city identity visible; radio subtitle appears; character clips animate; production plaza readable; survivor route clear
450	bandung_id	Bandung	spawn_pad > language_stations > mission_terminal > landmark > animation_stage > production_plaza > survivor_camp	no blocking entry rails; terminal readable; city identity visible; radio subtitle appears; character clips animate; production plaza readable; survivor route clear
451	surabaya_id	Surabaya	spawn_pad > language_stations > mission_terminal > landmark > animation_stage > production_plaza > survivor_camp	no blocking entry rails; terminal readable; city identity visible; radio subtitle appears; character clips animate; production plaza readable; survivor route clear
452	medan_id	Medan	spawn_pad > language_stations > mission_terminal > landmark > animation_stage > production_plaza > survivor_camp	no blocking entry rails; terminal readable; city identity visible; radio subtitle appears; character clips animate; production plaza readable; survivor route clear
453	denpasar_id	Denpasar	spawn_pad > language_stations > mission_terminal > landmark > animation_stage > production_plaza > survivor_camp	no blocking entry rails; terminal readable; city identity visible; radio subtitle appears; character clips animate; production plaza readable; survivor route clear
454	auckland_nz	Auckland	spawn_pad > language_stations > mission_terminal > landmark > animation_stage > production_plaza > survivor_camp	no blocking entry rails; terminal readable; city identity visible; radio subtitle appears; character clips animate; production plaza readable; survivor route clear
455	warsaw_pl	Warsaw	spawn_pad > language_stations > mission_terminal > landmark > animation_stage > production_plaza > survivor_camp	no blocking entry rails; terminal readable; city identity visible; radio subtitle appears; character clips animate; production plaza readable; survivor route clear
456	amsterdam_nl	Amsterdam	spawn_pad > language_stations > mission_terminal > landmark > animation_stage > production_plaza > survivor_camp	no blocking entry rails; terminal readable; city identity visible; radio subtitle appears; character clips animate; production plaza readable; survivor route clear
457	lisbon_pt	Lisbon	spawn_pad > language_stations > mission_terminal > landmark > animation_stage > production_plaza > survivor_camp	no blocking entry rails; terminal readable; city identity visible; radio subtitle appears; character clips animate; production plaza readable; survivor route clear
458	rotterdam_nl	Rotterdam	spawn_pad > language_stations > mission_terminal > landmark > animation_stage > production_plaza > survivor_camp	no blocking entry rails; terminal readable; city identity visible; radio subtitle appears; character clips animate; production plaza readable; survivor route clear
459	manchester_gb	Manchester	spawn_pad > language_stations > mission_terminal > landmark > animation_stage > production_plaza > survivor_camp	no blocking entry rails; terminal readable; city identity visible; radio subtitle appears; character clips animate; production plaza readable; survivor route clear
460	birmingham_gb	Birmingham	spawn_pad > language_stations > mission_terminal > landmark > animation_stage > production_plaza > survivor_camp	no blocking entry rails; terminal readable; city identity visible; radio subtitle appears; character clips animate; production plaza readable; survivor route clear
461	saint_petersburg_ru	Saint Petersburg	spawn_pad > language_stations > mission_terminal > landmark > animation_stage > production_plaza > survivor_camp	no blocking entry rails; terminal readable; city identity visible; radio subtitle appears; character clips animate; production plaza readable; survivor route clear
462	moscow_ru	Moscow	spawn_pad > language_stations > mission_terminal > landmark > animation_stage > production_plaza > survivor_camp	no blocking entry rails; terminal readable; city identity visible; radio subtitle appears; character clips animate; production plaza readable; survivor route clear
463	kyiv_ua	Kyiv	spawn_pad > language_stations > mission_terminal > landmark > animation_stage > production_plaza > survivor_camp	no blocking entry rails; terminal readable; city identity visible; radio subtitle appears; character clips animate; production plaza readable; survivor route clear
464	prague_cz	Prague	spawn_pad > language_stations > mission_terminal > landmark > animation_stage > production_plaza > survivor_camp	no blocking entry rails; terminal readable; city identity visible; radio subtitle appears; character clips animate; production plaza readable; survivor route clear
465	vienna_at	Vienna	spawn_pad > language_stations > mission_terminal > landmark > animation_stage > production_plaza > survivor_camp	no blocking entry rails; terminal readable; city identity visible; radio subtitle appears; character clips animate; production plaza readable; survivor route clear
